run_id,arm,budget,seed,condition,corruption,severity,held_out,macro_auroc,e3_macro_auroc,auroc_AF,auroc_PR_PROL,auroc_CRBBB,auroc_IRBBB,auroc_CLBBB,auroc_LAFB,auroc_LVH,auroc_IMI,auroc_ASMI,degradation,e3_degradation
C0_b0.01_s0_lik0,C0,0.01,0,clean,clean,0,False,0.7143290760775144,0.8646812113390847,0.8186544991511036,0.8646626228988264,0.9212703841901603,0.7883337898917956,0.9433043117744611,0.9221300540881419,0.8727577630388905,0.7712717983928686,0.8797456786255157,,
C0_b0.01_s0_lik0,C0,0.01,0,lead_dropout_s1,lead_dropout,1,True,0.7092466434413733,0.8533845934911413,0.8009337860780985,0.8566543767840152,0.9066300442233278,0.766962573620052,0.945480928689884,0.9062098280336656,0.8515389470907448,0.7675672111052279,0.8784836457952546,0.005082432636141054,0.011296617847943446
C0_b0.01_s0_lik0,C0,0.01,0,lead_dropout_s2,lead_dropout,2,True,0.6958742075499549,0.8360615761008813,0.7684184802181406,0.8644842213764667,0.88266134604754,0.7453645048623476,0.91010226644555,0.8982906449343908,0.8363755841121495,0.7584706067182981,0.8603865301930476,0.01845486852755951,0.028619635238203434
C0_b0.01_s0_lik0,C0,0.01,0,lead_dropout_s3,lead_dropout,3,True,0.6962919086933675,0.8138963594162774,0.7133816947059732,0.8717838169996829,0.910067716970702,0.7032041843583072,0.8696966556108348,0.8695517718111038,0.7810498002713295,0.7532017525995147,0.853129841419047,0.018037167384146846,0.05078485192280735
C0_b0.01_s0_lik0,C0,0.01,0,limb_reversal_s1,limb_reversal,1,True,0.6916568478039627,0.8478599426307256,0.7897888048567165,0.8591718204884237,0.9009034687672748,0.752135837556499,0.9445135433941404,0.9144807053287735,0.8446026153150437,0.7588333071490776,0.8663093808205826,0.022672228273551642,0.016821268708359094
C0_b0.01_s0_lik0,C0,0.01,0,limb_reversal_s2,limb_reversal,2,True,0.6837659316014413,0.8288803843605059,0.7619295673200597,0.8202555106248017,0.869109314538419,0.7041115943021505,0.9653727888336098,0.9106666424118947,0.8248864749773893,0.7569829530797534,0.8466086131564746,0.030563144476073112,0.03580082697857878
C0_b0.01_s0_lik0,C0,0.01,0,limb_reversal_s3,limb_reversal,3,True,0.634213672860888,0.78545329913432,0.687477491382415,0.7896001823660007,0.7393069375345495,0.613203670730037,0.9757980928689884,0.911394285575687,0.7871664908049443,0.7412840371079392,0.8238485038383206,0.08011540321662636,0.07922791220476466
C0_b0.01_s0_lik0,C0,0.01,0,baseline_step_s1,baseline_step,1,True,0.7117213950782345,0.8643031271447339,0.8159470340073057,0.8623632254995243,0.9198452183526811,0.7892026777153814,0.9442457849640685,0.9222058502510369,0.8729603180584866,0.7695707915597476,0.8823872438943723,0.002607680999279882,0.000378084194350814
C0_b0.01_s0_lik0,C0,0.01,0,baseline_step_s2,baseline_step,2,True,0.711841067370965,0.8636951346948778,0.8137411894839739,0.8675120916587378,0.9152155887230514,0.7887489727434599,0.9456795881702599,0.9209476339469791,0.8697547671088333,0.7716713507390747,0.8799850296795306,0.002488008706549416,0.0009860766442069124
C0_b0.01_s0_lik0,C0,0.01,0,baseline_step_s3,baseline_step,3,True,0.7029111335040691,0.8593859990872179,0.7981362864639604,0.8526651205201397,0.909920881702598,0.7902128133132447,0.9410672332780542,0.9223786655024375,0.8666481383780525,0.7685117838848514,0.8849330687416227,0.011417942573445305,0.005295212251866799
C0_b0.01_s0_lik0,C0,0.01,0,seen_baseline_wander_s1,seen_baseline_wander,1,False,0.7141778655352654,0.864712997429026,0.8186062663991356,0.8652424278464954,0.9209248894416805,0.7885049993151623,0.9434684217799889,0.9213508695335808,0.8730969249321676,0.7709847413674388,0.8802374362455829,0.00015121054224898067,-3.178608994125476e-05
C0_b0.01_s0_lik0,C0,0.01,0,seen_baseline_wander_s2,seen_baseline_wander,2,False,0.7127314799385907,0.8647358521767942,0.822471317590163,0.8622839359340312,0.919897042564953,0.7902641761402548,0.9420950801547816,0.9215236847849814,0.8732453082604763,0.7712465839244187,0.8795955402370882,0.0015975961389237403,-5.464083770945205e-05
C0_b0.01_s0_lik0,C0,0.01,0,seen_baseline_wander_s3,seen_baseline_wander,3,False,0.7128166215176869,0.8649062531180228,0.8239504553171786,0.8589735965746907,0.9195515478164732,0.789472332557184,0.9430365533443892,0.9229638118799876,0.8722984813084114,0.771698504782021,0.8822109944818702,0.001512454559827514,-0.0002250417789381176
C0_b0.01_s0_lik0,C0,0.01,0,seen_emg_bursts_s1,seen_emg_bursts,1,False,0.7146540229499891,0.864730656374856,0.8192429387251119,0.8643107754519505,0.9213135710337204,0.788624845911519,0.9434856965174129,0.921790487278372,0.8724986810370818,0.7713086503082953,0.8800002611102407,-0.00032494687247475174,-4.944503577131165e-05
C0_b0.01_s0_lik0,C0,0.01,0,seen_emg_bursts_s2,seen_emg_bursts,2,False,0.7144487066770983,0.8648023219012863,0.818831352574986,0.8605048763082779,0.9205102957435047,0.7924171346390905,0.9439953012714206,0.9217510732736667,0.8723361659632198,0.7721193924476849,0.8807553048897245,-0.00011963059958386424,-0.00012111056220154293
C0_b0.01_s0_lik0,C0,0.01,0,seen_emg_bursts_s3,seen_emg_bursts,3,False,0.713409149132586,0.8646496751996327,0.8172943355456089,0.8589339517919441,0.9207780541735765,0.7950666004656897,0.9455068407960199,0.9211871498217273,0.870374208622249,0.7706472554051093,0.8820586801747698,0.0009199269449283731,3.1536139452059686e-05
C0_b0.01_s0_lik0,C0,0.01,0,seen_lead_scaling_s1,seen_lead_scaling,1,False,0.7140846817860501,0.8615988701035362,0.8113488449863661,0.8622393355534412,0.917858623548922,0.7869726749760306,0.9386314953012714,0.9179218511242087,0.8721595191438046,0.7701468451851032,0.8771106411126779,0.00024439429146427827,0.0030823412355485136
C0_b0.01_s0_lik0,C0,0.01,0,seen_lead_scaling_s2,seen_lead_scaling,2,False,0.7140764104288716,0.8599609589352947,0.8196706024592273,0.8546126704725658,0.9167271282476507,0.7935556773044787,0.927739773355445,0.9170486793276577,0.8605361584262888,0.7706084639151863,0.879149476909151,0.0002526656486427914,0.004720252403790037
C0_b0.01_s0_lik0,C0,0.01,0,seen_lead_scaling_s3,seen_lead_scaling,3,False,0.7014986258797355,0.8532719256415172,0.8120305345475124,0.8542162226450999,0.9073296710889995,0.7791655252705109,0.9147232587064676,0.9181856217710835,0.8605055396442569,0.7645162604227885,0.8687746966769371,0.012830450197778842,0.011409285697567495
C0_b0.01_s1_lik0,C0,0.01,1,clean,clean,0,False,0.6945489503015312,0.8656204345815941,0.9448635334670988,0.814150214081827,0.9810064262023217,0.7492209971236817,0.9816283167495854,0.8777225981711902,0.8067318925233644,0.7613217812276343,0.8739381516876424,,
C0_b0.01_s1_lik0,C0,0.01,1,lead_dropout_s1,lead_dropout,1,True,0.6901417829351773,0.8554266598692964,0.9481787312856923,0.8229464002537266,0.9776983139856275,0.7186643952883166,0.9824143173023769,0.8310382255208713,0.7938413852879108,0.7527158891882297,0.8713422807109161,0.004407167366353937,0.010193774712297654
C0_b0.01_s1_lik0,C0,0.01,1,lead_dropout_s2,lead_dropout,2,True,0.6784786932642798,0.8391136690746834,0.9476192313628646,0.8176389549635268,0.9762213239358762,0.6932483563895356,0.9651223051409619,0.7816888597831624,0.7689695131142598,0.7587789990631855,0.8427354779187775,0.0160702570372514,0.026506765506910668
C0_b0.01_s1_lik0,C0,0.01,1,lead_dropout_s3,lead_dropout,3,True,0.6778060795441747,0.8311426774553765,0.9377733189278181,0.8226044640025372,0.9834248894416805,0.7008671757293522,0.9464915008291874,0.744106090373281,0.7497927343985529,0.748761096790586,0.846462826605393,0.016742870757356476,0.03447775712621759
C0_b0.01_s1_lik0,C0,0.01,1,limb_reversal_s1,limb_reversal,1,True,0.6741226708219945,0.8485112322313901,0.9241330966712971,0.8049129797018713,0.9771800718629076,0.713660799890426,0.9751675649530127,0.8683814790560043,0.7834616181790777,0.7542442738911938,0.8354592058767212,0.02042627947953668,0.017109202350203967
C0_b0.01_s1_lik0,C0,0.01,1,limb_reversal_s2,limb_reversal,2,True,0.6443329794768511,0.8332459806480779,0.905885038843443,0.780898152553124,0.9641117330016583,0.6873031091631283,0.970598396904367,0.8724320260011157,0.7718947844437745,0.7437880277824651,0.8023025571396243,0.0502159708246801,0.032374453933516234
C0_b0.01_s1_lik0,C0,0.01,1,limb_reversal_s3,limb_reversal,3,True,0.6173726367785891,0.7966490810056723,0.856224597417297,0.7469671741198858,0.9471393034825871,0.6144706204629503,0.9667374930901051,0.8537710106963544,0.7296809051854085,0.7416040668998035,0.7132465576966596,0.07717631352294207,0.06897135357592177
C0_b0.01_s1_lik0,C0,0.01,1,baseline_step_s1,baseline_step,1,True,0.6923741299697799,0.8651095457555307,0.9435130164119978,0.8094770853155724,0.9797194582642343,0.7487073688535816,0.9812741846323936,0.880266317397948,0.8047722904733193,0.7647858612777528,0.8734703291729768,0.002174820331751315,0.000510888826063427
C0_b0.01_s1_lik0,C0,0.01,1,baseline_step_s2,baseline_step,2,True,0.6892990221290128,0.8635989175142608,0.9418248700931214,0.8108349191246431,0.9761694997236042,0.7549308313929598,0.9793826008844665,0.8778620631109171,0.8035569603557431,0.7570236841441724,0.8708048287987188,0.005249928172518348,0.002021517067333334
C0_b0.01_s1_lik0,C0,0.01,1,baseline_step_s3,baseline_step,3,True,0.6833666749929659,0.8607630325676447,0.9373681638112877,0.8087040120520138,0.9742865533443892,0.7542331529927407,0.9778969734660035,0.8715133765068277,0.8032060220078385,0.758800334382643,0.860858704545059,0.011182275308565304,0.004857402013949352
C0_b0.01_s1_lik0,C0,0.01,1,seen_baseline_wander_s1,seen_baseline_wander,1,False,0.6946449955446552,0.8656992063493462,0.9448217317487266,0.8136893434823977,0.9809632393587617,0.7500642035337626,0.9813778330569376,0.8780621649809599,0.806962711034067,0.7616049591040717,0.8737466708444304,-9.604524312400997e-05,-7.877176775206163e-05
C0_b0.01_s1_lik0,C0,0.01,1,seen_baseline_wander_s2,seen_baseline_wander,2,False,0.6958140290703316,0.866241558453548,0.94377990430622,0.8112115445607359,0.980289524599226,0.7538436515545817,0.9814037451630735,0.8794901646899027,0.8085336900813989,0.7608136127096438,0.8768081884171497,-0.0012650787688004428,-0.0006211238719538992
C0_b0.01_s1_lik0,C0,0.01,1,seen_baseline_wander_s3,seen_baseline_wander,3,False,0.6976037597953263,0.8673038448599928,0.9429245768379894,0.8163504995242625,0.9796071724709785,0.7530132858512534,0.9809805140961858,0.8797054257925245,0.8120053889056377,0.7614129412289531,0.8797347990321511,-0.0030548094937951076,-0.0016834102783986893
C0_b0.01_s1_lik0,C0,0.01,1,seen_emg_bursts_s1,seen_emg_bursts,1,False,0.6948118762878946,0.8654712005264459,0.944377990430622,0.8130153821757058,0.9808164040906577,0.7500898849472675,0.9815851299060254,0.8775740376919159,0.8063267824841726,0.7618086144261672,0.8736465785854788,-0.0002629259863634603,0.00014923405514821741
C0_b0.01_s1_lik0,C0,0.01,1,seen_emg_bursts_s2,seen_emg_bursts,2,False,0.6935595030795102,0.8650079909597745,0.9431432319802439,0.809516730098319,0.9800217661691544,0.7517506163539242,0.9819392620232172,0.877098037788935,0.8053281391317455,0.7622663540072577,0.8740077810851741,0.0009894472220209893,0.0006124436218195584
C0_b0.01_s1_lik0,C0,0.01,1,seen_emg_bursts_s3,seen_emg_bursts,3,False,0.691993786892234,0.8644374607802282,0.940117430673458,0.8058892324770061,0.9794430624654505,0.7539078550883441,0.9808509535655058,0.8775801013849476,0.803587579137775,0.764999214472329,0.8735617177572371,0.0025551634092971787,0.0011829738013658941
C0_b0.01_s1_lik0,C0,0.01,1,seen_lead_scaling_s1,seen_lead_scaling,1,False,0.6927611081681305,0.8647052724555113,0.9450082317230026,0.8111867665715191,0.9783893034825871,0.7526794274756883,0.9796244472084025,0.8747422930461569,0.8067507348507688,0.7612422586732923,0.8727239890681846,0.0017878421334006633,0.0009151621260827802
C0_b0.01_s1_lik0,C0,0.01,1,seen_lead_scaling_s2,seen_lead_scaling,2,False,0.6916400349541313,0.8613683246558002,0.942979240623553,0.8058842768791626,0.9798576561636264,0.7504323037940008,0.976419983416252,0.8661773266390163,0.8057450256255654,0.7557745981686539,0.869044510592372,0.0029089153473998985,0.004252109925793945
C0_b0.01_s1_lik0,C0,0.01,1,seen_lead_scaling_s3,seen_lead_scaling,3,False,0.6895788389533126,0.861469094940383,0.9429310078715851,0.8152057564224547,0.9683958678828082,0.7542245925215724,0.9665215588723052,0.8764007130903004,0.8062938084112149,0.7544673249582508,0.8687812244329556,0.004970111348218564,0.00415133964121106
C0_b0.01_s2_lik0,C0,0.01,2,clean,clean,0,False,0.6850466225898018,0.8605906064046382,0.8765466635797705,0.8078367824294324,0.9700369679380874,0.6650886864813039,0.9757808181315645,0.8883310291299812,0.8917814478444378,0.8131646679351483,0.8567483941720194,,
C0_b0.01_s2_lik0,C0,0.01,2,lead_dropout_s1,lead_dropout,1,True,0.6775975899846169,0.8513705771626735,0.8679322940783043,0.7973457817951156,0.9659687672747373,0.6617329817833175,0.9640944582642343,0.8812486356690679,0.881637209828158,0.7985363970852074,0.8438386686859193,0.007449032605184813,0.009220029241964744
C0_b0.01_s2_lik0,C0,0.01,2,lead_dropout_s2,lead_dropout,2,True,0.6722132976522356,0.8375011460557668,0.8773280341616505,0.7950414287979702,0.925753178551686,0.6368048897411313,0.9547574626865671,0.8844654248223338,0.8696511343081097,0.768730955802916,0.8249778056295367,0.01283332493756617,0.023089460348871493
C0_b0.01_s2_lik0,C0,0.01,2,lead_dropout_s3,lead_dropout,3,True,0.6515489872066192,0.8247426605667233,0.8538000977517106,0.7872660957817952,0.9304259950248757,0.6429085056841528,0.9201561636263129,0.8903744936816318,0.8380666829966836,0.7535363292001,0.8061495813532474,0.03349763538318251,0.03584794583791495
C0_b0.01_s2_lik0,C0,0.01,2,limb_reversal_s1,limb_reversal,1,True,0.6544023974608401,0.829858059038255,0.8415168235838865,0.7932970583571203,0.9630320619126589,0.6370231817559238,0.9595252902155886,0.8527553421135609,0.8194245553210733,0.7993451996501008,0.8028030184343828,0.0306442251289617,0.0307325473663832
C0_b0.01_s2_lik0,C0,0.01,2,limb_reversal_s2,limb_reversal,2,True,0.6387242843251631,0.8065002365462643,0.8046991562483923,0.7814829130986363,0.9590502349364289,0.6196454252842076,0.9306678413488115,0.8380721094375317,0.7928450972264094,0.7883516914059394,0.7436876599300224,0.04632233826463861,0.0540903698583739
C0_b0.01_s2_lik0,C0,0.01,2,limb_reversal_s3,limb_reversal,3,True,0.5848367756251973,0.7808039344248334,0.7150216082728815,0.8179065572470663,0.9474329740187948,0.6228598822079168,0.8818926202321725,0.7884801959785588,0.7804091611395839,0.7715530366948099,0.7016793740317162,0.10020984696460444,0.07978667197980482
C0_b0.01_s2_lik0,C0,0.01,2,baseline_step_s1,baseline_step,1,True,0.6842588197191666,0.8597355732367584,0.8715947677110665,0.8118755946717413,0.9683958678828082,0.6623536159430216,0.9756512576008846,0.8884523029906134,0.8910677946940005,0.8132713445324365,0.8549576131042526,0.0007878028706351792,0.0008550331678798262
C0_b0.01_s2_lik0,C0,0.01,2,baseline_step_s2,baseline_step,2,True,0.6804754624856049,0.8579878494457319,0.8677522251376242,0.8038673485569299,0.9681972084024324,0.65902359265854,0.9743815644002212,0.8894346212617331,0.892160649683449,0.8141829445456256,0.8528904903650321,0.004571160104196892,0.002602756958906327
C0_b0.01_s2_lik0,C0,0.01,2,baseline_step_s3,baseline_step,3,True,0.6763009413933397,0.856783025916378,0.8636331481195658,0.8038475261655567,0.9682144831398564,0.6578850499931516,0.9727663764510779,0.889116277377574,0.8869648779017185,0.8198697769683287,0.8487497171305727,0.008745681196462018,0.0038075804882602426
C0_b0.01_s2_lik0,C0,0.01,2,seen_baseline_wander_s1,seen_baseline_wander,1,False,0.6847979192338639,0.86067465310315,0.8757974481658692,0.8078466936251189,0.970779781647319,0.6639330228735789,0.9761954118297402,0.8881642775716121,0.8919156994271933,0.8140122619899646,0.8574272807979529,0.00024870335593785153,-8.404669851169722e-05
C0_b0.01_s2_lik0,C0,0.01,2,seen_baseline_wander_s2,seen_baseline_wander,2,False,0.6858018318456569,0.8607006312518736,0.8753344137469774,0.8085305661274976,0.9705206605859591,0.6634579167237364,0.9770159618573797,0.8886251182420141,0.8919887134458848,0.8141383343322143,0.8566939962051979,-0.0007552092558551493,-0.0001100248472353238
C0_b0.01_s2_lik0,C0,0.01,2,seen_baseline_wander_s3,seen_baseline_wander,3,False,0.6855500861126355,0.8597799152483874,0.8712442763800999,0.8110480098319062,0.9716348811498066,0.6544651417614027,0.9769036760641238,0.8867938829464697,0.8921983343382573,0.8147066296595853,0.8590244051038348,-0.0005034635228337025,0.0008106911562508756
C0_b0.01_s2_lik0,C0,0.01,2,seen_emg_bursts_s1,seen_emg_bursts,1,False,0.6848657144726902,0.8606211022169312,0.875594870607604,0.8079656279733587,0.9698814953012713,0.6643011231338174,0.9761435876174682,0.8885311310000241,0.8921559391015979,0.8135584015578662,0.857457743659373,0.00018090811711157784,-3.0495812292974378e-05
C0_b0.01_s2_lik0,C0,0.01,2,seen_emg_bursts_s2,seen_emg_bursts,2,False,0.6836665573703194,0.8600786907064557,0.872662319287956,0.8054333174754201,0.9699937810945274,0.6613991234077523,0.9761004007739082,0.8886918188653617,0.8926175761230027,0.8151488526447067,0.8586610266854666,0.001380065219482307,0.0005119156981825412
C0_b0.01_s2_lik0,C0,0.01,2,seen_emg_bursts_s3,seen_emg_bursts,3,False,0.6823274065902011,0.859107251815487,0.8643116221639142,0.8078070488423723,0.9706243090105031,0.6563441651828517,0.9761954118297402,0.8887645831817411,0.8934584149834188,0.8155658611613784,0.8588938499834631,0.002719215999600677,0.0014833545891512756
C0_b0.01_s2_lik0,C0,0.01,2,seen_lead_scaling_s1,seen_lead_scaling,1,False,0.6830126593847866,0.8611713354347549,0.8767235170036529,0.8099825562955915,0.9690177584300719,0.669099267223668,0.974683872305141,0.888321933590434,0.8909123454929153,0.8142799232704329,0.857520845300886,0.0020339632050151435,-0.0005807290301166335
C0_b0.01_s2_lik0,C0,0.01,2,seen_lead_scaling_s2,seen_lead_scaling,2,False,0.6836498557434536,0.8577004893910775,0.8702699747903483,0.8033965667618141,0.9658564814814814,0.663727571565539,0.9697519347705915,0.8870879720585026,0.8942686350618028,0.8095589989468109,0.8553862690828068,0.001396766846348152,0.002890117013560789
C0_b0.01_s2_lik0,C0,0.01,2,seen_lead_scaling_s3,seen_lead_scaling,3,False,0.6788826573439818,0.8533841759287644,0.8651958892833257,0.8079408499841422,0.9617364566058596,0.664472332557184,0.9635762161415147,0.8838226733609837,0.8786295033162496,0.803990480568373,0.8510931815412468,0.006163965245819969,0.007206430475873882
C0_b0.01_s3_lik0,C0,0.01,3,clean,clean,0,False,0.6947609947178083,0.8618491715125606,0.9362748881000154,0.739732001268633,0.9282148286346047,0.755273250239693,0.9540232863460475,0.9164726284896554,0.891835619535725,0.7623575140085769,0.8724585269900951,,
C0_b0.01_s3_lik0,C0,0.01,3,lead_dropout_s1,lead_dropout,1,True,0.6795487252604442,0.8474481024916105,0.9290528373720224,0.727764232477006,0.9190333056937534,0.7579312765374606,0.9241984521835268,0.8995670523175433,0.8693449464877904,0.7496416636118369,0.850499155743555,0.015212269457364092,0.014401069020950064
C0_b0.01_s3_lik0,C0,0.01,3,lead_dropout_s2,lead_dropout,2,True,0.6832363773395853,0.8335742748494597,0.923879070844266,0.6755470980019029,0.9029159756771697,0.7376044377482538,0.908262506909895,0.9012921729850348,0.8530463332830872,0.7464801571831171,0.8531407210124116,0.011524617378222968,0.0282748966631009
C0_b0.01_s3_lik0,C0,0.01,3,lead_dropout_s3,lead_dropout,3,True,0.6438663352719208,0.819162767856742,0.9068850645675773,0.6802004043767841,0.9323607656163626,0.7477742774962335,0.8752245715865119,0.8739358218729536,0.8004833056979198,0.733205709331487,0.8223949901648477,0.05089465944588745,0.04268640365581855
C0_b0.01_s3_lik0,C0,0.01,3,limb_reversal_s1,limb_reversal,1,True,0.6803593158186599,0.837458347504056,0.9228983382209189,0.7162622898826514,0.9189037451630735,0.7311584029584989,0.9458350608070757,0.8911567100827088,0.8223780901416943,0.7399437911311016,0.8485886991487805,0.01440167889914834,0.024390824008504564
C0_b0.01_s3_lik0,C0,0.01,3,limb_reversal_s2,limb_reversal,2,True,0.6745861913594541,0.8202461353970923,0.9078625816741267,0.7032092451633365,0.8787399806522941,0.7320401314888372,0.929812741846324,0.8688999248102064,0.8054600354235757,0.7181507320923936,0.8380398454227376,0.0201748033583542,0.04160303611546823
C0_b0.01_s3_lik0,C0,0.01,3,limb_reversal_s3,limb_reversal,3,True,0.6367950987626985,0.7786592767102672,0.8585140453773731,0.6613641769743102,0.8016773770038695,0.7205605396521023,0.8999360834715312,0.8278456911397318,0.7904097264094061,0.6533437294526327,0.7942821209114488,0.057965895955109814,0.08318989480229333
C0_b0.01_s3_lik0,C0,0.01,3,baseline_step_s1,baseline_step,1,True,0.6922202876492635,0.8611163052245474,0.934036888408705,0.7355643434823977,0.9311515339966833,0.7513696753869333,0.9533754836926479,0.9172942588954376,0.8914729047331927,0.7627008186943949,0.8730808397305343,0.002540707068544812,0.0007328662880131676
C0_b0.01_s3_lik0,C0,0.01,3,baseline_step_s2,baseline_step,2,True,0.689149353651168,0.8593452016335572,0.9339629315223543,0.7310497938471298,0.9305210060807076,0.7507576016983974,0.9486162935323383,0.9174519149142594,0.8904954589990957,0.7620723965576433,0.8691794175500895,0.005611641066640249,0.002503969879003365
C0_b0.01_s3_lik0,C0,0.01,3,baseline_step_s3,baseline_step,3,True,0.6822710851584426,0.8496523189325846,0.9310593198538869,0.7211039089755787,0.9257963653952459,0.7469610327352417,0.9426219596462133,0.9160057241262217,0.8762271065722038,0.755344012630509,0.8317514404581613,0.012489909559365686,0.012196852579975936
C0_b0.01_s3_lik0,C0,0.01,3,seen_baseline_wander_s1,seen_baseline_wander,1,False,0.6944600819839619,0.8621963613728242,0.936651103565365,0.7406586980653346,0.9284739496959646,0.7553588549513766,0.9541010226644554,0.9170547430206892,0.8915765375339162,0.7632031684888969,0.8726891743694187,0.0003009127338463591,-0.0003471898602636081
C0_b0.01_s3_lik0,C0,0.01,3,seen_baseline_wander_s2,seen_baseline_wander,2,False,0.6949413237561953,0.8623541490201058,0.9355835519884755,0.7382800111005392,0.9287071586511885,0.7579697986577182,0.9575300580431177,0.9164210870988867,0.8914752600241183,0.763271053596262,0.8719493620206451,-0.0001803290383870504,-0.0005049775075451901
C0_b0.01_s3_lik0,C0,0.01,3,seen_baseline_wander_s3,seen_baseline_wander,3,False,0.6975414145463638,0.8615670092727554,0.9330047075165921,0.7380272756105297,0.9297004560530681,0.7519175455417066,0.9564417495854063,0.9174064372165222,0.8916071563159482,0.7634630714713805,0.8725346841436453,-0.0027804198285554804,0.00028216223980515043
C0_b0.01_s3_lik0,C0,0.01,3,seen_emg_bursts_s1,seen_emg_bursts,1,False,0.694380053290751,0.8616460710069669,0.9361205432937181,0.7385922137646685,0.927765685461581,0.7557397959183674,0.9532372857932558,0.9164362463314656,0.8921064779921617,0.7625689276286567,0.8722474628788275,0.00038094142705724643,0.00020310050559368964
C0_b0.01_s3_lik0,C0,0.01,3,seen_emg_bursts_s2,seen_emg_bursts,2,False,0.6925808152971189,0.8608855491862217,0.9349340175953078,0.7351877180463051,0.9276620370370371,0.7571779550746472,0.9528226920950801,0.9159966285866743,0.8922619271932468,0.7604780663218103,0.8714489007258864,0.0021801794206893765,0.0009636223263388422
C0_b0.01_s3_lik0,C0,0.01,3,seen_emg_bursts_s3,seen_emg_bursts,3,False,0.6873909561589195,0.8598897631243811,0.9322844317538714,0.7299248731366952,0.9307628524046434,0.7555386248459116,0.9521662520729686,0.91633922724296,0.8935973771480253,0.7583988424619408,0.8699953870524136,0.007370038558888736,0.001959408388179429
C0_b0.01_s3_lik0,C0,0.01,3,seen_lead_scaling_s1,seen_lead_scaling,1,False,0.6946505662685654,0.8607222471609045,0.9355706899212841,0.7348457817951157,0.9268501243781095,0.7528206752499658,0.9556902985074627,0.9161906667636858,0.8916142221887249,0.7610075701592585,0.8719101954845335,0.0001104284492429164,0.0011269243516560667
C0_b0.01_s3_lik0,C0,0.01,3,seen_lead_scaling_s2,seen_lead_scaling,2,False,0.6911346110543232,0.8553093789854409,0.9376929310078717,0.7296523152553125,0.9253126727473743,0.7383363580331462,0.9441507739082367,0.913568119527517,0.8874665548688574,0.7549580373057758,0.8666466482148765,0.003626383663485111,0.00653979252711967
C0_b0.01_s3_lik0,C0,0.01,3,seen_lead_scaling_s3,seen_lead_scaling,3,False,0.6888596084759198,0.8504286404530893,0.9306284406029737,0.7339091738027276,0.9197070204532891,0.7400227708533077,0.9312206329463792,0.9082351015062213,0.8719593194151343,0.7556019760384968,0.8625733284592754,0.005901386241888518,0.011420531059471273
C0_b0.01_s4_lik0,C0,0.01,4,clean,clean,0,False,0.6908894704305869,0.8349210129123832,0.8832220764521274,0.7552529337139232,0.929873203427308,0.6744624024106287,0.9532372857932558,0.9210780033471585,0.761931903828761,0.7492712048830726,0.8859601023552144,,
C0_b0.01_s4_lik0,C0,0.01,4,lead_dropout_s1,lead_dropout,1,True,0.6937323014785635,0.8307569182801856,0.876514508411792,0.7597625277513478,0.9169603372028745,0.6683416655252705,0.9570031785516862,0.9126646292658079,0.752842836147121,0.7505202908585915,0.8822022908071788,-0.0028428310479765573,0.004164094632197579
C0_b0.01_s4_lik0,C0,0.01,4,lead_dropout_s2,lead_dropout,2,True,0.6927751892350797,0.8208439519413216,0.8802380768637135,0.7531814938154139,0.9039697346600332,0.659203362553075,0.935591141514649,0.8846382400737345,0.7458711750075369,0.7381632617436388,0.8867390812400996,-0.001885718804492842,0.014077060971061539
C0_b0.01_s4_lik0,C0,0.01,4,lead_dropout_s3,lead_dropout,3,True,0.6861995758543289,0.8140814264407553,0.8619450018006893,0.7589052093244529,0.9242243642896628,0.636924736337488,0.9357207020453289,0.8860146983919087,0.724039983418752,0.7206159312769964,0.8783422110815187,0.0046898945762580135,0.02083958647162787
C0_b0.01_s4_lik0,C0,0.01,4,limb_reversal_s1,limb_reversal,1,True,0.662891797347341,0.8113214893662072,0.8714082677367907,0.7242655803996193,0.8825317855168602,0.6725234556910012,0.9307714897733554,0.8866301632346164,0.7325425836599336,0.7339097748735882,0.8673103034100996,0.027997673083245855,0.023599523546176004
C0_b0.01_s4_lik0,C0,0.01,4,limb_reversal_s2,limb_reversal,2,True,0.6558405202131502,0.7884363602572891,0.860578407161599,0.7019554789089755,0.833963861249309,0.6537460621832627,0.908107034273079,0.8615325377768076,0.6836114146819414,0.7323309612337245,0.8601014848469024,0.0350489502174367,0.04648465265509405
C0_b0.01_s4_lik0,C0,0.01,4,limb_reversal_s3,limb_reversal,3,True,0.6191210208623891,0.7513643137391113,0.8485555898544014,0.6958452267681574,0.7524011885019348,0.5675677989316532,0.8356481481481481,0.8774133498265784,0.5887662044015677,0.7524210738648156,0.8436602433547444,0.07176844956819783,0.08355669917327191
C0_b0.01_s4_lik0,C0,0.01,4,baseline_step_s1,baseline_step,1,True,0.6898533920073496,0.8345391064472403,0.8822606369295674,0.7521309070726292,0.9314538419016031,0.6735549924667854,0.9529090657822001,0.9210325256494216,0.7620308260476333,0.7502371129821539,0.8852420491931694,0.0010360784232372744,0.0003819064651429116
C0_b0.01_s4_lik0,C0,0.01,4,baseline_step_s2,baseline_step,2,True,0.6890860339869754,0.8350277663427601,0.8807814992025518,0.7519227719632096,0.9309010503040354,0.6808827557868784,0.9518121199557767,0.9220027165344782,0.761505596171239,0.7488328610469437,0.8866085261197278,0.0018034364436114725,-0.00010675343037691576
C0_b0.01_s4_lik0,C0,0.01,4,baseline_step_s3,baseline_step,3,True,0.6870268784739662,0.8352279432605322,0.8807847147193497,0.7491922375515382,0.9289835544499724,0.6828602246267634,0.9528226920950802,0.9247677605568895,0.7634911064214652,0.7474732193251443,0.8866759795985865,0.0038625919566207534,-0.00030693034814899267
C0_b0.01_s4_lik0,C0,0.01,4,seen_baseline_wander_s1,seen_baseline_wander,1,False,0.690801811039656,0.8349373936281008,0.8830387919946495,0.75517364414843,0.9300114013266998,0.6746849746610053,0.952839966832504,0.9214660797011813,0.7621815646668677,0.7493759419058647,0.8856641774157048,8.765939093091646e-05,-1.638071571763433e-05
C0_b0.01_s4_lik0,C0,0.01,4,seen_baseline_wander_s2,seen_baseline_wander,2,False,0.6912259264620703,0.8351991263403599,0.8824921541390134,0.7546384395813511,0.9300027639579879,0.6769577797561979,0.9523649115533444,0.9226394043027967,0.7617481911365692,0.7501711674492849,0.8857773251866938,-0.00033645603148335645,-0.0002781134279766784
C0_b0.01_s4_lik0,C0,0.01,4,seen_baseline_wander_s3,seen_baseline_wander,3,False,0.6917825750992096,0.8351745817878002,0.8819873180017492,0.7544649936568348,0.929804104477612,0.6774970894398027,0.9524944720840244,0.9234519391690316,0.7625419241784746,0.7487979487060129,0.8855314463766604,-0.0008931046686226907,-0.000253568875417054
C0_b0.01_s4_lik0,C0,0.01,4,seen_emg_bursts_s1,seen_emg_bursts,1,False,0.6905675547506788,0.8349137413974352,0.8829005247723414,0.754697906755471,0.92962271973466,0.6749161073825503,0.9535482310668877,0.921253850445075,0.7620002072656015,0.7490520329650081,0.8862320921893224,0.00032191567990813574,7.271514947948532e-06
C0_b0.01_s4_lik0,C0,0.01,4,seen_emg_bursts_s2,seen_emg_bursts,2,False,0.6903629545064128,0.8347082988037072,0.8819262231825898,0.753597764034253,0.9286726091763405,0.674753458430352,0.9536346047540079,0.9214054427708652,0.7628905072354537,0.7493468482884225,0.8861472313610804,0.0005265159241740758,0.00021271410867595986
C0_b0.01_s4_lik0,C0,0.01,4,seen_emg_bursts_s3,seen_emg_bursts,3,False,0.6890955957771611,0.8346766215949395,0.8809165509080619,0.7520218839200761,0.9299423023770039,0.6756737090809479,0.9540405610834715,0.921696500036382,0.7634133818209224,0.7489511750912086,0.8854335300363813,0.001793874653425842,0.0002443913174436929
C0_b0.01_s4_lik0,C0,0.01,4,seen_lead_scaling_s1,seen_lead_scaling,1,False,0.6891214556059297,0.8335526092145208,0.8823024386479394,0.7542419917538851,0.9288021697070205,0.6707685591014929,0.953047263681592,0.9203109461786606,0.7622216046126017,0.7473102950674682,0.8829682141800269,0.0017680148246571603,0.001368403697862397
C0_b0.01_s4_lik0,C0,0.01,4,seen_lead_scaling_s2,seen_lead_scaling,2,False,0.69064892290995,0.8334122673385915,0.8846722745279622,0.7528346019663812,0.9273683665008292,0.675164361046432,0.9483053482587065,0.9204504111183875,0.7594117425384386,0.7474092133667717,0.8850940867234147,0.00024054752063695783,0.0015087455737916589
C0_b0.01_s4_lik0,C0,0.01,4,seen_lead_scaling_s3,seen_lead_scaling,3,False,0.689236868081245,0.8296171082471256,0.8779936461388075,0.7462733904218204,0.9205448452183527,0.664831872346254,0.951267965726921,0.9114973683572244,0.7625866747060597,0.747058150382969,0.884500060925723,0.0016526023493419473,0.005303904665257542
C0_b0.05_s0_lik0,C0,0.05,0,clean,clean,0,False,0.795268349729907,0.9141187705818931,0.9592240314863405,0.8070884871550904,0.9739324212271974,0.8230764621284755,0.994282061912659,0.9567779960707269,0.9129696450105517,0.8605717477699742,0.9391460824760215,,
C0_b0.05_s0_lik0,C0,0.05,0,lead_dropout_s1,lead_dropout,1,True,0.78455436670759,0.9062146390959916,0.9555036785512168,0.8075196241674596,0.9759881149806523,0.7990172579098754,0.9927618850193477,0.9467516796429698,0.8943063197166115,0.8480595526953297,0.9360236391804619,0.010713983022316964,0.007904131485901411
C0_b0.05_s0_lik0,C0,0.05,0,lead_dropout_s2,lead_dropout,2,True,0.7804831740401627,0.8931944641443886,0.9490629984051037,0.7750604582936885,0.9804104477611941,0.7810873510478017,0.9876917495854063,0.929843071624342,0.8834649155863732,0.8287258741177361,0.9234033108778525,0.014785175689744356,0.020924306437504425
C0_b0.05_s0_lik0,C0,0.05,0,lead_dropout_s3,lead_dropout,3,True,0.7754018809508006,0.8783796314001946,0.9347668107218192,0.7779743498255629,0.98047954671089,0.7331187508560472,0.980496821448314,0.9292336704746659,0.8540072919807055,0.8203275165494195,0.8950119240343273,0.01986646877910636,0.035739139181698465
C0_b0.05_s0_lik0,C0,0.05,0,limb_reversal_s1,limb_reversal,1,True,0.7637128996674368,0.8949403101675587,0.9376800689406801,0.7750406359023153,0.9665733830845773,0.8161852828379674,0.9877694859038142,0.9486071697106406,0.8859897874585471,0.8103697410862005,0.9262472365832852,0.03155545006247018,0.019178460414334353
C0_b0.05_s0_lik0,C0,0.05,0,limb_reversal_s2,limb_reversal,2,True,0.7363013916394185,0.8727207193100207,0.9142646756186653,0.7282796146527117,0.9500328220011056,0.7829663744692508,0.9818097014925373,0.9452296926920372,0.8589180735604461,0.7828161457939357,0.9101693735094957,0.058966958090488464,0.04139805127187235
C0_b0.05_s0_lik0,C0,0.05,0,limb_reversal_s3,limb_reversal,3,True,0.6878309416912006,0.8302034638800224,0.8431213664660185,0.6493121630193467,0.9060081536760641,0.770870428708396,0.9700456053067994,0.9401574134711005,0.7937872135966234,0.7196034733900077,0.878925357285846,0.10743740803870638,0.08391530670187064
C0_b0.05_s0_lik0,C0,0.05,0,baseline_step_s1,baseline_step,1,True,0.7937480684294893,0.9142863370520963,0.9593108504398826,0.8065978829686014,0.9739324212271974,0.8231235447199013,0.9945411829740187,0.955704722404133,0.9134524796502864,0.8611381035228491,0.9407758455619963,0.001520281300417703,-0.00016756647020321758
C0_b0.05_s0_lik0,C0,0.05,0,baseline_step_s2,baseline_step,2,True,0.792480154357688,0.9123129668793606,0.957883160981633,0.8017463526799873,0.9721531232725262,0.8184152855773181,0.9941093145384191,0.9567173591404109,0.9089892033463973,0.861095432883934,0.9397074694936202,0.002788195372218971,0.0018058037025324714
C0_b0.05_s0_lik0,C0,0.05,0,baseline_step_s3,baseline_step,3,True,0.7879086626642434,0.9125486776353018,0.9568091783711478,0.8030001189343483,0.9708143311221669,0.8177732502396933,0.9921054449972361,0.9587699192316088,0.9092270877298764,0.8621854737507685,0.9422532943408707,0.007359687065663589,0.0015700929465912727
C0_b0.05_s0_lik0,C0,0.05,0,seen_baseline_wander_s1,seen_baseline_wander,1,False,0.7953833476109453,0.9144560791801578,0.9591661521839789,0.8059635664446559,0.9736992122719735,0.8246002259964389,0.994299336650083,0.956684008828737,0.9130991860114561,0.8627615273761242,0.9398314968579734,-0.00011499788103830344,-0.0003373085982647517
C0_b0.05_s0_lik0,C0,0.05,0,seen_baseline_wander_s2,seen_baseline_wander,2,False,0.7951333692436875,0.9146097124941416,0.958545557441992,0.8073709562321598,0.9742174543946931,0.8231706273113273,0.9943425234936429,0.9567658686846637,0.9123101635514019,0.8654963274156915,0.9392679339217017,0.00013498048621951586,-0.0004909419122485215
C0_b0.05_s0_lik0,C0,0.05,0,seen_baseline_wander_s3,seen_baseline_wander,3,False,0.7953316235707426,0.9142045580312195,0.9589089108401502,0.7994519108785284,0.9731205085682697,0.8235301671003972,0.9944720840243229,0.9577481869557835,0.9142391468194152,0.8651569018788658,0.9412132052152419,-6.327384083559817e-05,-8.578744932641325e-05
C0_b0.05_s0_lik0,C0,0.05,0,seen_emg_bursts_s1,seen_emg_bursts,1,False,0.79512292281158,0.914252301119316,0.959211169419149,0.8072916666666667,0.9734314538419016,0.8238897068894672,0.994282061912659,0.9570842125688229,0.9133252939403075,0.8610333665000572,0.9387217783348129,0.00014542691832697408,-0.0001335305374229323
C0_b0.05_s0_lik0,C0,0.05,0,seen_emg_bursts_s2,seen_emg_bursts,2,False,0.7930901124765591,0.9141810523728443,0.9599153675978803,0.8064888598160482,0.9729823106688777,0.8220449253526914,0.9942906992813709,0.9572267093550656,0.9131722000301478,0.8624841682231752,0.9390242310303409,0.00217823725334787,-6.228179095124631e-05
C0_b0.05_s0_lik0,C0,0.05,0,seen_emg_bursts_s3,seen_emg_bursts,3,False,0.7918667097555949,0.914550438203614,0.959169367700777,0.8080250951474787,0.9715485074626866,0.8297536296397755,0.994126589275843,0.9570023527128962,0.9128377487187217,0.8604999835136169,0.9379906696607309,0.0034016399743120873,-0.00043166762172097695
C0_b0.05_s0_lik0,C0,0.05,0,seen_lead_scaling_s1,seen_lead_scaling,1,False,0.7947158724306417,0.9132795514612978,0.9584941091732264,0.803624524262607,0.9725331674958541,0.8247885563621422,0.9945239082365949,0.9561140216837662,0.908423933524269,0.8601508601043104,0.9408628823089109,0.0005524772992653304,0.0008392191205952582
C0_b0.05_s0_lik0,C0,0.05,0,seen_lead_scaling_s2,seen_lead_scaling,2,False,0.7903013662632931,0.9135038403607622,0.9606002726758244,0.8087089676498572,0.974554311774461,0.8213686481303931,0.9954653814262023,0.9604525940478789,0.9074676854085016,0.8561010285563553,0.9368156735773844,0.00496698346661395,0.0006149302211309049
C0_b0.05_s0_lik0,C0,0.05,0,seen_lead_scaling_s3,seen_lead_scaling,3,False,0.7876036964722154,0.9113938495195373,0.959741729690796,0.8039367269267365,0.9780351713653953,0.8261411108067389,0.9920622581536761,0.9501746343593103,0.9017113543864939,0.8569331060152023,0.9338085539714868,0.0076646532576916115,0.0027249210623557785
C0_b0.05_s1_lik0,C0,0.05,1,clean,clean,0,False,0.8139077211159863,0.923325734646147,0.9710281936512836,0.9072956311449413,0.9888923438363737,0.8476150527325024,0.992174543946932,0.9217116592689611,0.8926458396141091,0.8423048351652616,0.9462635124549585,,
C0_b0.05_s1_lik0,C0,0.05,1,lead_dropout_s1,lead_dropout,1,True,0.8064659404303991,0.9159088729278603,0.9685779698513145,0.9143722248652077,0.984470011055832,0.8398121832625667,0.9889528054173577,0.9028717650197677,0.8781254710581851,0.8224668672186696,0.9435305586018417,0.007441780685587207,0.007416861718286705
C0_b0.05_s1_lik0,C0,0.05,1,lead_dropout_s2,lead_dropout,2,True,0.8011358843904154,0.901864101836521,0.9644878324844369,0.9127715667618141,0.982466141514649,0.8139295986851116,0.9579101022664456,0.8702005869654855,0.8675502148025326,0.8110912627987671,0.9363696102494473,0.012771836725570918,0.021461632809625986
C0_b0.05_s1_lik0,C0,0.05,1,lead_dropout_s3,lead_dropout,3,True,0.7852502860563584,0.8906158328974778,0.9583622729845142,0.895446796701554,0.9855669568822554,0.8033445760854678,0.9520453289110006,0.8526037497877708,0.8487714802532409,0.7922967859311024,0.9271045485403937,0.028657435059627923,0.03270990174866917
C0_b0.05_s1_lik0,C0,0.05,1,limb_reversal_s1,limb_reversal,1,True,0.7873489318040829,0.9029168718643018,0.9493170242321346,0.8898271487472249,0.9776637645107795,0.8578576564854129,0.9910430486456606,0.8707372237987824,0.848674913325294,0.82455578895102,0.9165752780824065,0.026558789311903364,0.020408862781845172
C0_b0.05_s1_lik0,C0,0.05,1,limb_reversal_s2,limb_reversal,2,True,0.7614643260056024,0.8792288105434207,0.9233420795390235,0.8553064541706311,0.9619092039800995,0.8397865018490618,0.9903261470425649,0.833400033956681,0.8148929755803436,0.8050960380311767,0.888999860741205,0.05244339511038387,0.044096924102726254
C0_b0.05_s1_lik0,C0,0.05,1,limb_reversal_s3,limb_reversal,3,True,0.7008833113117201,0.8299019741114801,0.8734340433194423,0.8167965033301616,0.9310478855721394,0.7772051773729627,0.9833989773355445,0.7344769458390938,0.731998511456135,0.7805526623569321,0.8402070604209098,0.1130244098042662,0.09342376053466683
C0_b0.05_s1_lik0,C0,0.05,1,baseline_step_s1,baseline_step,1,True,0.8112082861639703,0.9233103614545085,0.9704912023460409,0.905377814779575,0.9885986733001659,0.846292459936995,0.9918981481481481,0.9222725508743846,0.8957430471811877,0.8431757041140315,0.9459436524100475,0.0026994349520159666,1.5373191638468064e-05
C0_b0.05_s1_lik0,C0,0.05,1,baseline_step_s2,baseline_step,2,True,0.8148132276526122,0.9224293413066198,0.9694943921387046,0.9013687361243261,0.988244541182974,0.847525167785235,0.9923559286898839,0.9255833272696402,0.891501168224299,0.8398493338531392,0.9459414764913747,-0.0009055065366259107,0.0008963933395271795
C0_b0.05_s1_lik0,C0,0.05,1,baseline_step_s3,baseline_step,3,True,0.8034120603617244,0.9220185521864038,0.9684429181458044,0.9030536393910561,0.9869316611387507,0.8461084098068757,0.9904470702045329,0.9293034029445294,0.8899655185408503,0.8407667525898169,0.9431475969154177,0.010495660754261893,0.0013071824597431503
C0_b0.05_s1_lik0,C0,0.05,1,seen_baseline_wander_s1,seen_baseline_wander,1,False,0.8136183351458404,0.923530192287855,0.9711310901888153,0.9063689343482397,0.9888750690989496,0.8491345363648816,0.9917167634051962,0.9220209076135729,0.8937339840217065,0.84244642410348,0.9463440214458544,0.0002893859701459389,-0.0002044576417080668
C0_b0.05_s1_lik0,C0,0.05,1,seen_baseline_wander_s2,seen_baseline_wander,2,False,0.8138865963067224,0.923349819984894,0.9696519524617997,0.9071568744053282,0.9885813985627419,0.84606132721545,0.9918808734107242,0.923063862815009,0.8944476371721436,0.8437459390158986,0.9455585148049506,2.112480926386162e-05,-2.4085338746981932e-05
C0_b0.05_s1_lik0,C0,0.05,1,seen_baseline_wander_s3,seen_baseline_wander,3,False,0.8122184875496892,0.9228525100993621,0.9699445644904049,0.9035194655883285,0.9877867606412383,0.8454107314066567,0.992433665008292,0.9234731620946421,0.8938823673500151,0.843870071783652,0.9453518025310286,0.0016892335662971325,0.00047322454678488945
C0_b0.05_s1_lik0,C0,0.05,1,seen_emg_bursts_s1,seen_emg_bursts,1,False,0.8141243810364853,0.9233195060620754,0.9708095385090293,0.9075781002220109,0.9888232448866777,0.8476492946171758,0.9919499723604202,0.9214903344733076,0.8926293525776305,0.8427257228309253,0.9462199940815013,-0.00021665992049901828,6.2285840716214125e-06
C0_b0.05_s1_lik0,C0,0.05,1,seen_emg_bursts_s2,seen_emg_bursts,2,False,0.813735660269968,0.9234231949550509,0.970034598960745,0.9062252220107834,0.988434563294638,0.8463309820572524,0.992260917634052,0.9235550219505687,0.8935691136569189,0.8443937568976118,0.9460045781328877,0.00017206084601828486,-9.746030890389612e-05
C0_b0.05_s1_lik0,C0,0.05,1,seen_emg_bursts_s3,seen_emg_bursts,3,False,0.8127435513552632,0.9225922366061283,0.9690120646190256,0.9030486837932129,0.9882359038142621,0.8453722092863991,0.9920795328911001,0.9231548182104828,0.8919368970455229,0.8456234471281691,0.94486657266698,0.0011641697607230883,0.0007334980400186542
C0_b0.05_s1_lik0,C0,0.05,1,seen_lead_scaling_s1,seen_lead_scaling,1,False,0.8127202023286001,0.9230950166256522,0.9701600041158615,0.9071568744053283,0.9886418601437259,0.8493228667305848,0.9925632255389718,0.919465061000752,0.8925257197769068,0.8417016274969596,0.9463179104217802,0.0011875187873862103,0.00023071802049479118
C0_b0.05_s1_lik0,C0,0.05,1,seen_lead_scaling_s2,seen_lead_scaling,2,False,0.812908075724525,0.9220568008070585,0.970674486803519,0.9055413495084047,0.9887541459369817,0.8496567251061499,0.9901793117744611,0.9224574935118484,0.8919204100090443,0.8370544070041914,0.9422728776089266,0.0009996453914613568,0.0012689338390884375
C0_b0.05_s1_lik0,C0,0.05,1,seen_lead_scaling_s3,seen_lead_scaling,3,False,0.8068434253231029,0.9160450376976921,0.9707355816226784,0.8967005629559149,0.9868539248203427,0.8389261744966443,0.9851610005527915,0.9174337238351644,0.8780736546578234,0.8309525056393129,0.939568210698557,0.007064295792883368,0.007280696948454901
C0_b0.05_s2_lik0,C0,0.05,2,clean,clean,0,False,0.8167946274251661,0.9183238885192212,0.9532721098935021,0.9130094354582937,0.9932023908236595,0.8521777838652239,0.9949298645660586,0.9457723932183657,0.8959715104009648,0.7945796651130674,0.9219998433338555,,
C0_b0.05_s2_lik0,C0,0.05,2,lead_dropout_s1,lead_dropout,1,True,0.8060132834123519,0.9131213374323561,0.9560631784740444,0.9100112987630826,0.9918981481481481,0.8456418641282016,0.9915181039248204,0.9445657183050765,0.884903998341875,0.7796604580887045,0.9138292687172525,0.010781344012814165,0.00520255108686507
C0_b0.05_s2_lik0,C0,0.05,2,lead_dropout_s2,lead_dropout,2,True,0.7884509823631,0.8975242488041432,0.9519055152544117,0.9056801062480176,0.9826561636263129,0.8016025202027119,0.9907925649530127,0.9278511484634601,0.860637435936087,0.7504814993686686,0.9061112851846049,0.028343645062066103,0.020799639715078033
C0_b0.05_s2_lik0,C0,0.05,2,lead_dropout_s3,lead_dropout,3,True,0.7756256932456103,0.8845891702857702,0.944908550702269,0.8914129400570885,0.986318407960199,0.7869341528557731,0.9826302515201769,0.9148991001479542,0.8333678776002412,0.7316986599479807,0.8891325917802497,0.041168934179555805,0.03373471823345098
C0_b0.05_s2_lik0,C0,0.05,2,limb_reversal_s1,limb_reversal,1,True,0.7859777627594812,0.8961959081440811,0.9147052014199724,0.895506263875674,0.9860247374239911,0.8287648952198329,0.9901965865118849,0.933641975308642,0.8772281052155563,0.7445464014104587,0.8951490069107177,0.030816864665684895,0.022127980375140077
C0_b0.05_s2_lik0,C0,0.05,2,limb_reversal_s2,limb_reversal,2,True,0.7571636709830181,0.874289442365423,0.8765884652981427,0.8570855137963844,0.9819219872857932,0.7907649637036023,0.9865775290215589,0.9277571612214702,0.8722325331624963,0.7045543148744028,0.8711225129249568,0.059630956442148,0.044034446153798146
C0_b0.05_s2_lik0,C0,0.05,2,limb_reversal_s3,limb_reversal,3,True,0.6957535099442156,0.8225805978471274,0.7757112723156866,0.8153098239771646,0.9567786069651741,0.7112424667853718,0.986301133222775,0.8983634092507701,0.8495110416038588,0.6169592514794104,0.7930483750239351,0.12104111748095048,0.09574329067209375
C0_b0.05_s2_lik0,C0,0.05,2,baseline_step_s1,baseline_step,1,True,0.8174779158995149,0.9189481846116967,0.9528155065082061,0.9120728274659055,0.9934183250414594,0.8543221818928913,0.9953876451077943,0.9497441121540663,0.8970667206813385,0.7934062225428985,0.9223001201107108,-0.0006832884743488421,-0.0006242960924754959
C0_b0.05_s2_lik0,C0,0.05,2,baseline_step_s2,baseline_step,2,True,0.8186744274211466,0.9194434848599049,0.953182075423162,0.9145109816048209,0.9934269624101714,0.8520536570332832,0.9953962824765064,0.9486950932595988,0.8991252449502564,0.7966142787595257,0.9219867878218183,-0.0018797999959805356,-0.001119596340683704
C0_b0.05_s2_lik0,C0,0.05,2,baseline_step_s3,baseline_step,3,True,0.8114699924776574,0.9188652554297065,0.9492527138961774,0.912692277196321,0.9936083471531233,0.845500616353924,0.994238875069099,0.9506748890344174,0.9009246872173651,0.7991260277320362,0.9237688652148938,0.005324634947508677,-0.0005413669104853414
C0_b0.05_s2_lik0,C0,0.05,2,seen_baseline_wander_s1,seen_baseline_wander,1,False,0.8167377458328952,0.9184623479898567,0.9533460667798529,0.9121917618141453,0.9931764787175235,0.8529311053280373,0.9950076008844665,0.9462089791166411,0.8959338257461562,0.7952914889531536,0.922073824568733,5.688159227090761e-05,-0.00013845947063551023
C0_b0.05_s2_lik0,C0,0.05,2,seen_baseline_wander_s2,seen_baseline_wander,2,False,0.8165222756196943,0.9196929490980073,0.9525904203323559,0.9151750317158263,0.9931764787175236,0.8568047185317079,0.9948866777224986,0.9465909917776322,0.8971727087729876,0.7971011119580587,0.9237384023534736,0.0002723518054718044,-0.0013690605787860521
C0_b0.05_s2_lik0,C0,0.05,2,seen_baseline_wander_s3,seen_baseline_wander,3,False,0.8156635245477237,0.9198644864344006,0.9526740237691003,0.9162553520456708,0.9928828081813156,0.8537571907957814,0.9946189192924267,0.9475642145092047,0.9004913136870666,0.7972659757902312,0.9232705798388081,0.001131102877442336,-0.0015405979151793536
C0_b0.05_s2_lik0,C0,0.05,2,seen_emg_bursts_s1,seen_emg_bursts,1,False,0.8167864609580621,0.9183025179007943,0.9525839892987601,0.9121174278464954,0.9933146766169154,0.8533206067661964,0.9950248756218906,0.9460482912513037,0.8961787760024119,0.7940928319145346,0.9220411857886399,8.166467103998265e-06,2.1370618426885812e-05
C0_b0.05_s2_lik0,C0,0.05,2,seen_emg_bursts_s2,seen_emg_bursts,2,False,0.8166756998613013,0.9183227997481881,0.9493974121520811,0.9114335553441166,0.9935392482034273,0.8549898986440214,0.9953617330016584,0.946730456717359,0.8969466008441364,0.7946805229868671,0.9218257698400265,0.0001189275638647791,1.0887710331086708e-06
C0_b0.05_s2_lik0,C0,0.05,2,seen_emg_bursts_s3,seen_emg_bursts,3,False,0.814762708159812,0.9189132455026032,0.9475034727581417,0.9114732001268634,0.9940143034825871,0.8554564443226954,0.9956813156440023,0.950635475029712,0.8983291566174254,0.7949889153317546,0.922136926210246,0.002031919265354065,-0.0005893569833820278
C0_b0.05_s2_lik0,C0,0.05,2,seen_lead_scaling_s1,seen_lead_scaling,1,False,0.8153849034015387,0.9181098413224432,0.953159566805577,0.9123998969235648,0.9927273355444997,0.8552681139569923,0.9947830292979547,0.9447445972495088,0.8960303926741031,0.7928767187054505,0.9209989207443382,0.001409724023627379,0.0002140471967779778
C0_b0.05_s2_lik0,C0,0.05,2,seen_lead_scaling_s2,seen_lead_scaling,2,False,0.8141576755648251,0.9171116044090168,0.9532753254102999,0.9123949413257215,0.9927964344941957,0.8484197370223258,0.9944807213930348,0.9456117053530282,0.8954674781429002,0.7896104752539389,0.9219476212857068,0.0026369518603409636,0.0012122841102043536
C0_b0.05_s2_lik0,C0,0.05,2,seen_lead_scaling_s3,seen_lead_scaling,3,False,0.8148421289952943,0.91352576641292,0.9550920924010907,0.9097337852838567,0.994066127694859,0.8455262977674292,0.9935737976782753,0.9372377452763833,0.8837852351522462,0.7879540786342294,0.9147627378279108,0.001952498429871774,0.00479812210630115
C0_b0.05_s3_lik0,C0,0.05,3,clean,clean,0,False,0.8084685066674488,0.9209611171443193,0.9548059114060811,0.8995847209007296,0.9931678413488114,0.8574125119846595,0.994152501381979,0.954967983700793,0.9142721208923728,0.7955863042765677,0.9247001584068794,,
C0_b0.05_s3_lik0,C0,0.05,3,lead_dropout_s1,lead_dropout,1,True,0.8050321154594706,0.916105247410457,0.9569185059422751,0.8898915715191881,0.9911121475953566,0.8502174359676757,0.9880545190713101,0.9473095394018775,0.9063795410009045,0.7933208812650682,0.9217430849304575,0.003436391207978229,0.004855869733862317
C0_b0.05_s3_lik0,C0,0.05,3,lead_dropout_s2,lead_dropout,2,True,0.8019816095787968,0.9083958669573163,0.9542657045840407,0.882299595623216,0.9866725400773908,0.8409207642788659,0.980505458817026,0.9328082175167964,0.8925068774495026,0.7874982786276347,0.9180853656413739,0.006486897088652022,0.012565250187002941
C0_b0.05_s3_lik0,C0,0.05,3,lead_dropout_s3,lead_dropout,3,True,0.7862770398095773,0.90233624722273,0.9533428512630551,0.8707827862353315,0.990196586511885,0.8279259690453363,0.9769209508015477,0.9363736690193796,0.8775931753090142,0.7823816811067987,0.9055085557122217,0.022191466857871545,0.018624869921589293
C0_b0.05_s3_lik0,C0,0.05,3,limb_reversal_s1,limb_reversal,1,True,0.775578186042347,0.9093633701084995,0.9361655605288882,0.8773638201712655,0.9918117744610282,0.8664566497740035,0.9920104339414041,0.9410851585049358,0.8840961335544167,0.7911757118723294,0.9041050881682247,0.03289032062510189,0.011597747035819728
C0_b0.05_s3_lik0,C0,0.05,3,limb_reversal_s2,limb_reversal,2,True,0.7498722322200045,0.8996468161774873,0.9188049853372433,0.8521794719314939,0.9893155749032614,0.8614701753184496,0.9916303897180763,0.9319289820272139,0.8634143239372928,0.7984879077228038,0.8895895347015509,0.05859627444744431,0.021314300966831956
C0_b0.05_s3_lik0,C0,0.05,3,limb_reversal_s3,limb_reversal,3,True,0.6923480864458094,0.8849806116881153,0.8752057930750631,0.7987234379955599,0.976834577114428,0.8559401109437063,0.9840381426202323,0.9267020786339712,0.8318416490804943,0.8257195336487082,0.8898201820808744,0.11612042022163949,0.035980505456204015
C0_b0.05_s3_lik0,C0,0.05,3,baseline_step_s1,baseline_step,1,True,0.8083415987289672,0.9214115055880723,0.9539537994546483,0.8991783618775768,0.9931851160862355,0.8576907272976305,0.9940574903261471,0.9553075505105629,0.9145335581851071,0.7993199851816508,0.9254769613730917,0.00012690793848169069,-0.0004503884437530026
C0_b0.05_s3_lik0,C0,0.05,3,baseline_step_s2,baseline_step,2,True,0.8075810787828103,0.9211556129883915,0.9545325924782632,0.8965667618141453,0.9932369402985074,0.8583113614573347,0.994230237700387,0.9556622765529117,0.9130332378655411,0.7991260277320361,0.9257010809963967,0.0008874278846385808,-0.00019449584407227327
C0_b0.05_s3_lik0,C0,0.05,3,baseline_step_s3,baseline_step,3,True,0.8055810099483371,0.922408014758592,0.9529923599320883,0.8957837773549001,0.9933837755666114,0.8609009039857554,0.9941006771697071,0.957726964030173,0.9159632197769069,0.804190256741476,0.9266301982697096,0.002887496719111704,-0.0014468976142727463
C0_b0.05_s3_lik0,C0,0.05,3,seen_baseline_wander_s1,seen_baseline_wander,1,False,0.8083391660993585,0.9209946535302949,0.9546547821165817,0.899441008563273,0.9931505666113875,0.8574595945760854,0.994135226644555,0.954998302165951,0.9143733984021707,0.7960867144965738,0.9246522881960764,0.00012934056809033034,-3.35363859755855e-05
C0_b0.05_s3_lik0,C0,0.05,3,seen_baseline_wander_s2,seen_baseline_wander,2,False,0.8082983132402457,0.9211033456333296,0.9546033338478159,0.8983705994291151,0.9931332918739635,0.8578105738939871,0.994152501381979,0.9554136651386161,0.9142415021103406,0.7979157332464404,0.9242889097777081,0.0001701934272031469,-0.00014222848901035423
C0_b0.05_s3_lik0,C0,0.05,3,seen_baseline_wander_s3,seen_baseline_wander,3,False,0.8078923169764843,0.9211283957884038,0.9547480321037197,0.8976619489375197,0.9932628524046435,0.8560941994247363,0.9940056661138751,0.9558775376555337,0.9148279695507989,0.8000259902982483,0.923651365606559,0.0005761896909645126,-0.00016727864408450088
C0_b0.05_s3_lik0,C0,0.05,3,seen_emg_bursts_s1,seen_emg_bursts,1,False,0.8085549382005681,0.9211160823343708,0.9547351700365283,0.8996392324770061,0.9931592039800995,0.8576821668264621,0.994152501381979,0.9552529772732784,0.9143027396744047,0.7962573970522346,0.9248633523073442,-8.643153311926888e-05,-0.00015496519005153697
C0_b0.05_s3_lik0,C0,0.05,3,seen_emg_bursts_s2,seen_emg_bursts,2,False,0.8086730428954884,0.9214740781712448,0.9548123424396769,0.8979394624167459,0.9932283029297955,0.858474010409533,0.9941956882255389,0.9558441873438599,0.9149009835694906,0.7989844387938175,0.9248872874127456,-0.0002045362280395091,-0.0005129610269255513
C0_b0.05_s3_lik0,C0,0.05,3,seen_emg_bursts_s3,seen_emg_bursts,3,False,0.8073469526982663,0.9215184051017677,0.9529698513145033,0.8949115921344751,0.9932542150359315,0.858525373236543,0.994221600331675,0.9575207984670984,0.914366332529394,0.8020664226681948,0.9258294601980956,0.001121553969182565,-0.0005572879574484713
C0_b0.05_s3_lik0,C0,0.05,3,seen_lead_scaling_s1,seen_lead_scaling,1,False,0.8079872061376061,0.9201807135068074,0.9542978597520193,0.896700562955915,0.9926064123825318,0.8579175797835913,0.9942043255942509,0.9537279584758301,0.9129814214651795,0.7964571732253378,0.9227331279266107,0.0004813005298427431,0.0007804036375118617
C0_b0.05_s3_lik0,C0,0.05,3,seen_lead_scaling_s2,seen_lead_scaling,2,False,0.8075519634460102,0.920460424497128,0.9552174975562071,0.9011110450364732,0.9924768518518519,0.8580331461443639,0.9914403676064124,0.9576420723277305,0.9124962315345191,0.7920077893311764,0.9237188190854179,0.0009165432214386371,0.0005006926471913253
C0_b0.05_s3_lik0,C0,0.05,3,seen_lead_scaling_s3,seen_lead_scaling,3,False,0.8062893341985934,0.9169651819093478,0.9529441271801204,0.8906993339676499,0.9920536207849641,0.856958807012738,0.9915612907683803,0.9461544058793567,0.9067022158577028,0.7951557187384232,0.9204571169947953,0.0021791724688554615,0.003995935234971437
C0_b0.05_s4_lik0,C0,0.05,4,clean,clean,0,False,0.8167118448589875,0.9216330866568934,0.9549088079436127,0.8218165239454488,0.9947312050856827,0.9054110738255035,0.9936601713653952,0.9545010793373596,0.9109276077781127,0.8236228536183733,0.9351184570125507,,
C0_b0.05_s4_lik0,C0,0.05,4,lead_dropout_s1,lead_dropout,1,True,0.8080052056799822,0.9119603002944981,0.9533814374646293,0.813555542340628,0.9919586097291322,0.8829227160662924,0.992226368159204,0.9448931577287831,0.8850924216159182,0.8124062943071548,0.9312061552387418,0.008706639179005271,0.009672786362395214
C0_b0.05_s4_lik0,C0,0.05,4,lead_dropout_s2,lead_dropout,2,True,0.7929710405284974,0.9026561765469112,0.9439696197972938,0.8049129797018713,0.9799440298507464,0.8734933570743734,0.990403883360973,0.9346364209658251,0.8678375602954477,0.8037073026919356,0.9250004351837345,0.023740804330490084,0.018976910109982148
C0_b0.05_s4_lik0,C0,0.05,4,lead_dropout_s3,lead_dropout,3,True,0.7745142905906368,0.8903721291326622,0.9385611205432938,0.8060279892166191,0.976601368159204,0.8507738665936173,0.9820860972913212,0.9286940017948532,0.8303130652698222,0.7916780616668314,0.9086135916583983,0.0421975542683507,0.03126095752423119
C0_b0.05_s4_lik0,C0,0.05,4,limb_reversal_s1,limb_reversal,1,True,0.7658528785832199,0.8930008555949266,0.9129848999331173,0.7760267998731367,0.9889873548922057,0.8559401109437064,0.9588083886124932,0.9326323704188798,0.8956229273439856,0.8127418406949883,0.9032630076418264,0.05085896627576758,0.028632231061966773
C0_b0.05_s4_lik0,C0,0.05,4,limb_reversal_s2,limb_reversal,2,True,0.7344711068182062,0.8690273378739941,0.8792798528579514,0.7153950602600697,0.9845304726368159,0.8359385700588962,0.921823175787728,0.9201108443086177,0.8762106195357249,0.8105617589613192,0.8773956864588228,0.08224073804078136,0.05260574878289925
C0_b0.05_s4_lik0,C0,0.05,4,limb_reversal_s3,limb_reversal,3,True,0.6587864572801778,0.8216674783020363,0.8104517157997632,0.6263330558198541,0.9273338170259813,0.7463832009313793,0.8433008568269763,0.9179127555846612,0.8571374736207416,0.8184034586492415,0.8477509704597279,0.1579253875788097,0.09996560835485702
C0_b0.05_s4_lik0,C0,0.05,4,baseline_step_s1,baseline_step,1,True,0.8151778863730763,0.9217882448814431,0.9537126356948089,0.8216083888360293,0.9948607656163626,0.9059717846870292,0.9937897318960751,0.9535126973732082,0.911848526529997,0.8254732076876974,0.9353164656117814,0.001533958485911202,-0.00015515822454970074
C0_b0.05_s4_lik0,C0,0.05,4,baseline_step_s2,baseline_step,2,True,0.8112840053468149,0.9220451827495401,0.9527029634202809,0.8226094196003806,0.9952062603648425,0.907816566223805,0.9933578634604754,0.9551893084964467,0.9083650512511305,0.8283127447500568,0.9348464671784428,0.0054278395121726275,-0.00041209609264669655
C0_b0.05_s4_lik0,C0,0.05,4,baseline_step_s3,baseline_step,3,True,0.8106025835367862,0.918597783827617,0.9497093172814735,0.807802093244529,0.9940315782200111,0.905321188878236,0.9931937534549475,0.9553318052826894,0.8984846058185109,0.8284155421983527,0.9350901700698036,0.006109261322201354,0.0030353028292763318
C0_b0.05_s4_lik0,C0,0.05,4,seen_baseline_wander_s1,seen_baseline_wander,1,False,0.8168836698128927,0.9216659769950564,0.9547705407213047,0.8217025451950521,0.9946275566611388,0.9057791740857417,0.9935910724156992,0.9541130029833369,0.9113609813084111,0.8241698136262867,0.9348791059585357,-0.00017182495390521968,-3.289033816300524e-05
C0_b0.05_s4_lik0,C0,0.05,4,seen_baseline_wander_s2,seen_baseline_wander,2,False,0.816686093881976,0.9214080586752788,0.9543171528528065,0.8198194180145894,0.9945066334991708,0.9058990206820983,0.9936601713653952,0.9547830410633292,0.9107203421766655,0.8240941702209368,0.934872578202517,2.5750977011518295e-05,0.00022502798161461168
C0_b0.05_s4_lik0,C0,0.05,4,seen_baseline_wander_s3,seen_baseline_wander,3,False,0.8168928094268936,0.9211006434490064,0.9532270926583322,0.8174456866476373,0.9945930071862907,0.9067636282700999,0.9934615118850193,0.9529305828421742,0.913728048688574,0.8268677617504272,0.9308884711125037,-0.0001809645679060612,0.0005324432078869235
C0_b0.05_s4_lik0,C0,0.05,4,seen_emg_bursts_s1,seen_emg_bursts,1,False,0.8165902907452267,0.9215915227089833,0.9546644286669754,0.8211376070409134,0.9947398424543947,0.9057663333789893,0.9936342592592593,0.9544889519512965,0.9107886456135061,0.8240243455390757,0.9350792904764391,0.00012155411376080227,4.156394791010598e-05
C0_b0.05_s4_lik0,C0,0.05,4,seen_emg_bursts_s2,seen_emg_bursts,2,False,0.8166398719379279,0.9216249494382406,0.9534843340021607,0.820533024104028,0.9946448313985627,0.9057449322010684,0.9936515339966833,0.9547163404399817,0.9109723583056979,0.8255585489655279,0.9353186415304541,7.19729210596487e-05,8.13721865278172e-06
C0_b0.05_s4_lik0,C0,0.05,4,seen_emg_bursts_s3,seen_emg_bursts,3,False,0.8153867280293375,0.921896652109506,0.9540406184081907,0.8199879083412623,0.9946189192924267,0.9051285782769484,0.9935910724156993,0.9550559072497513,0.9106143540850167,0.8288422485875048,0.9351902623287554,0.001325116829649975,-0.0002635654526126352
C0_b0.05_s4_lik0,C0,0.05,4,seen_lead_scaling_s1,seen_lead_scaling,1,False,0.8165557093318088,0.9212357671872439,0.9534135926326078,0.8212614969869966,0.9945584577114428,0.9047775989590467,0.9939365671641791,0.9535126973732081,0.9095544731685259,0.8256826817332813,0.9344243389559072,0.0001561355271787468,0.00039731946964949305
C0_b0.05_s4_lik0,C0,0.05,4,seen_lead_scaling_s2,seen_lead_scaling,2,False,0.8131781350713111,0.9202812143782554,0.9553525492617173,0.8183922058357119,0.9943597982310669,0.9027059649363102,0.994117951907131,0.956377792330641,0.9068105592402774,0.8202421752715888,0.934171932389855,0.00353370978767642,0.0013518722786379778
C0_b0.05_s4_lik0,C0,0.05,4,seen_lead_scaling_s3,seen_lead_scaling,3,False,0.8106284378461445,0.9161111642547832,0.9551949889386222,0.8148836425626389,0.9951544361525705,0.8925446856594986,0.9914058181315644,0.9488557811249363,0.8976484775399457,0.8178584382158242,0.9314542099674483,0.006083407012843045,0.005521922402110135
C0_b0.1_s0_lik0,C0,0.1,0,clean,clean,0,False,0.8425135600219924,0.9398231968360687,0.9749093224263004,0.8769822391373295,0.9941697761194029,0.9049616490891658,0.9926323244886678,0.9749690751655388,0.9294519709074464,0.8614251605482788,0.9489072536424878,,
C0_b0.1_s0_lik0,C0,0.1,0,lead_dropout_s1,lead_dropout,1,True,0.8326121002864342,0.9321419112688191,0.9741472449452077,0.8726460910244211,0.9914144555002764,0.8863469045336255,0.9860247374239911,0.9668831405078949,0.9178969136267712,0.8506003952852823,0.943317318571901,0.009901459735558227,0.007681285567249674
C0_b0.1_s0_lik0,C0,0.1,0,lead_dropout_s2,lead_dropout,2,True,0.8227917598411834,0.9205091293893857,0.9681470906004014,0.8493894703457024,0.9854287589828634,0.8583413231064239,0.9770418739635157,0.9597158553445391,0.9121664908049442,0.8388194197956852,0.9355318815603947,0.019721800180809046,0.01931406744668307
C0_b0.1_s0_lik0,C0,0.1,0,lead_dropout_s3,lead_dropout,3,True,0.815740495048998,0.9076289880649229,0.9575712558522406,0.8325107040913416,0.9858433526810393,0.8353821394329545,0.9752625760088447,0.9513146086492518,0.8806597640940609,0.8214757446511384,0.9286407471234355,0.026773064972994365,0.03219420877114587
C0_b0.1_s0_lik0,C0,0.1,0,limb_reversal_s1,limb_reversal,1,True,0.8146622284630064,0.9219639525642344,0.9531981530071513,0.8535670393276245,0.982440229408513,0.8805985481440898,0.9740706191265893,0.9659462999345121,0.8980747851974676,0.8487190080240196,0.9410608909081414,0.027851331558986003,0.017859244271834385
C0_b0.1_s0_lik0,C0,0.1,0,limb_reversal_s2,limb_reversal,2,True,0.795692042498238,0.9050105811906661,0.9302843803056027,0.8208204487789407,0.968784549474848,0.8601004999315163,0.9683267689331123,0.9579088748211211,0.8711161252637926,0.8366257610405431,0.9311278221665187,0.04682151752375441,0.03481261564540261
C0_b0.1_s0_lik0,C0,0.1,0,limb_reversal_s3,limb_reversal,3,True,0.7440442298867472,0.8624703158611711,0.8551152441220353,0.7793222724389471,0.9204411967938088,0.7750650595808793,0.943416597567717,0.9364191467171166,0.8398684805547181,0.8064518006039834,0.9061330443713337,0.09846933013524517,0.07735288097489768
C0_b0.1_s0_lik0,C0,0.1,0,baseline_step_s1,baseline_step,1,True,0.8393704416505897,0.9399839251284381,0.974825718989556,0.8764321677767206,0.9941006771697071,0.903810265717025,0.9928482587064676,0.9751176356448131,0.930219795749171,0.8624511954567408,0.9500496109457413,0.0031431183714026867,-0.00016072829236934982
C0_b0.1_s0_lik0,C0,0.1,0,baseline_step_s2,baseline_step,2,True,0.8372474636696187,0.9390625527850622,0.9730089519987652,0.8728690929273708,0.9941006771697071,0.903039823311875,0.99606135986733,0.9747477503698851,0.928943228067531,0.8596911809487234,0.9491009104043728,0.005266096352373739,0.0007606440510065093
C0_b0.1_s0_lik0,C0,0.1,0,baseline_step_s3,baseline_step,3,True,0.829569939865314,0.9378468194256343,0.9725073313782991,0.8693010624801776,0.9934442371475953,0.90702044240515,0.9892896627971255,0.9759544252831746,0.9279186765149231,0.857324900063424,0.9478606367608404,0.012943620156678382,0.001976377410434438
C0_b0.1_s0_lik0,C0,0.1,0,seen_baseline_wander_s1,seen_baseline_wander,1,False,0.8423097893136618,0.9400228677461138,0.9751729948037249,0.8775372660957819,0.9941870508568269,0.9051414189837008,0.9926755113322278,0.9751661451890659,0.9294566814892975,0.8615415350180478,0.9493272059463506,0.00020377070833055289,-0.00019967091004502446
C0_b0.1_s0_lik0,C0,0.1,0,seen_baseline_wander_s2,seen_baseline_wander,2,False,0.8412934331539637,0.9400215499159723,0.9747517621032052,0.8752477798921661,0.994161138750691,0.9054367552390084,0.9931678413488115,0.9753389604404666,0.9294519709074465,0.8629166933358159,0.9497210472261389,0.001220126868028748,-0.0001983530799035682
C0_b0.1_s0_lik0,C0,0.1,0,seen_baseline_wander_s3,seen_baseline_wander,3,False,0.8398213787421993,0.9401996042163714,0.974298374234707,0.8736669441801459,0.994083402432283,0.9063441651828517,0.9931505666113876,0.9757331004875209,0.9312796766656617,0.8631688380203153,0.9500713701324699,0.0026921812797930933,-0.00037640738030264576
C0_b0.1_s0_lik0,C0,0.1,0,seen_emg_bursts_s1,seen_emg_bursts,1,False,0.841782084614982,0.9398150538556354,0.9751537017029376,0.8761596098953377,0.994117951907131,0.90481184084372,0.9928309839690437,0.9752146547333187,0.929621551854085,0.8610566413940111,0.9493685484011349,0.0007314754070103513,8.142980433389901e-06
C0_b0.1_s0_lik0,C0,0.1,0,seen_emg_bursts_s2,seen_emg_bursts,2,False,0.8414771726708073,0.9394406396114712,0.9745877707465144,0.8734538534728831,0.9940488529574351,0.9048503629639775,0.9935478855721394,0.9749963617841811,0.929524984926138,0.8601954703177217,0.9497602137622504,0.001036387351185053,0.00038255722459756836
C0_b0.1_s0_lik0,C0,0.1,0,seen_emg_bursts_s3,seen_emg_bursts,3,False,0.8380190897081334,0.938762757155469,0.9733883829809127,0.8706440294957184,0.9940402155887231,0.9026117997534585,0.9935651603095632,0.9752207184263505,0.9303587579137774,0.8586379919973157,0.9503977579333995,0.004494470313858967,0.0010604396805997673
C0_b0.1_s0_lik0,C0,0.1,0,seen_lead_scaling_s1,seen_lead_scaling,1,False,0.8419936320722853,0.939253401842651,0.974664943149663,0.8738552568981922,0.9941956882255389,0.9057320914943158,0.9949816887783305,0.9741110626015669,0.9261616294844741,0.860185772445241,0.9493924835065365,0.0005199279497071219,0.0005697949934176938
C0_b0.1_s0_lik0,C0,0.1,0,seen_lead_scaling_s2,seen_lead_scaling,2,False,0.8418934285207204,0.938058095797222,0.9746681586664608,0.8744895734221377,0.9930296434494196,0.9019783248870018,0.9893587617468215,0.9741868587644619,0.9269082567078686,0.8608782005403655,0.9470250839904607,0.0006201315012720476,0.0017651010388467503
C0_b0.1_s0_lik0,C0,0.1,0,seen_lead_scaling_s3,seen_lead_scaling,3,False,0.8366365392922384,0.9352477633602257,0.9737163656942943,0.8726014906438313,0.9936601713653953,0.8975825229420626,0.9829411967938088,0.97283768706493,0.9199577931866145,0.8585177383785544,0.9454149041725417,0.0058770207297540455,0.004575433475842994
C0_b0.1_s1_lik0,C0,0.1,1,clean,clean,0,False,0.8465870241447214,0.941131832689305,0.9735459433040078,0.9035838883602918,0.9969423714759535,0.8868733735104779,0.9965536898839138,0.9700878022750976,0.9236438234850768,0.8807103497634691,0.9382452521454558,,
C0_b0.1_s1_lik0,C0,0.1,1,lead_dropout_s1,lead_dropout,1,True,0.8417997349690676,0.934023408479281,0.9728899778772444,0.9010565334601967,0.9918808734107242,0.8768833036570333,0.9949471393034827,0.9620655363942855,0.9149033388604161,0.8596097188198851,0.9319742545302626,0.004787289175653853,0.007108424210024
C0_b0.1_s1_lik0,C0,0.1,1,lead_dropout_s2,lead_dropout,2,True,0.8307871530943093,0.9210127258788512,0.9702789782373823,0.8885882492863939,0.9913712686567164,0.8575837214080262,0.9924768518518519,0.9428466613306167,0.8976272799216158,0.8417384794123866,0.9066030428046721,0.01579987105041214,0.020119106810453813
C0_b0.1_s1_lik0,C0,0.1,1,lead_dropout_s3,lead_dropout,3,True,0.8182878143575636,0.9143982916359038,0.9642563152749911,0.8832609816048208,0.9907148286346047,0.8637215792357211,0.986413419016031,0.943731960513231,0.8692601560144709,0.8318796222484712,0.8963457621807928,0.02829920978715783,0.0267335410534012
C0_b0.1_s1_lik0,C0,0.1,1,limb_reversal_s1,limb_reversal,1,True,0.806409089736883,0.922406983903985,0.9485324381334568,0.8909173802727561,0.9942647871752349,0.8814203533762499,0.9944720840243229,0.9512842901840938,0.9156852954476937,0.859962721378184,0.8651235051438717,0.040177934407838456,0.018724848785319992
C0_b0.1_s1_lik0,C0,0.1,1,limb_reversal_s2,limb_reversal,2,True,0.7812497366156763,0.8993426622591892,0.919203709420178,0.8638399936568348,0.9860506495301271,0.8608966237501713,0.992235005527916,0.9354428921390283,0.9074441324992463,0.8352001737858749,0.7937707800233259,0.06533728752904511,0.04178917043011576
C0_b0.1_s1_lik0,C0,0.1,1,limb_reversal_s3,limb_reversal,3,True,0.7199853847192638,0.8453575007502718,0.8542920718217833,0.8223517285125277,0.9638439745715865,0.793221818928914,0.9790111940298507,0.8940490916587839,0.879022836900814,0.7773736997577472,0.6450510905704389,0.12660163942545766,0.09577433193903317
C0_b0.1_s1_lik0,C0,0.1,1,baseline_step_s1,baseline_step,1,True,0.8471314562539618,0.9412306779605412,0.9743755466378557,0.902424278464954,0.9968819098949696,0.886462470894398,0.9966055140961857,0.9697694583909384,0.9237874962315346,0.8813426510492128,0.9394267759848208,-0.0005444321092403781,-9.884527123615872e-05
C0_b0.1_s1_lik0,C0,0.1,1,baseline_step_s2,baseline_step,2,True,0.8485401528308879,0.9412426920149617,0.973494495035242,0.9034401760228353,0.9968905472636815,0.8887695178742638,0.996268656716418,0.9698119042421595,0.9233918073560445,0.8810633523217678,0.9380537713022439,-0.001953128686166483,-0.00011085932565668699
C0_b0.1_s1_lik0,C0,0.1,1,baseline_step_s3,baseline_step,3,True,0.8435582948268329,0.9408968894038158,0.9735105726192312,0.8991337614969871,0.9964932283029297,0.890447370223257,0.9963463930348259,0.9695360062092218,0.9225533237865541,0.8805125131648619,0.9395388357964732,0.0030287293178885566,0.00023494328548923082
C0_b0.1_s1_lik0,C0,0.1,1,seen_baseline_wander_s1,seen_baseline_wander,1,False,0.846469287496953,0.9413389026524557,0.973426969182487,0.9035690215667618,0.9970028330569376,0.8872157923572114,0.9965796019900498,0.9703940187731936,0.9241125263792584,0.8814997565834009,0.9382496039828014,0.00011773664776837389,-0.0002070699631506745
C0_b0.1_s1_lik0,C0,0.1,1,seen_baseline_wander_s2,seen_baseline_wander,2,False,0.8473155672517635,0.9412663811151647,0.9723819262231824,0.9035045987947985,0.9969250967385296,0.8875753321462814,0.9965623272526258,0.9694420189672318,0.9230290925535123,0.8832356757574523,0.9387413616028688,-0.0007285431070420678,-0.00013454842585969295
C0_b0.1_s1_lik0,C0,0.1,1,seen_baseline_wander_s3,seen_baseline_wander,3,False,0.8449671936764956,0.9417662579858201,0.9727066934197663,0.9056255946717412,0.9968905472636815,0.889184700725928,0.9964932283029299,0.9700150379587184,0.9241619874886946,0.8841181821531993,0.9367003498877225,0.0016198304682257803,-0.0006344252965151398
C0_b0.1_s1_lik0,C0,0.1,1,seen_emg_bursts_s1,seen_emg_bursts,1,False,0.8462136520219342,0.9411740085676554,0.9735684519215928,0.9025531240088804,0.9968991846323936,0.8876138542665388,0.9965450525152018,0.9704546557035097,0.9239029054868857,0.8809663735969603,0.9380624749769353,0.00037337212278720777,-4.217587835042558e-05
C0_b0.1_s1_lik0,C0,0.1,1,seen_emg_bursts_s2,seen_emg_bursts,2,False,0.8459610102696177,0.9413049308434274,0.973153650254669,0.9009722882968602,0.9967868988391376,0.8911707300369812,0.9965623272526257,0.9710883116253122,0.923982985378354,0.8806153106131577,0.937411875293749,0.0006260138751037481,-0.00017309815412236418
C0_b0.1_s1_lik0,C0,0.1,1,seen_emg_bursts_s3,seen_emg_bursts,3,False,0.8431309962368199,0.9409054141219875,0.9726970468693729,0.8957639549635268,0.9967091625207297,0.8922750308176962,0.9965968767274738,0.9724950884086444,0.9239876959602051,0.8815501855203005,0.936073685309938,0.00345602790790156,0.0002264185673175323
C0_b0.1_s1_lik0,C0,0.1,1,seen_lead_scaling_s1,seen_lead_scaling,1,False,0.8433473069947055,0.9403033890452122,0.9728899778772444,0.9007046860133207,0.9964241293532338,0.8858846390905355,0.9964241293532339,0.9681565160445317,0.9224897309315648,0.8820467165913142,0.9377099761519314,0.0032397171500159194,0.0008284436440928467
C0_b0.1_s1_lik0,C0,0.1,1,seen_lead_scaling_s2,seen_lead_scaling,2,False,0.8486972051063377,0.9394835417824936,0.9731665123218604,0.9034054868379321,0.9958627003869541,0.8882644500753321,0.9962600193477059,0.970357636615004,0.9233965179378957,0.8717243011228196,0.9329142513969397,-0.0021101809616163036,0.0016482909068114004
C0_b0.1_s1_lik0,C0,0.1,1,seen_lead_scaling_s3,seen_lead_scaling,3,False,0.8400903554549354,0.9350976685974663,0.9737903225806452,0.8958779337139232,0.9957417772249861,0.8794343240651964,0.995983623548922,0.9634298673263963,0.9101692041000905,0.8678936414929292,0.9335583233241075,0.006496668689786045,0.006034164091838656
C0_b0.1_s2_lik0,C0,0.1,2,clean,clean,0,False,0.848004295279806,0.9502839282505976,0.9789608735916036,0.9451018870916588,0.9956208540630183,0.893375051362827,0.9977283720287452,0.969454146353295,0.9222683335845644,0.8921150478008134,0.9579307883788536,,
C0_b0.1_s2_lik0,C0,0.1,2,lead_dropout_s1,lead_dropout,1,True,0.8409783269560535,0.9421779097717766,0.9810638215774039,0.9410531636536632,0.9950076008844666,0.87520545130804,0.9970114704256495,0.961707778505421,0.9053408577027435,0.8682873751156471,0.954923668772956,0.007025968323752574,0.008106018478820975
C0_b0.1_s2_lik0,C0,0.1,2,lead_dropout_s2,lead_dropout,2,True,0.8307112480853871,0.930989705000422,0.9792920718217832,0.9363205677132889,0.9924854892205638,0.8429966785371867,0.9971669430624654,0.9416187634917169,0.8882932619837202,0.8454682811684773,0.9552652880045955,0.01729304719441893,0.0192942232501756
C0_b0.1_s2_lik0,C0,0.1,2,lead_dropout_s3,lead_dropout,3,True,0.8251982769736381,0.9174936132860149,0.97454918454494,0.917132492863939,0.9906198175787728,0.8271298452266814,0.9956467661691543,0.936061388828252,0.8484370289418149,0.818382123329784,0.9494838720907968,0.022806018306167908,0.032790314964582734
C0_b0.1_s2_lik0,C0,0.1,2,limb_reversal_s1,limb_reversal,1,True,0.7893476814674529,0.912256655814865,0.9393071204403971,0.9178857437361242,0.9821811083471531,0.8664823311875086,0.9832607794361526,0.9591852822042737,0.8755534933675009,0.7873644479874005,0.8990895956272738,0.0586566138123531,0.03802727243573256
C0_b0.1_s2_lik0,C0,0.1,2,limb_reversal_s2,limb_reversal,2,True,0.737370467887829,0.8745780357434464,0.9130813654370531,0.8657181652394544,0.9713843974571588,0.816583344747295,0.9605185876174682,0.9540978437507579,0.8223003655411516,0.7114378647612286,0.8560803871394502,0.11063382739197702,0.0757058925071512
C0_b0.1_s2_lik0,C0,0.1,2,limb_reversal_s3,limb_reversal,3,True,0.6444067418162374,0.8056775238712692,0.8818908524978133,0.7671315017443704,0.9010503040353787,0.715458498835776,0.9139027086788281,0.9404515025831333,0.6925874283991559,0.6206231077026322,0.8180018103643358,0.20359755346356867,0.14460640437932837
C0_b0.1_s2_lik0,C0,0.1,2,baseline_step_s1,baseline_step,1,True,0.8474007673822211,0.9504829698149366,0.9785203477902968,0.9448194180145892,0.9955603924820342,0.8933707711272428,0.9976851851851852,0.9703091270707511,0.9231539229725655,0.892200389078644,0.9587271746131216,0.0006035278975848879,-0.00019904156433903086
C0_b0.1_s2_lik0,C0,0.1,2,baseline_step_s2,baseline_step,2,True,0.8467747246187649,0.950196096671395,0.9784624684879354,0.9450919758959722,0.9957072277501382,0.8937688330365702,0.9976506357103372,0.9688871910548401,0.9221387925836599,0.8914458945996427,0.9586118509234599,0.0012295706610411239,8.783157920255746e-05
C0_b0.1_s2_lik0,C0,0.1,2,baseline_step_s3,baseline_step,3,True,0.8432496148387294,0.9496648538351958,0.97702834799609,0.9453100222010783,0.9955172056384743,0.8924291192987263,0.9972014925373135,0.9696118023721167,0.9223460581851071,0.8897720418094678,0.9577675944783888,0.004754680441076631,0.0006190744154017658
C0_b0.1_s2_lik0,C0,0.1,2,seen_baseline_wander_s1,seen_baseline_wander,1,False,0.8477907275155248,0.950270430938883,0.9785267788238925,0.9450771091024421,0.9956726782752902,0.8935591014929462,0.9977024599226091,0.9695754202139271,0.922477954476937,0.8919812171605793,0.957861158981322,0.000213567764281275,1.3497311714627536e-05
C0_b0.1_s2_lik0,C0,0.1,2,seen_baseline_wander_s2,seen_baseline_wander,2,False,0.8475022328252717,0.9504055914136362,0.9786135977774347,0.9453149777989216,0.9956208540630183,0.893298007122312,0.9977629215035931,0.9695723883674112,0.922680509496533,0.8921034103538367,0.9586836562396643,0.0005020624545343244,-0.00012166316303863223
C0_b0.1_s2_lik0,C0,0.1,2,seen_baseline_wander_s3,seen_baseline_wander,3,False,0.8466905518485085,0.9504690400206834,0.979044477028348,0.9452802886140184,0.9955431177446102,0.893785953978907,0.9977456467661691,0.9695360062092216,0.9235684541754597,0.8910424631044442,0.9586749525649729,0.0013137434312975316,-0.000185111770085844
C0_b0.1_s2_lik0,C0,0.1,2,seen_emg_bursts_s1,seen_emg_bursts,1,False,0.8479318490233898,0.9503237880975901,0.9790541235787416,0.9447103948620361,0.9955776672194582,0.8940085262292837,0.9977197346600332,0.9695996749860535,0.9223013076575219,0.8920510418424406,0.9578916218427419,7.244625641622537e-05,-3.985984699250711e-05
C0_b0.1_s2_lik0,C0,0.1,2,seen_emg_bursts_s2,seen_emg_bursts,2,False,0.8480045194566541,0.9505038400716835,0.9794528476616762,0.944081033935934,0.9957504145936982,0.8971973017394878,0.9977110972913211,0.9684172548448908,0.922376676967139,0.8921654767377133,0.9573824568732919,-2.2417684808484495e-07,-0.00021991182108593854
C0_b0.1_s2_lik0,C0,0.1,2,seen_emg_bursts_s3,seen_emg_bursts,3,False,0.8471572195108076,0.9504169847368059,0.979616839018367,0.9425745321915635,0.9958540630182421,0.8987809889056294,0.9976938225538972,0.968474859928691,0.9225391920410009,0.891343097151347,0.9568754678225148,0.0008470757689984509,-0.00013305648620831612
C0_b0.1_s2_lik0,C0,0.1,2,seen_lead_scaling_s1,seen_lead_scaling,1,False,0.8469259806517986,0.9500600465396515,0.9790476925451459,0.944631105296543,0.9955085682697623,0.8954466853855636,0.9976765478164732,0.9684354459239854,0.9196657371118481,0.8918105346049183,0.9583181019026233,0.0010783146280074485,0.00022388171094611664
C0_b0.1_s2_lik0,C0,0.1,2,seen_lead_scaling_s2,seen_lead_scaling,2,False,0.8452052216249553,0.9483611716855506,0.9789126408396358,0.9428173564858865,0.9952926340519624,0.888491302561293,0.997840657822001,0.9693177132600839,0.9161021819415134,0.888375548172242,0.9581005100353369,0.00279907365485077,0.0019227565650470346
C0_b0.1_s2_lik0,C0,0.1,2,seen_lead_scaling_s3,seen_lead_scaling,3,False,0.8437619580668583,0.945155498385722,0.9796554252199413,0.9415338566444655,0.99610454671089,0.8933622106560746,0.9972360420121614,0.9631509374469426,0.9085346321977691,0.8747616747837861,0.9520601597994673,0.0042423372129477555,0.0051284298648756055
C0_b0.1_s3_lik0,C0,0.1,3,clean,clean,0,False,0.8302845118861519,0.9457579675035611,0.9691728404589185,0.9319745084046939,0.9962600193477058,0.9104018285166416,0.9954912935323383,0.9703818913871305,0.9216229838709679,0.8577826396445146,0.9587337023691402,,
C0_b0.1_s3_lik0,C0,0.1,3,lead_dropout_s1,lead_dropout,1,True,0.8230153519041653,0.9394129667179337,0.9690217111694192,0.933109340310815,0.99212271973466,0.8936489864402136,0.9939279297954671,0.9606648233039851,0.9121947542960507,0.8475572029008276,0.9524692325099657,0.007269159981986628,0.006345000785627386
C0_b0.1_s3_lik0,C0,0.1,3,lead_dropout_s2,lead_dropout,2,True,0.815908678789234,0.9254514554981689,0.9701214179142872,0.9203883206470028,0.9811187119955777,0.8556875770442406,0.9868280127142067,0.9514389143563996,0.8984775399457341,0.8230060689285984,0.9419965359374729,0.014375833096917923,0.02030651200539224
C0_b0.1_s3_lik0,C0,0.1,3,lead_dropout_s3,lead_dropout,3,True,0.8008091539895265,0.9168699351918495,0.9655457375109328,0.9240257294640025,0.9810927998894418,0.8549128544035064,0.9832089552238805,0.9414307890077374,0.8629833056979199,0.806748555501894,0.9318806900273295,0.029475357896625476,0.028888032311711664
C0_b0.1_s3_lik0,C0,0.1,3,limb_reversal_s1,limb_reversal,1,True,0.7989646173641985,0.9321271563785687,0.951439265318722,0.9200711623850302,0.9944807213930349,0.9070076016983974,0.970710682697623,0.9594884668558539,0.9076396216460658,0.835017853783237,0.9432890316291539,0.031319894521953384,0.013630811124992426
C0_b0.1_s3_lik0,C0,0.1,3,limb_reversal_s2,limb_reversal,2,True,0.7814943823707343,0.9157227394114982,0.9287055615578537,0.8982021091024421,0.9887109590934218,0.8936104643199562,0.9440730375898286,0.9550316524776249,0.8878033614712089,0.8166636603261977,0.9287038487649486,0.04879012951541761,0.030035228092062938
C0_b0.1_s3_lik0,C0,0.1,3,limb_reversal_s3,limb_reversal,3,True,0.723353218433572,0.8757674491593354,0.873533724340176,0.8445428956549318,0.9777415008291874,0.8544805506095055,0.8542271282476505,0.9359886245118727,0.8351555434127224,0.7830644113294425,0.923172663498529,0.1069312934525799,0.06999051834422576
C0_b0.1_s3_lik0,C0,0.1,3,baseline_step_s1,baseline_step,1,True,0.8285411807295867,0.9464760988356296,0.9688448577455367,0.9310180780209324,0.9962341072415699,0.9118656690864265,0.9957936014372581,0.9714885153653982,0.9222023854386494,0.8616579094878165,0.9591797656970773,0.0017433311565652199,-0.000718131332068439
C0_b0.1_s3_lik0,C0,0.1,3,baseline_step_s2,baseline_step,2,True,0.8299495068201788,0.9452538348181575,0.9692435818284714,0.929372819536949,0.996199557766722,0.9092504451445008,0.9954049198452183,0.9706365664944578,0.9200543601145614,0.8585778651879351,0.9585443974446011,0.0003350050659731707,0.0005041326854036132
C0_b0.1_s3_lik0,C0,0.1,3,baseline_step_s3,baseline_step,3,True,0.8306016974411027,0.9451294063885786,0.9662017029376961,0.9289862829051696,0.9958886124930901,0.9084329201479249,0.9953185461580984,0.9731954449537947,0.9205489712089238,0.8592392600911213,0.958352916601389,-0.0003171855549507496,0.000628561114982551
C0_b0.1_s3_lik0,C0,0.1,3,seen_baseline_wander_s1,seen_baseline_wander,1,False,0.8303926740668011,0.9459003792669761,0.9692049956268972,0.9317267285125278,0.9962600193477059,0.9109411382002466,0.9954481066887783,0.9703849232336462,0.9221175949653301,0.8581143068833559,0.9589055999442966,-0.00010816218064912952,-0.00014241176341500683
C0_b0.1_s3_lik0,C0,0.1,3,seen_baseline_wander_s2,seen_baseline_wander,2,False,0.8301277797764598,0.9459511786960727,0.9686776508720482,0.9310032112274025,0.9962772940851299,0.9102691412135325,0.9953358208955223,0.9705122607873099,0.9232316475731083,0.8594720090306588,0.9587815725799432,0.00015673210969213702,-0.0001932111925115887
C0_b0.1_s3_lik0,C0,0.1,3,seen_baseline_wander_s3,seen_baseline_wander,3,False,0.8305676444740957,0.9459673925021271,0.9686905129392397,0.9321330875356801,0.99614773355445,0.90784224763731,0.9956035793255942,0.9717037764680201,0.9223931640036177,0.8609635418181959,0.9582288892370359,-0.0002831325879437685,-0.00020942499856602126
C0_b0.1_s3_lik0,C0,0.1,3,seen_emg_bursts_s1,seen_emg_bursts,1,False,0.830629487534789,0.9458187276575303,0.9690988835725679,0.9317515065017444,0.996225469872858,0.9109625393781673,0.9955863045881703,0.9704122098522884,0.9217760777811275,0.8578000958149801,0.9587554615558689,-0.0003449756486371136,-6.076015396916379e-05
C0_b0.1_s3_lik0,C0,0.1,3,seen_emg_bursts_s2,seen_emg_bursts,2,False,0.8315565806407084,0.9459415197237987,0.9695554869578639,0.9313501030764351,0.9962600193477059,0.9123236542939324,0.9955172056384742,0.9702697130660457,0.9221647007838408,0.8570009911225676,0.9590318032273226,-0.0012720687545564324,-0.00018355222023758166
C0_b0.1_s3_lik0,C0,0.1,3,seen_emg_bursts_s3,seen_emg_bursts,3,False,0.8289368010070691,0.9451515639479583,0.9680956423316355,0.9292340627973359,0.9963032061912659,0.9104146692233941,0.9955603924820343,0.9703212544568144,0.9217195507989148,0.8567061757991533,0.9580091214510766,0.0013477108790828085,0.0006064035556028191
C0_b0.1_s3_lik0,C0,0.1,3,seen_lead_scaling_s1,seen_lead_scaling,1,False,0.8297975398033287,0.9448073750185154,0.968658357771261,0.9300814700285442,0.996069997236042,0.9086255307492124,0.9954308319513544,0.9704061461592567,0.9203888114259874,0.8554144191847194,0.9581908106602608,0.0004869720828232227,0.0009505924850456982
C0_b0.1_s3_lik0,C0,0.1,3,seen_lead_scaling_s2,seen_lead_scaling,2,False,0.8296718185334048,0.9449528781949085,0.969092452538972,0.934194616238503,0.99601817302377,0.9079920558827558,0.9959922609176342,0.9704546557035096,0.916808769219174,0.8555133374840228,0.9585095827458354,0.0006126933527471623,0.0008050893086526401
C0_b0.1_s3_lik0,C0,0.1,3,seen_lead_scaling_s3,seen_lead_scaling,3,False,0.8292713486525695,0.9405882565253812,0.9691599783917272,0.9284808119251508,0.9962945688225538,0.902290782084646,0.9957072277501382,0.9628598801814257,0.903706285800422,0.853011286383993,0.9537834873883755,0.0010131632335824703,0.0051697109781798645
C0_b0.1_s4_lik0,C0,0.1,4,clean,clean,0,False,0.8476078025960473,0.9425105191319825,0.9765202963420282,0.9095157389787504,0.9971410309563294,0.9312936584029585,0.9915008291873963,0.9614106575468723,0.8948032861018993,0.8764956543833413,0.9439135202882657,,
C0_b0.1_s4_lik0,C0,0.1,4,lead_dropout_s1,lead_dropout,1,True,0.8366481720631118,0.9357598015822526,0.97890620980604,0.9165229543292104,0.9952494472084024,0.9125547870154774,0.9896092454394693,0.9480917558029542,0.8779394030750678,0.865106472941966,0.937857938621686,0.010959630532935472,0.00675071754972989
C0_b0.1_s4_lik0,C0,0.1,4,lead_dropout_s2,lead_dropout,2,True,0.8364545021940148,0.9210946252456284,0.9731825899058497,0.9148430066603236,0.9940315782200111,0.880273250239693,0.9866984521835269,0.9310861286958209,0.8474878466988243,0.8298915583899205,0.9323572162166868,0.01115330040203244,0.02141589388635412
C0_b0.1_s4_lik0,C0,0.1,4,lead_dropout_s3,lead_dropout,3,True,0.8118446481445609,0.9094728153117688,0.9690056335854299,0.8889500079289566,0.9950076008844665,0.8642694493904944,0.9810409756771697,0.9354277329064493,0.8238148176062707,0.8074778355124452,0.9202612843142375,0.03576315445148637,0.03303770382021365
C0_b0.1_s4_lik0,C0,0.1,4,limb_reversal_s1,limb_reversal,1,True,0.8195382394849459,0.9236496832635503,0.9690410042702063,0.902914882651443,0.9950076008844665,0.930304923983016,0.976774115533444,0.9326475296514588,0.8466611395839615,0.8391258725660764,0.9203700802478807,0.028069563111101425,0.018860835868432124
C0_b0.1_s4_lik0,C0,0.1,4,limb_reversal_s2,limb_reversal,2,True,0.7972344441154112,0.9035456188099474,0.961391289808098,0.8880381779257849,0.994135226644555,0.8979163813176276,0.9652000414593698,0.9129465909917777,0.7977959187518843,0.8153059581788948,0.899180984211534,0.050373358480636066,0.038964900322035034
C0_b0.1_s4_lik0,C0,0.1,4,limb_reversal_s3,limb_reversal,3,True,0.7393530932070705,0.8586219238433807,0.9399952410351392,0.8482794164287979,0.9874930901050304,0.8575195178742638,0.9234038142620232,0.893785321011909,0.6798876997286705,0.7794315882981592,0.8178016258464325,0.10825470938897674,0.08388859528860182
C0_b0.1_s4_lik0,C0,0.1,4,baseline_step_s1,baseline_step,1,True,0.8467087714393626,0.9428397908049888,0.9782020116273087,0.9081033935934032,0.9969164593698177,0.930818552253116,0.99216590657822,0.9625263770646875,0.8952884760325596,0.8773296714166845,0.9442072693091023,0.0008990311566846598,-0.0003292716730063372
C0_b0.1_s4_lik0,C0,0.1,4,baseline_step_s2,baseline_step,2,True,0.8474393513295553,0.942263006167755,0.9762984256829758,0.9078209245163337,0.9970892067440575,0.9299411039583618,0.9918031370923163,0.9626021732275825,0.8946030863732289,0.8765848748101641,0.9436241231047748,0.00016845126649200903,0.0002475129642274254
C0_b0.1_s4_lik0,C0,0.1,4,baseline_step_s3,baseline_step,3,True,0.8452839480474387,0.9404797841592908,0.9748739517415239,0.9018048287345386,0.9970892067440575,0.9299710656074509,0.9910430486456606,0.9613894346212617,0.8888655976786253,0.8766120288531102,0.9426688948073877,0.002323854548608617,0.0020307349726916835
C0_b0.1_s4_lik0,C0,0.1,4,seen_baseline_wander_s1,seen_baseline_wander,1,False,0.8473735002907122,0.9423924768481771,0.9762887791325823,0.9082817951157627,0.9970892067440575,0.9318201273798109,0.9910948728579326,0.9618017657474107,0.8947020085921014,0.8765228084262875,0.9439309276376486,0.00023430230533505458,0.00011804228380540849
C0_b0.1_s4_lik0,C0,0.1,4,seen_baseline_wander_s2,seen_baseline_wander,2,False,0.8471582588427978,0.9424974045858012,0.9759897360703812,0.9069735172851252,0.9971583056937535,0.9327789001506642,0.9915872028745163,0.9628325935627835,0.895052946940006,0.8762726033162844,0.9438308353786968,0.0004495437532494595,1.3114546181247633e-05
C0_b0.1_s4_lik0,C0,0.1,4,seen_baseline_wander_s3,seen_baseline_wander,3,False,0.8461160883818216,0.9431990586861299,0.9761569429438699,0.9084155962575325,0.9971323935876174,0.9345166757978359,0.9923213792150359,0.9638725169177037,0.8957948635815496,0.8769592126879205,0.9436219471861019,0.00149171421422567,-0.0006885395541473827
C0_b0.1_s4_lik0,C0,0.1,4,seen_emg_bursts_s1,seen_emg_bursts,1,False,0.8471429936511938,0.9427425115101032,0.9767743221690589,0.9092382254995243,0.9970892067440575,0.9321625462265445,0.9916217523493642,0.9621716510223387,0.8948127072656015,0.8764917752343492,0.9443204170800913,0.0004648089448534565,-0.00023199237812077111
C0_b0.1_s4_lik0,C0,0.1,4,seen_emg_bursts_s2,seen_emg_bursts,2,False,0.8475253139347302,0.9426375945775178,0.9764592015228688,0.9101252775134793,0.9970632946379215,0.9317002807834545,0.9916908512990602,0.9629326444978049,0.8942285951160688,0.8761077394841119,0.9434304663428901,8.248866131710386e-05,-0.00012707544553536287
C0_b0.1_s4_lik0,C0,0.1,4,seen_emg_bursts_s3,seen_emg_bursts,3,False,0.8468599477675949,0.9422875552711254,0.9776521582548747,0.906542380272756,0.9970546572692095,0.9321154636351185,0.9915008291873963,0.9625870139950035,0.8943180961712391,0.8759874858653509,0.9428299127891797,0.00074785482845241,0.00022296386085707276
C0_b0.1_s4_lik0,C0,0.1,4,seen_lead_scaling_s1,seen_lead_scaling,1,False,0.846663794143984,0.9423727662078139,0.976018675721562,0.9117358468125595,0.9970114704256495,0.9309598000273934,0.9913885433941404,0.9608527977879647,0.893872946186313,0.8763889777860533,0.9431258377286891,0.0009440084520633274,0.0001377529241686215
C0_b0.1_s4_lik0,C0,0.1,4,seen_lead_scaling_s2,seen_lead_scaling,2,False,0.846439572624009,0.941218621719568,0.9744495035242063,0.9115673564858865,0.9970805693753455,0.9284601424462403,0.9929605444997236,0.9618836256033374,0.8935432054567382,0.8700640253541179,0.9409586227305168,0.0011682299720382483,0.0012918974124144222
C0_b0.1_s4_lik0,C0,0.1,4,seen_lead_scaling_s3,seen_lead_scaling,3,False,0.8420779307890616,0.9347901644232172,0.974320882852292,0.8937371154456074,0.9972878662244334,0.9189152170935487,0.9859901879491432,0.9553742511339106,0.8817361320470305,0.8662294865752351,0.939520340487754,0.00552987180698572,0.007720354708765309
C0_b0.25_s0_lik0,C0,0.25,0,clean,clean,0,False,0.8746322789186104,0.9645952512729844,0.9772502186551421,0.968903623533143,0.9978320204532891,0.9512609574030955,0.9973137783305693,0.9769458390938417,0.9355969249321676,0.9064969926897437,0.9697569063658676,,
C0_b0.25_s0_lik0,C0,0.25,0,lead_dropout_s1,lead_dropout,1,True,0.8638608778082303,0.957416085062379,0.9774399341462159,0.968338685379004,0.9946102819237148,0.9397342829749349,0.9958886124930901,0.9652914210870989,0.922152924329213,0.8883774877467382,0.9649111354814003,0.010771401110380108,0.007179166210605437
C0_b0.25_s0_lik0,C0,0.25,0,lead_dropout_s2,lead_dropout,2,True,0.8529920493527405,0.9470427003306566,0.9754238051139578,0.9576147716460515,0.9948607656163626,0.9140528694699356,0.9936688087341072,0.948707220645662,0.9182478519746758,0.8627925605680624,0.9580156492070953,0.021640229565869862,0.01755255094232777
C0_b0.25_s0_lik0,C0,0.25,0,lead_dropout_s3,lead_dropout,3,True,0.8439842434084687,0.9377423289115021,0.9705201419972218,0.9554243973993022,0.9913626312880044,0.9027915696479933,0.9945152708678828,0.9521786849062553,0.8797223583056979,0.8486453041931661,0.9445206015979947,0.030648035510141725,0.02685292236148229
C0_b0.25_s0_lik0,C0,0.25,0,limb_reversal_s1,limb_reversal,1,True,0.8378039143230624,0.9518721087267108,0.969278952513248,0.9567772756105297,0.9972446793808735,0.9407615395151349,0.9893242122719734,0.9540402386669578,0.9248850618028339,0.8888022545613942,0.9457347642174526,0.03682836459554795,0.012723142546273603
C0_b0.25_s0_lik0,C0,0.25,0,limb_reversal_s2,limb_reversal,2,True,0.8209382386296581,0.9383227561978337,0.9621115655708186,0.9426389549635268,0.9972014925373135,0.9245052047664704,0.980367260917634,0.9344332872492662,0.9018526718420259,0.8769049046020284,0.9248894633314184,0.053694040288952305,0.026272495075150726
C0_b0.25_s0_lik0,C0,0.25,0,limb_reversal_s3,limb_reversal,3,True,0.7733269492477771,0.9139889743145818,0.954008463240212,0.9294669758959722,0.9955258430071863,0.8743151623065334,0.9717385295743506,0.8904472579980112,0.8514565119083509,0.8498323237848081,0.909109701115811,0.10130532967083328,0.050606276958402585
C0_b0.25_s0_lik0,C0,0.25,0,baseline_step_s1,baseline_step,1,True,0.8740214327549202,0.9648297778337752,0.9776167875700982,0.9684923089121471,0.9978406578220012,0.950195178742638,0.9973224156992814,0.9776643867180868,0.9355521744045825,0.9089466752783775,0.9698374153567636,0.0006108461636902263,-0.00023452656079081535
C0_b0.25_s0_lik0,C0,0.25,0,baseline_step_s2,baseline_step,2,True,0.8732449741928318,0.9648832293601622,0.9779222616658949,0.9695280288614019,0.9979097567716971,0.9511282700999864,0.9974087893864013,0.9769791894055155,0.9355356873681037,0.9081805433523994,0.9693565373300607,0.0013873047257786375,-0.00028797808717784257
C0_b0.25_s0_lik0,C0,0.25,0,baseline_step_s3,baseline_step,3,True,0.8708577319898908,0.9641798152690851,0.9745524000617379,0.9662325562955916,0.9977801962410171,0.9520699219285029,0.9973656025428413,0.9784708578912901,0.9324196374736207,0.9092531280487687,0.9694740369383954,0.003774546928719591,0.00041543600389926105
C0_b0.25_s0_lik0,C0,0.25,0,seen_baseline_wander_s1,seen_baseline_wander,1,False,0.8747543158317423,0.9646376790509008,0.9768161238874311,0.9688144227719633,0.9978406578220012,0.9515691343651556,0.9973310530679933,0.976867011084431,0.9357099788965934,0.9069663697178112,0.9698243598447265,-0.00012203691313195097,-4.2427777916409504e-05
C0_b0.25_s0_lik0,C0,0.25,0,seen_baseline_wander_s2,seen_baseline_wander,2,False,0.8729761809133708,0.9645100321797889,0.976658563564336,0.968383285759594,0.9978492951907131,0.9494461375154089,0.9973828772802653,0.9773521065269593,0.9357123341875189,0.9079225799444117,0.9698831096488938,0.0016560980052395813,8.52190931954766e-05
C0_b0.25_s0_lik0,C0,0.25,0,seen_baseline_wander_s3,seen_baseline_wander,3,False,0.8718565828850918,0.9644432463487331,0.976452770489273,0.9679471931493815,0.9979356688778331,0.9494975003424189,0.9974778883360973,0.9775279536248758,0.9354603180584865,0.9082833408006952,0.9694065834595366,0.002775696033518571,0.00015200492425127
C0_b0.25_s0_lik0,C0,0.25,0,seen_emg_bursts_s1,seen_emg_bursts,1,False,0.8739504247984898,0.96466501271871,0.9777872099603847,0.9684031081509674,0.9978233830845772,0.950811532666758,0.9973396904367053,0.977139877270853,0.9356440307506783,0.9070226173781996,0.9700136647692655,0.0006818541201205619,-6.976144572556908e-05
C0_b0.25_s0_lik0,C0,0.25,0,seen_emg_bursts_s2,seen_emg_bursts,2,False,0.8739360600249383,0.9651131992544355,0.9795428821320162,0.9684080637488107,0.9977715588723052,0.9517703054376112,0.9973569651741293,0.9773521065269591,0.9356298990051252,0.9081145978195303,0.970072414573433,0.000696218893672107,-0.0005179479814511057
C0_b0.25_s0_lik0,C0,0.25,0,seen_emg_bursts_s3,seen_emg_bursts,3,False,0.8707851583060957,0.9645932661250072,0.9793531666409425,0.965583372978116,0.9977974709784411,0.9499512053143405,0.9973051409618573,0.9781888961653206,0.9358230328610191,0.9079109424974349,0.9694261667275924,0.0038471206125146873,1.9851479772237113e-06
C0_b0.25_s0_lik0,C0,0.25,0,seen_lead_scaling_s1,seen_lead_scaling,1,False,0.8745963734278541,0.9639659815026835,0.9771955548695787,0.968566642879797,0.9977370093974572,0.9502122996849747,0.9974087893864013,0.9751994955007397,0.9343109360868255,0.9054302267168628,0.9696328790015144,3.5905490756271696e-05,0.0006292697703008665
C0_b0.25_s0_lik0,C0,0.25,0,seen_lead_scaling_s2,seen_lead_scaling,2,False,0.8734928714176473,0.9633720279791645,0.977529968616556,0.9674169441801459,0.9975988114980653,0.9508628954937679,0.9971842177998895,0.9756936864828155,0.9304765224600542,0.9062196335367947,0.9673655717443905,0.0011394075009630855,0.0012232232938198528
C0_b0.25_s0_lik0,C0,0.25,0,seen_lead_scaling_s3,seen_lead_scaling,3,False,0.8710483862046239,0.9601940460153587,0.9767871842362504,0.9655784173802728,0.9976506357103372,0.9457094918504314,0.9968387230514096,0.9704971015547309,0.924783784293036,0.8995339202485758,0.9643671558131843,0.003583892713986514,0.004401205257625662
C0_b0.25_s1_lik0,C0,0.25,1,clean,clean,0,False,0.8831098772675173,0.9587142261210411,0.9794657097288677,0.9469255470980018,0.9964673161967937,0.9159019312422956,0.997952943615257,0.9800868320842124,0.9411271480253242,0.9046233637264657,0.9658772433721516,,
C0_b0.25_s1_lik0,C0,0.25,1,lead_dropout_s1,lead_dropout,1,True,0.8759639600928099,0.9512451862594354,0.9788290374028914,0.9429164684427529,0.990144762299613,0.9039857553759758,0.9970632946379214,0.9718341458681996,0.9307144068435335,0.884733027268478,0.9609857781955541,0.007145917174707472,0.007469039861605631
C0_b0.25_s1_lik0,C0,0.25,1,lead_dropout_s2,lead_dropout,2,True,0.8645649924093607,0.9416297889185168,0.9788483305036785,0.9312609023152554,0.9876917495854063,0.888183125599233,0.9972965035931454,0.9615288995609886,0.9164107250527586,0.8560719349389131,0.9573759291172732,0.01854488485815664,0.017084437202524283
C0_b0.25_s1_lik0,C0,0.25,1,lead_dropout_s3,lead_dropout,3,True,0.8522095742368168,0.9311541078480574,0.973288701960179,0.9265332619727243,0.9906889165284687,0.879626934666484,0.9905075317855169,0.9594429891581169,0.8808105027132952,0.8350915576140905,0.9443965742336414,0.03090030303070057,0.027560118272983658
C0_b0.25_s1_lik0,C0,0.25,1,limb_reversal_s1,limb_reversal,1,True,0.8388459831478815,0.9401394637455094,0.9688352111951433,0.924278464954012,0.9948780403537866,0.906844952746199,0.9888146075179658,0.9736168716194911,0.9233376356647572,0.8571503383587709,0.9234990512994586,0.04426389411963583,0.018574762375531684
C0_b0.25_s1_lik0,C0,0.25,1,limb_reversal_s2,limb_reversal,2,True,0.8043602938988575,0.9193696110833844,0.9601018675721562,0.8826563986679352,0.9933665008291874,0.8843351938090672,0.9716953427307905,0.9685021465473332,0.9027194189026227,0.8193713063228188,0.8915783243685484,0.07874958336865978,0.03934461503765663
C0_b0.25_s1_lik0,C0,0.25,1,limb_reversal_s3,limb_reversal,3,True,0.7379545086544954,0.8790823977591743,0.944197921489942,0.7842233587059942,0.9847723189607518,0.8362767086700452,0.9286726091763405,0.9565657668146207,0.8586165963219777,0.7598205505676165,0.8585957491252807,0.14515536861302192,0.07963182836186677
C0_b0.25_s1_lik0,C0,0.25,1,baseline_step_s1,baseline_step,1,True,0.882245265297245,0.9587583848549792,0.9797486752070793,0.9454041785601015,0.9965450525152018,0.9161459046705931,0.9979443062465451,0.9799049212932645,0.9404252713295147,0.9059791262992725,0.9667280275732414,0.0008646119702723221,-4.415873393814884e-05
C0_b0.25_s1_lik0,C0,0.25,1,baseline_step_s2,baseline_step,2,True,0.8825472540463265,0.9583312244439246,0.97973259762309,0.9450622423089121,0.9963723051409619,0.9151914121353238,0.997909756771697,0.9797472652744428,0.9402015186915887,0.905498111824228,0.965265810225077,0.0005626232211908277,0.00038300167711646793
C0_b0.25_s1_lik0,C0,0.25,1,baseline_step_s3,baseline_step,3,True,0.879358052104447,0.9583106630186378,0.9789512270412102,0.9452555106248017,0.9962513819789939,0.9164112792768115,0.9978579325594251,0.9793561570739042,0.9383879446789268,0.9061013194925298,0.966223214441137,0.003751825163070377,0.00040356310240330373
C0_b0.25_s1_lik0,C0,0.25,1,seen_baseline_wander_s1,seen_baseline_wander,1,False,0.8828639689661578,0.9587357059998367,0.9792824252713896,0.9469503250872184,0.9964759535655058,0.9160945418435831,0.997944306246545,0.980111086856339,0.9412378466988244,0.9045671160660774,0.9659577523630477,0.0002459083013595098,-2.1479878795638285e-05
C0_b0.25_s1_lik0,C0,0.25,1,seen_baseline_wander_s2,seen_baseline_wander,2,False,0.8830128374437051,0.9588620705102561,0.9793306580233576,0.9463705201395496,0.9964414040906578,0.917661108067388,0.997952943615257,0.9801050231633074,0.9407997625866747,0.9049414539438339,0.9661557609622783,9.703982381226162e-05,-0.00014784438921500165
C0_b0.25_s1_lik0,C0,0.25,1,seen_baseline_wander_s3,seen_baseline_wander,3,False,0.8825287320996067,0.9591114393960528,0.9792084683850388,0.9470494370440851,0.9964241293532338,0.9179521640871114,0.997952943615257,0.980141405321497,0.94172539192041,0.905090801180037,0.9664582136578063,0.000581145167910635,-0.00039721327501174297
C0_b0.25_s1_lik0,C0,0.25,1,seen_emg_bursts_s1,seen_emg_bursts,1,False,0.8831917086459034,0.9587730986226255,0.9799030200133765,0.9464646764985727,0.9964414040906578,0.9163641966853855,0.997944306246545,0.9800322588469281,0.94121900437142,0.9046834905358463,0.9659055303148989,-8.183137838602139e-05,-5.887250158442825e-05
C0_b0.25_s1_lik0,C0,0.25,1,seen_emg_bursts_s2,seen_emg_bursts,2,False,0.8830992626167411,0.9589571475163127,0.9801377527396203,0.9458947827465906,0.9964673161967937,0.9171560402684563,0.997961580983969,0.9797351378883796,0.9411271480253242,0.9061245943864835,0.9660099744111964,1.0614650776230583e-05,-0.00024292139527160028
C0_b0.25_s1_lik0,C0,0.25,1,seen_emg_bursts_s3,seen_emg_bursts,3,False,0.8829427677902311,0.9586023469823804,0.9792567011370067,0.9446063273073263,0.9965536898839137,0.9169163470757431,0.997996130458817,0.9791045138130927,0.9414780863732289,0.9050772241585641,0.9664321026337319,0.00016710947728626468,0.00011187913866061994
C0_b0.25_s1_lik0,C0,0.25,1,seen_lead_scaling_s1,seen_lead_scaling,1,False,0.8811130366179504,0.9580730287695187,0.9790251839275609,0.94620698541072,0.9962600193477059,0.9148703944665113,0.997892482034273,0.9795168449392417,0.939643314742237,0.903612845413973,0.9656291886434453,0.0019968406495669555,0.000641197351522349
C0_b0.25_s1_lik0,C0,0.25,1,seen_lead_scaling_s2,seen_lead_scaling,2,False,0.8824042697623207,0.9582487764311165,0.9796039769511756,0.9448987075800824,0.9961909203980099,0.9182346596356663,0.997961580983969,0.9804294307404982,0.9399400813988543,0.9023404845445006,0.9646391456472923,0.0007056075051966593,0.0004654496899245686
C0_b0.25_s1_lik0,C0,0.25,1,seen_lead_scaling_s3,seen_lead_scaling,3,False,0.8793771237909661,0.9550852890584043,0.9797422441734835,0.9419402156676181,0.9968387230514096,0.9140785508834406,0.997978855721393,0.9776098134808022,0.9295626695809466,0.8955946444469012,0.9624218845196442,0.0037327534765512205,0.0036289370626367834
C0_b0.25_s2_lik0,C0,0.25,2,clean,clean,0,False,0.8832331091632543,0.9616882760437506,0.9810638215774039,0.9575305264827149,0.9976333609729132,0.9531357005889604,0.9967177998894416,0.9735168206844697,0.934383950105517,0.8958661848763618,0.965346319215973,,
C0_b0.25_s2_lik0,C0,0.25,2,lead_dropout_s1,lead_dropout,1,True,0.8729540749730599,0.9546377944055489,0.9825236662036322,0.9538832064700286,0.9949385019347706,0.9438604300780715,0.99601817302377,0.9626052050740983,0.9183750376846549,0.8770814058811777,0.962454523299737,0.01027903419019438,0.0070504816382017665
C0_b0.25_s2_lik0,C0,0.25,2,lead_dropout_s2,lead_dropout,2,True,0.8643662389692379,0.9432045850483745,0.9787743736173278,0.955037860767523,0.9893414870093975,0.9126446719627449,0.9957504145936982,0.9470336413689392,0.8988661629484473,0.8510814097603266,0.9603112434069665,0.01886687019401634,0.018483690995376167
C0_b0.25_s2_lik0,C0,0.25,2,lead_dropout_s3,lead_dropout,3,True,0.8519138300433061,0.9337980448527462,0.9786618305294027,0.9462714081826832,0.9906370923161968,0.9055908437200384,0.9932974018794914,0.9488012078876519,0.8546809051854085,0.8362203899708481,0.9500213240029941,0.03131927911994814,0.027890231191004422
C0_b0.25_s2_lik0,C0,0.25,2,limb_reversal_s1,limb_reversal,1,True,0.8434231984158154,0.943976187732328,0.9752469516900755,0.9436845861084682,0.9972014925373134,0.9413736132036707,0.9915094665561084,0.9615288995609885,0.9242420673801628,0.8418296394137054,0.9191689731404599,0.03980991074743889,0.01771208831142257
C0_b0.25_s2_lik0,C0,0.25,2,limb_reversal_s2,limb_reversal,2,True,0.825267470061673,0.9283681187659614,0.9658319185059423,0.9282181652394546,0.9971064814814815,0.9183245445829339,0.9843577252625759,0.9575965946299934,0.9137869309617124,0.8052512039908685,0.8848395042386896,0.05796563910158126,0.03332015727778925
C0_b0.25_s2_lik0,C0,0.25,2,limb_reversal_s3,limb_reversal,3,True,0.7753237397159983,0.8983011752337726,0.943850645675773,0.8927707738661593,0.9962168325041459,0.8903703259827421,0.978458402432283,0.9424252346649203,0.8907710280373833,0.7201543125469134,0.8296930213936323,0.10790936944725593,0.063387100809978
C0_b0.25_s2_lik0,C0,0.25,2,baseline_step_s1,baseline_step,1,True,0.8850541427010702,0.9617747122454067,0.9821217266038997,0.9568169203932763,0.9976506357103372,0.9523310162991371,0.9967782614704256,0.9739837250479032,0.934454608833283,0.8962890121165218,0.9655465037338764,-0.0018210335378159304,-8.643620165604826e-05
C0_b0.25_s2_lik0,C0,0.25,2,baseline_step_s2,baseline_step,2,True,0.8842054053655201,0.961418919685422,0.979523589031229,0.957609816048208,0.9975815367606412,0.9524465826599097,0.9967868988391376,0.9736199034660069,0.9336396781730479,0.896013592538069,0.9655486796525493,-0.0009722962022657988,0.0002693563583285874
C0_b0.25_s2_lik0,C0,0.25,2,baseline_step_s3,baseline_step,3,True,0.8790770914629539,0.9617162067269032,0.9810220198590317,0.9546364573422138,0.9975988114980653,0.953281228598822,0.9964932283029299,0.9753723107521405,0.933948221284293,0.897464394261187,0.9656291886434453,0.004156017700300385,-2.7930683152543878e-05
C0_b0.25_s2_lik0,C0,0.25,2,seen_baseline_wander_s1,seen_baseline_wander,1,False,0.8829639158280547,0.9618319376405231,0.9818934249112518,0.9574016809387884,0.9976247236042012,0.9527676003287221,0.9967782614704257,0.9732803366562371,0.9348785611998793,0.8962075499876837,0.9656552996675196,0.0002691933351995912,-0.00014366159677248191
C0_b0.25_s2_lik0,C0,0.25,2,seen_baseline_wander_s2,seen_baseline_wander,2,False,0.8828818351132723,0.9618319591096268,0.9809416319390853,0.9575701712654615,0.9976506357103372,0.9539532255855362,0.9967868988391376,0.9734288971355114,0.9332063046427495,0.8973402614934336,0.9656096053753895,0.00035127404998192,-0.00014368306587619895
C0_b0.25_s2_lik0,C0,0.25,2,seen_baseline_wander_s3,seen_baseline_wander,3,False,0.8829375077678989,0.9625260934736745,0.9826040541235788,0.9566038296860133,0.9977024599226092,0.9537862963977537,0.9968300856826976,0.9750145528632759,0.9359667056074766,0.8985389185320525,0.9656879384476126,0.00029560139535533825,-0.0008378174299238372
C0_b0.25_s2_lik0,C0,0.25,2,seen_emg_bursts_s1,seen_emg_bursts,1,False,0.8828406700454959,0.9618137163240458,0.9812213819004991,0.9572282350142721,0.9975988114980652,0.9533925147240104,0.9967437119955777,0.9738715467268185,0.9345488204703044,0.8960892359434187,0.9656291886434453,0.0003924391177583253,-0.00012544028029515264
C0_b0.25_s2_lik0,C0,0.25,2,seen_emg_bursts_s2,seen_emg_bursts,2,False,0.8826423249464289,0.9625599571116739,0.9832889592015229,0.9575255708848716,0.9976160862354893,0.9548178331735379,0.9967955362078497,0.9742262727691674,0.9341625527585167,0.8986708095977904,0.9659359931763192,0.0005907842168253463,-0.0008716810679232356
C0_b0.25_s2_lik0,C0,0.25,2,seen_emg_bursts_s3,seen_emg_bursts,3,False,0.8785414708665887,0.9621432816272772,0.9799576837989401,0.9580112194735173,0.9976160862354893,0.9525707094918504,0.9967696241017137,0.9743475466297994,0.9343957265601447,0.8999373517437745,0.9656835866102669,0.0046916382966655235,-0.00045500558352662424
C0_b0.25_s2_lik0,C0,0.25,2,seen_lead_scaling_s1,seen_lead_scaling,1,False,0.8818132200530374,0.9607413806066779,0.9810831146781912,0.9574165477323184,0.9974778883360973,0.9512395562251746,0.9966918877833056,0.9709821969972592,0.9308133290624058,0.8958913993448117,0.965076505300538,0.0014198891102168432,0.0009468954370727145
C0_b0.25_s2_lik0,C0,0.25,2,seen_lead_scaling_s2,seen_lead_scaling,2,False,0.8817713057615091,0.9605797526199523,0.9806779595616607,0.9588388043133523,0.9973224156992814,0.9502765032187371,0.9966573383084577,0.9744536612578525,0.9269930471811878,0.8967971806345123,0.9632008634045294,0.0014618034017451764,0.0011085234237983022
C0_b0.25_s2_lik0,C0,0.25,2,seen_lead_scaling_s3,seen_lead_scaling,3,False,0.877234054626876,0.957498080459131,0.9811924422493183,0.9589032270853155,0.9975038004422333,0.9520485207505821,0.9968128109452736,0.9700756748890343,0.9149080494422672,0.8853439932347641,0.9606942050933904,0.005999054536378279,0.004190195584619638
C0_b0.25_s3_lik0,C0,0.25,3,clean,clean,0,False,0.8847310687160677,0.9594342672528325,0.978472115038329,0.9556721772914685,0.9959749861802101,0.9472546568963155,0.9956899530127141,0.9650033956680977,0.9302574804039795,0.9015724130440265,0.965011227740352,,
C0_b0.25_s3_lik0,C0,0.25,3,lead_dropout_s1,lead_dropout,1,True,0.877814060505199,0.9538688093821212,0.9781987961105109,0.9570250555026958,0.9916649391929243,0.9308998767292153,0.9945670950801547,0.9533974872056077,0.9230526454627676,0.8915874835378615,0.9644259056173516,0.006917008210868714,0.005565457870711388
C0_b0.25_s3_lik0,C0,0.25,3,lead_dropout_s2,lead_dropout,2,True,0.860696961857482,0.943243031882883,0.9756103050882338,0.9509346257532508,0.9884777501381979,0.9054624366525134,0.9945843698175788,0.9369406243178345,0.9077338332830872,0.8714799147363052,0.9579634271589464,0.024034106858585647,0.016191235369949486
C0_b0.25_s3_lik0,C0,0.25,3,lead_dropout_s3,lead_dropout,3,True,0.8517962972973024,0.9383297167056723,0.9735266502032207,0.9502656200444022,0.9899288280818132,0.903964354198055,0.9895055970149254,0.9441837056440855,0.881733776756105,0.8587369102966192,0.9531220081118248,0.03293477141876522,0.021104550547160206
C0_b0.25_s3_lik0,C0,0.25,3,limb_reversal_s1,limb_reversal,1,True,0.8562731585202904,0.9492981474648469,0.974002546689304,0.9413207659372027,0.9936688087341073,0.939610156142994,0.990196586511885,0.9497077299958766,0.9212602690684353,0.8818236655242573,0.9520927985795603,0.02845791019577726,0.010136119787985676
C0_b0.25_s3_lik0,C0,0.25,3,limb_reversal_s2,limb_reversal,2,True,0.8330565432333076,0.9392584053243931,0.9699799351751813,0.9259237234379956,0.988201354339414,0.916197267497603,0.9812569098949696,0.9448264571054354,0.9107274080494422,0.8711501870719601,0.9450624053475377,0.05167452548276008,0.020175861928439454
C0_b0.25_s3_lik0,C0,0.25,3,limb_reversal_s3,limb_reversal,3,True,0.7919683987837172,0.9198943880172167,0.9450371713741832,0.906631581033936,0.9710043532338309,0.8858889193261197,0.9628765892758431,0.9383110189429771,0.8844517824841723,0.8508001714583854,0.9340479050255018,0.0927626699323505,0.03953987923561586
C0_b0.25_s3_lik0,C0,0.25,3,baseline_step_s1,baseline_step,1,True,0.8840429003661434,0.959679551978922,0.9786811236301898,0.9547058357120204,0.9960268103924821,0.9450674565128064,0.9957331398562742,0.9665890513958622,0.930427061350618,0.9049482424545703,0.9649372465054745,0.0006881683499242452,-0.0002452847260894231
C0_b0.25_s3_lik0,C0,0.25,3,baseline_step_s2,baseline_step,2,True,0.883442058335113,0.9592423556676314,0.9785910891598498,0.9543341658737711,0.9958540630182421,0.9456367278455007,0.9956381288004422,0.9653520580174149,0.9302457039493519,0.9026333602934189,0.9648959040506903,0.001289010380954636,0.00019191158520115437
C0_b0.25_s3_lik0,C0,0.25,3,baseline_step_s3,baseline_step,3,True,0.8792491174019657,0.9600631101606827,0.9785525029582754,0.9545869013637805,0.9957331398562742,0.9477896863443362,0.9957245024875622,0.9669377137451795,0.9304906542056075,0.904838656495538,0.9659142339895904,0.005481951314102007,-0.0006288429078501467
C0_b0.25_s3_lik0,C0,0.25,3,seen_baseline_wander_s1,seen_baseline_wander,1,False,0.8843611716931135,0.959484518699641,0.9783949426351803,0.9557911116397082,0.9958972498618022,0.9469593206410081,0.9957331398562742,0.9652641344684567,0.9305071412420862,0.9015956879379802,0.965217940014274,0.000369897022954202,-5.025144680848026e-05
C0_b0.25_s3_lik0,C0,0.25,3,seen_baseline_wander_s2,seen_baseline_wander,2,False,0.884939472420732,0.9600298603157404,0.977783994443587,0.956370916587377,0.9959058872305141,0.9502080194493905,0.9957331398562742,0.9651944019985932,0.9306461034066928,0.9028253781685374,0.965600901700698,-0.00020840370466435054,-0.0005955930629079065
C0_b0.25_s3_lik0,C0,0.25,3,seen_baseline_wander_s3,seen_baseline_wander,3,False,0.8846215837069182,0.9597058296595004,0.9774753048309924,0.9561974706628608,0.9960354477611941,0.9478282084645939,0.9957245024875622,0.9649973319750661,0.9302527698221283,0.903096918597998,0.965744512333107,0.00010948500914942372,-0.0002715624066678135
C0_b0.25_s3_lik0,C0,0.25,3,seen_emg_bursts_s1,seen_emg_bursts,1,False,0.8845970713245246,0.9596891947291449,0.9783756495343933,0.9562569378369806,0.99601817302377,0.9471690521846322,0.9957331398562741,0.9653884401756045,0.9305872211335544,0.9024801339082232,0.9651940049088724,0.00013399739154307255,-0.0002549274763123943
C0_b0.25_s3_lik0,C0,0.25,3,seen_emg_bursts_s2,seen_emg_bursts,2,False,0.8836295855713432,0.9596237166603098,0.9792052528682409,0.9530308436409768,0.9959317993366501,0.9466939460347898,0.9957072277501382,0.9662737393582187,0.9312419920108532,0.9039852437172332,0.9645434052256863,0.0011014831447244688,-0.00018944940747722683
C0_b0.25_s3_lik0,C0,0.25,3,seen_emg_bursts_s3,seen_emg_bursts,3,False,0.8810225962537923,0.9599695146185907,0.9786425374286155,0.9534818030447193,0.99597498618021,0.9464028900150664,0.9957245024875623,0.9676077518251716,0.9332863845342176,0.9052711816081788,0.9633335944435742,0.0037084724622753473,-0.0005352473657581625
C0_b0.25_s3_lik0,C0,0.25,3,seen_lead_scaling_s1,seen_lead_scaling,1,False,0.8824979479944842,0.9586759866711552,0.97812483922416,0.956400650174437,0.9958627003869541,0.9438047870154773,0.9956381288004423,0.9632570520749957,0.9292399947241484,0.9007597313301408,0.964995996309642,0.002233120721583437,0.000758280581677373
C0_b0.25_s3_lik0,C0,0.25,3,seen_lead_scaling_s2,seen_lead_scaling,2,False,0.8833764923056503,0.9583468049442576,0.9789865977259866,0.9536403821757056,0.9955344803758982,0.9460690316395014,0.9948866777224985,0.9641878289553469,0.9253773176062707,0.9019564487942635,0.9644824795028462,0.001354576410417363,0.0010874623085749269
C0_b0.25_s3_lik0,C0,0.25,3,seen_lead_scaling_s3,seen_lead_scaling,3,False,0.8754844363917654,0.9549034277754765,0.9800509337860781,0.9527186409768473,0.9954481066887784,0.9482048691960006,0.9946534687672748,0.9594369254650852,0.9074629748266507,0.8933544359038513,0.9628004943687225,0.009246632324302229,0.004530839477355997
C0_b0.25_s4_lik0,C0,0.25,4,clean,clean,0,False,0.8839136995324284,0.961953750366144,0.9824400627668878,0.9669560735807168,0.9971151188501935,0.9502337008628955,0.9967696241017137,0.9785587814402483,0.9315740880313537,0.8869014715551702,0.9670348321061152,,
C0_b0.25_s4_lik0,C0,0.25,4,lead_dropout_s1,lead_dropout,1,True,0.8727042681413596,0.9553823065211743,0.9826844420435252,0.9618121630193467,0.9930210060807076,0.9415961854540473,0.9944461719181868,0.9698634456329283,0.914472320621043,0.8774964748233534,0.963048549097429,0.01120943139106878,0.00657144384496966
C0_b0.25_s4_lik0,C0,0.25,4,lead_dropout_s2,lead_dropout,2,True,0.8620059905085025,0.9432103788615953,0.9813339249884242,0.9544927450047572,0.9894624101713654,0.9139715449938365,0.996035447761194,0.950159475126731,0.9000555848658426,0.8465525033118235,0.9568297735303846,0.021907709023925914,0.018743371504548634
C0_b0.25_s4_lik0,C0,0.25,4,lead_dropout_s3,lead_dropout,3,True,0.8456628633979063,0.9381507323766214,0.9752983999588414,0.9573372581668252,0.9964414040906577,0.9094088138611149,0.9957245024875622,0.9531306847122171,0.8749576047633404,0.8368158393411653,0.9442420840078681,0.03825083613452207,0.023803017989522557
C0_b0.25_s4_lik0,C0,0.25,4,limb_reversal_s1,limb_reversal,1,True,0.8513974902119278,0.9481802489169218,0.9748032103719709,0.9555135981604821,0.9946793808734107,0.9420070880701275,0.9908616639027086,0.9646577651652962,0.9085181451612901,0.8529821927665509,0.9495991957804585,0.03251620932050059,0.01377350144922218
C0_b0.25_s4_lik0,C0,0.25,4,limb_reversal_s2,limb_reversal,2,True,0.8318680525927034,0.9332837232549515,0.9627546689303905,0.9505629559150016,0.9904643449419569,0.9116687782495548,0.9835976368159203,0.9525606975672464,0.8898265563762435,0.8242570944786134,0.9338607760196356,0.05204564693972502,0.028670027111192486
C0_b0.25_s4_lik0,C0,0.25,4,limb_reversal_s3,limb_reversal,3,True,0.7898781656923298,0.9067069940388508,0.9464616453156351,0.9374752220107834,0.9732327943615257,0.8776837077112725,0.9690436705362078,0.9275206771932376,0.8328049630690382,0.768087017070195,0.9280532490817622,0.09403553384009855,0.055246756327293145
C0_b0.25_s4_lik0,C0,0.25,4,baseline_step_s1,baseline_step,1,True,0.8830200434370846,0.9624540866070882,0.9822985800277819,0.9668966064065969,0.9971928551686015,0.9506916860704013,0.9968214483139857,0.9788164883940915,0.9324573221284294,0.8892502962700042,0.9676614966839,0.0008936560953437533,-0.0005003362409442547
C0_b0.25_s4_lik0,C0,0.25,4,baseline_step_s2,baseline_step,2,True,0.8814906525654922,0.9615759772492907,0.9819963214487832,0.966742982873454,0.9971583056937534,0.9488982673606355,0.9967264372581537,0.9782374057095733,0.9311689779921615,0.886331236653303,0.9669238602537991,0.002423046966936182,0.00037777311685327497
C0_b0.25_s4_lik0,C0,0.25,4,baseline_step_s3,baseline_step,3,True,0.8769403911175218,0.9617454009980899,0.9818194680249009,0.9643543847129717,0.9975297125483692,0.951196753869333,0.9964845909342178,0.9785011763564481,0.9305942870063308,0.8891203447787623,0.9661078907514753,0.0069733084149066205,0.00020834936805402826
C0_b0.25_s4_lik0,C0,0.25,4,seen_baseline_wander_s1,seen_baseline_wander,1,False,0.8843063462450903,0.9621164974045686,0.9831121057776406,0.966653782112274,0.9971151188501934,0.9507002465415696,0.9967350746268657,0.9784466031191636,0.9317460242689177,0.8870760332598234,0.9674634880846694,-0.00039264671266192597,-0.00016274703842467098
C0_b0.25_s4_lik0,C0,0.25,4,seen_baseline_wander_s2,seen_baseline_wander,2,False,0.8833149159226459,0.9621865390505823,0.9824497093172815,0.9665348477640343,0.9971842177998894,0.951222435282838,0.9968387230514096,0.9787528196172597,0.932565665511004,0.8868975924061779,0.9672328407053458,0.0005987836097824939,-0.00023278868443832312
C0_b0.25_s4_lik0,C0,0.25,4,seen_baseline_wander_s3,seen_baseline_wander,3,False,0.8833472317937395,0.9619809869749633,0.982964192004939,0.9658757532508722,0.9970978441127695,0.9503877893439255,0.9970201077943616,0.9787225011521017,0.9334229914078985,0.8851636128066224,0.9671740909011785,0.0005664677386888473,-2.7236608819314334e-05
C0_b0.25_s4_lik0,C0,0.25,4,seen_emg_bursts_s1,seen_emg_bursts,1,False,0.8839038110466946,0.9619861288696039,0.983031717857694,0.9665893593403108,0.9971410309563294,0.9498270784823997,0.9967264372581537,0.9786376094496592,0.9318072618329817,0.8867055745310594,0.9674090901178478,9.888485733799968e-06,-3.237850345993998e-05
C0_b0.25_s4_lik0,C0,0.25,4,seen_emg_bursts_s2,seen_emg_bursts,2,False,0.8837941585774097,0.9623479946057962,0.9862761743067346,0.9652463923247702,0.9970028330569376,0.9488982673606354,0.9969164593698177,0.9785223992820586,0.932337202291227,0.8889322060526362,0.9670000174073494,0.00011954095501864881,-0.00039424423965228605
C0_b0.25_s4_lik0,C0,0.25,4,seen_emg_bursts_s3,seen_emg_bursts,3,False,0.8810867316123306,0.9620463588392114,0.9847455883109534,0.9624663019346653,0.9971669430624654,0.9479480550609505,0.9969423714759535,0.9786770234543647,0.9335525324088032,0.8903209413918773,0.9665974724528695,0.002826967920097734,-9.260847306746811e-05
C0_b0.25_s4_lik0,C0,0.25,4,seen_lead_scaling_s1,seen_lead_scaling,1,False,0.8840819656597524,0.9615004575167896,0.9825718989556002,0.9665844037424676,0.9972274046434495,0.9493776537460621,0.9968473604201216,0.9772399282058745,0.9297440269822127,0.886569804316329,0.967341636638989,-0.0001682661273240127,0.00045329284935435865
C0_b0.25_s4_lik0,C0,0.25,4,seen_lead_scaling_s2,seen_lead_scaling,2,False,0.8785097408396826,0.9604406252705123,0.9822342696918248,0.9670254519505233,0.9964327667219458,0.9472803383098205,0.9978492951907131,0.9779887942952776,0.9278833471510401,0.8819381004195299,0.9653332637039358,0.005403958692745792,0.0015131250956316178
C0_b0.25_s4_lik0,C0,0.25,4,seen_lead_scaling_s3,seen_lead_scaling,3,False,0.8792992353084935,0.9570855454945661,0.9842664763080723,0.9621441880748494,0.9969078220011056,0.9451530612244898,0.9960699972360421,0.9745415848068107,0.9104612601748567,0.8815773395632466,0.962648180061622,0.0046144642239348554,0.004868204871577797
C0_b0.5_s0_lik0,C0,0.5,0,clean,clean,0,False,0.9096466510432885,0.9701056253296864,0.9813596491228069,0.9611183793212814,0.998056592039801,0.9701196753869332,0.9978147457158651,0.9820454049334206,0.9433740955682847,0.9273726329917742,0.9696894528870088,,
C0_b0.5_s0_lik0,C0,0.5,0,lead_dropout_s1,lead_dropout,1,True,0.896046967223394,0.9620152001614789,0.9816972783865824,0.9628776165556613,0.9914835544499724,0.9554769894534995,0.9957417772249861,0.9741989861505251,0.9171055358757914,0.9153336940941896,0.9642213692621024,0.013599683819894404,0.00809042516820746
C0_b0.5_s0_lik0,C0,0.5,0,lead_dropout_s2,lead_dropout,2,True,0.8841300116656973,0.9511499326305213,0.9797133045223029,0.9549139708214399,0.9904297954671089,0.9245822490069854,0.9975901741293532,0.9551256397196148,0.908991558637323,0.8897293711705525,0.9592733302000105,0.025516639377591188,0.018955692699165083
C0_b0.5_s0_lik0,C0,0.5,0,lead_dropout_s3,lead_dropout,3,True,0.8779425521539533,0.9417823054362877,0.974481658692185,0.9518315889628925,0.9934183250414593,0.9187696890836871,0.9898510917634052,0.9528062771350263,0.8784222377148024,0.869406509599924,0.9470533709332081,0.03170409888933512,0.028323319893398646
C0_b0.5_s0_lik0,C0,0.5,0,limb_reversal_s1,limb_reversal,1,True,0.8787032729736458,0.9584360419446541,0.9767871842362504,0.9536849825562956,0.9979788557213931,0.9600611217641419,0.9951544361525705,0.9665526692376726,0.9377096208923725,0.8850802111032883,0.9529152958379029,0.030943378069642646,0.011669583385032212
C0_b0.5_s0_lik0,C0,0.5,0,limb_reversal_s2,limb_reversal,2,True,0.8546087158056326,0.9484133543105018,0.9714494263518031,0.9452208214398985,0.9976333609729132,0.9501266949732913,0.988080431177446,0.9550650027892988,0.9270307318359965,0.8604553733002054,0.9406583459536616,0.05503793523765588,0.021692271019184584
C0_b0.5_s0_lik0,C0,0.5,0,limb_reversal_s3,limb_reversal,3,True,0.8123066388024954,0.92957297860808,0.9642466687245974,0.9292489295908658,0.9973742399115534,0.9273686823722777,0.9710475400773907,0.9321381794368042,0.8901657182695206,0.8213457931598966,0.9332210559298136,0.09734001224079303,0.04053264672160639
C0_b0.5_s0_lik0,C0,0.5,0,baseline_step_s1,baseline_step,1,True,0.9096520380391773,0.9704766539578468,0.9820059679991768,0.962277989216619,0.998056592039801,0.9706076222435284,0.9978147457158651,0.9819150355332411,0.9436284669882424,0.9281504023647292,0.9698330635194181,-5.386995888811974e-06,-0.00037102862816040805
C0_b0.5_s0_lik0,C0,0.5,0,baseline_step_s2,baseline_step,2,True,0.9082364841555055,0.9701035165543017,0.9809770026238618,0.9616585394862036,0.998065229408513,0.9696360087659225,0.9977024599226092,0.9815754687234712,0.9449544957793187,0.9269536849006064,0.9694087593782095,0.0014101668877829487,2.1087753846460444e-06
C0_b0.5_s0_lik0,C0,0.5,0,baseline_step_s3,baseline_step,3,True,0.9056272157090693,0.9702840082297652,0.9812053043165099,0.9616783618775769,0.998013405196241,0.9697044925352691,0.9976247236042012,0.9831004875209198,0.9438851936991258,0.9279331700211608,0.9694109352968824,0.0040194353342191125,-0.00017838290007887725
C0_b0.5_s0_lik0,C0,0.5,0,seen_baseline_wander_s1,seen_baseline_wander,1,False,0.9092318658798756,0.9702033941044123,0.9815557956474765,0.9612125356803044,0.998082504145937,0.969957026434735,0.9978147457158651,0.982193965412695,0.9436402434428701,0.9275471946964275,0.9698265357633993,0.0004147851634128674,-9.776877472589263e-05
C0_b0.5_s0_lik0,C0,0.5,0,seen_baseline_wander_s2,seen_baseline_wander,2,False,0.9089868818233885,0.9703820656207639,0.9817326490713587,0.9619657865524898,0.998073866777225,0.9707146281331325,0.9978147457158651,0.9817361565888089,0.9442785272836901,0.927093334264329,0.9700288961999756,0.0006597692198999638,-0.00027644029107753987
C0_b0.5_s0_lik0,C0,0.5,0,seen_baseline_wander_s3,seen_baseline_wander,3,False,0.9089616390180281,0.9710174108388286,0.9817776663065287,0.9648449888994608,0.998073866777225,0.9700811532666758,0.9979097567716971,0.9822758252686216,0.9447754936689781,0.9290387274839645,0.9703792191063066,0.0006850120252603897,-0.0009117855091422822
C0_b0.5_s0_lik0,C0,0.5,0,seen_emg_bursts_s1,seen_emg_bursts,1,False,0.9097871708630983,0.9702694799862803,0.981539718063487,0.9612918252457977,0.998030679933665,0.9701539172716067,0.9977715588723051,0.9821666787940527,0.944532898703648,0.9271941921381287,0.9697438508538304,-0.00014051981980989225,-0.0001638546565939647
C0_b0.5_s0_lik0,C0,0.5,0,seen_emg_bursts_s2,seen_emg_bursts,2,False,0.9089452500356153,0.9703387627717475,0.9823178731285691,0.9594285204567079,0.9980220425649531,0.9706333036570334,0.9978233830845771,0.9821848698731476,0.9465678700633102,0.926827612558357,0.969243389559072,0.0007014010076731303,-0.00023313744206110432
C0_b0.5_s0_lik0,C0,0.5,0,seen_emg_bursts_s3,seen_emg_bursts,3,False,0.9060186239822027,0.9703773813171657,0.9822567783094098,0.9605038851887091,0.998125690989497,0.9691694630872484,0.997892482034273,0.9821302966358632,0.947632461561652,0.9271709172441751,0.9685144568036624,0.003628027061085781,-0.0002717559874793052
C0_b0.5_s0_lik0,C0,0.5,0,seen_lead_scaling_s1,seen_lead_scaling,1,False,0.9091417137625218,0.9691803941882223,0.9810991922621805,0.9600331033935934,0.997866569928137,0.9690966990823174,0.997901119402985,0.9810145771180481,0.9394360491407897,0.9266782653221536,0.9694979720437968,0.0005049372807666153,0.0009252311414640335
C0_b0.5_s0_lik0,C0,0.5,0,seen_lead_scaling_s2,seen_lead_scaling,2,False,0.9103927081499962,0.968388164091849,0.981198873282914,0.9565790516967967,0.9975901741293532,0.9691694630872484,0.997857932559425,0.9817967935191249,0.9372526944528188,0.9258364899908258,0.9682120041081345,-0.0007460571067077204,0.0017174612378373366
C0_b0.5_s0_lik0,C0,0.5,0,seen_lead_scaling_s3,seen_lead_scaling,3,False,0.9033094087564287,0.965313117558559,0.9810445284766167,0.9533975578813829,0.9981343283582089,0.9682962950280782,0.9969510088446656,0.9774642848480438,0.9294613920711485,0.9181771103055412,0.9648915522133444,0.006337242286859723,0.004792507771127386
C0_b0.5_s1_lik0,C0,0.5,1,clean,clean,0,False,0.9032140481959136,0.9708450886351864,0.9821217266038998,0.9694190057088488,0.9972187672747375,0.9636393987125051,0.9974606135986733,0.9837280797496908,0.9469706248115767,0.9270273887314601,0.9700201925252842,,
C0_b0.5_s1_lik0,C0,0.5,1,lead_dropout_s1,lead_dropout,1,True,0.8947964473087179,0.9625179062455467,0.9828773730513969,0.9652017919441801,0.9948089414040906,0.9422339405560882,0.996173645660586,0.9744900434160421,0.9339340895387399,0.909575097415129,0.9633662332236671,0.008417600887195675,0.008327182389639698
C0_b0.5_s1_lik0,C0,0.5,1,lead_dropout_s2,lead_dropout,2,True,0.8804989398481872,0.9515688857050171,0.981153856047744,0.9635912226450998,0.9899979270315091,0.9102477400356116,0.996173645660586,0.9667103252564943,0.9205701688272536,0.8802661872038513,0.9554088986370046,0.022715108347726387,0.019276202930169295
C0_b0.5_s1_lik0,C0,0.5,1,lead_dropout_s3,lead_dropout,3,True,0.8722438412009961,0.9398530976400892,0.9762019601790399,0.9639728036790359,0.9909825870646767,0.8939828448157787,0.9808682283029297,0.9531731305634383,0.8943722678625263,0.8574723077251314,0.9476517485682455,0.030970206994917482,0.030991990995097196
C0_b0.5_s1_lik0,C0,0.5,1,limb_reversal_s1,limb_reversal,1,True,0.8683399750360613,0.9597511917922633,0.9779833564850542,0.964879678084364,0.9969510088446656,0.9626164224078894,0.9930037313432836,0.9788498387057654,0.9299418714199578,0.8752058373434035,0.9583289814959877,0.03487407315985225,0.011093896842923057
C0_b0.5_s1_lik0,C0,0.5,1,limb_reversal_s2,limb_reversal,2,True,0.8515915751012377,0.945933911063706,0.9698866851880433,0.9532340231525531,0.9958108761746821,0.9449647308587864,0.9760831260364842,0.9733167188144268,0.9076961486282786,0.8431466104965892,0.9492662802235103,0.051622473094675825,0.024911177571480425
C0_b0.5_s1_lik0,C0,0.5,1,limb_reversal_s3,limb_reversal,3,True,0.816547062039193,0.9211518169545001,0.9608928847044297,0.938540675547098,0.9950680624654505,0.9093959731543625,0.9508188225538972,0.95994627567974,0.8490470492915284,0.7820228598250116,0.9446337493689835,0.08666698615672053,0.04969327168068627
C0_b0.5_s1_lik0,C0,0.5,1,baseline_step_s1,baseline_step,1,True,0.9023691516856394,0.9708621054464077,0.9822149765910376,0.9691662702188393,0.9971755804311775,0.9637036022462677,0.9974692509673854,0.9836765383589221,0.9464665925535123,0.927842010019842,0.9700441276306856,0.0008448965102741957,-1.7016811221348682e-05
C0_b0.5_s1_lik0,C0,0.5,1,baseline_step_s2,baseline_step,2,True,0.9023773431612765,0.9709184173095537,0.9821731748726655,0.969959165873771,0.9972792288557214,0.9628646760717711,0.9976419983416251,0.9837129205171118,0.9471896668676515,0.9275879257608465,0.9698569986248193,0.0008367050346370641,-7.332867436737889e-05
C0_b0.5_s1_lik0,C0,0.5,1,baseline_step_s3,baseline_step,3,True,0.90117632606479,0.970779517509038,0.9809223388382982,0.9690522914684427,0.9971410309563294,0.9669737022325708,0.9970632946379214,0.9835158504935846,0.9447378090141694,0.927765396827244,0.9698439431127822,0.0020377221311235205,6.557112614835603e-05
C0_b0.5_s1_lik0,C0,0.5,1,seen_baseline_wander_s1,seen_baseline_wander,1,False,0.9030369118298017,0.9708209184365075,0.9819866748983895,0.9693595385347288,0.9972014925373135,0.9636693603615943,0.9974347014925373,0.983679570205438,0.9470648364485981,0.9269827785180487,0.9700093129319198,0.0001771363661118297,2.417019867884118e-05
C0_b0.5_s1_lik0,C0,0.5,1,seen_baseline_wander_s2,seen_baseline_wander,2,False,0.9023680856698915,0.9710269757445301,0.9818001749241138,0.969790675547098,0.9971755804311775,0.9647051773729626,0.9974951630735213,0.9835613281913217,0.9472909443774495,0.9271010925623138,0.9703226452208122,0.0008459625260220927,-0.00018188710934374797
C0_b0.5_s1_lik0,C0,0.5,1,seen_baseline_wander_s3,seen_baseline_wander,3,False,0.9033452123139531,0.9712530942731372,0.9830156402737048,0.9680413495084047,0.9971151188501934,0.9658180386248458,0.9974692509673854,0.9842283344247981,0.9483790887850467,0.9272038900106094,0.970007137013247,-0.00013116411803959505,-0.0004080056379508479
C0_b0.5_s1_lik0,C0,0.5,1,seen_emg_bursts_s1,seen_emg_bursts,1,False,0.9029851425917242,0.9708817579165105,0.9819062869784432,0.9692207817951157,0.9971842177998894,0.9642471921654568,0.9974865257048093,0.9838281306847123,0.9469659142297258,0.9269808389435525,0.9701159329468902,0.00022890560418931116,-3.666928132417535e-05
C0_b0.5_s1_lik0,C0,0.5,1,seen_emg_bursts_s2,seen_emg_bursts,2,False,0.9019338672710907,0.9711981301946844,0.9833757781550652,0.9679174595623217,0.9971842177998894,0.9655826256677168,0.9974260641238254,0.9837553663683329,0.9475429605064818,0.927632535974258,0.9703661635942696,0.001280180924822849,-0.00035304155949800187
C0_b0.5_s1_lik0,C0,0.5,1,seen_emg_bursts_s3,seen_emg_bursts,3,False,0.8998391815197371,0.9705189503451689,0.9803692699490663,0.9656725737392959,0.9972533167495855,0.9645853307766059,0.9974865257048093,0.9841889204200926,0.9488383705155261,0.9273396602253398,0.9689365850261981,0.00337486667617648,0.00032613829001748584
C0_b0.5_s1_lik0,C0,0.5,1,seen_lead_scaling_s1,seen_lead_scaling,1,False,0.9021755872851389,0.9701212264553506,0.9819609507640068,0.9679174595623216,0.9971842177998894,0.962736269004246,0.9976160862354893,0.9817846661330617,0.9448697053059993,0.9267577878764957,0.9702638954166449,0.0010384609107746412,0.0007238621798357769
C0_b0.5_s1_lik0,C0,0.5,1,seen_lead_scaling_s2,seen_lead_scaling,2,False,0.9017486054301997,0.9698591033121117,0.9822728558933992,0.969622185220425,0.9970287451630735,0.9631043692644843,0.9973310530679933,0.9825365640689806,0.9450063121796805,0.9245621895468572,0.9672676554041115,0.0014654427657138092,0.0009859853230747007
C0_b0.5_s1_lik0,C0,0.5,1,seen_lead_scaling_s3,seen_lead_scaling,3,False,0.8965325568630078,0.9669928366369851,0.9826137006739722,0.9691811370123692,0.9975469872857932,0.9595731749075469,0.9976765478164732,0.9797957748186955,0.9356275437141996,0.9183051222222868,0.962615541281529,0.006681491332905742,0.0038522519982012726
C0_b0.5_s2_lik0,C0,0.5,2,clean,clean,0,False,0.9006997560828814,0.9705655607718163,0.9818966404280496,0.9673029654297496,0.9974692509673854,0.9544668538556361,0.9968991846323936,0.9843890222901357,0.9528941814892976,0.9283656951338015,0.9714062527198983,,
C0_b0.5_s2_lik0,C0,0.5,2,lead_dropout_s1,lead_dropout,1,True,0.8911483542511349,0.9648227121918302,0.9816201059834337,0.9703506581033935,0.99601817302377,0.940504725380085,0.9965450525152018,0.9766941958330302,0.9383243518239373,0.914534589401777,0.9688125576618449,0.00955140183174652,0.005742848579986082
C0_b0.5_s2_lik0,C0,0.5,2,lead_dropout_s2,lead_dropout,2,True,0.8833018100832905,0.9561259144065316,0.9789640891084015,0.9661433555344117,0.9948866777224986,0.9166766538830297,0.997987493090105,0.9688144267384609,0.9225910084413627,0.8922566367390322,0.966812888401483,0.01739794599959099,0.01443964636528472
C0_b0.5_s2_lik0,C0,0.5,2,lead_dropout_s3,lead_dropout,3,True,0.8655475444169993,0.946515100380302,0.9786232443278284,0.9574215033301617,0.9917772249861803,0.9022008971373785,0.9964068546158098,0.9653884401756045,0.8903423650889358,0.8750914024481309,0.9613839713126883,0.035152211665882116,0.024050460391514372
C0_b0.5_s2_lik0,C0,0.5,2,limb_reversal_s1,limb_reversal,1,True,0.8647822875466008,0.9601258725308358,0.9726648917013943,0.9531497779892166,0.9971323935876175,0.9523181755923846,0.9948089414040907,0.9801929467122656,0.9460379296050648,0.8845274323718862,0.9603003638136022,0.03591746853628064,0.010439688240980516
C0_b0.5_s2_lik0,C0,0.5,2,limb_reversal_s2,limb_reversal,2,True,0.8423282406444307,0.9492615928275766,0.9606388588773987,0.9344770853155725,0.996156370923162,0.9431584714422682,0.986180210060807,0.9758149603434475,0.938948503919204,0.8587853996590229,0.9491944749073059,0.05837151543845076,0.02130396794423972
C0_b0.5_s2_lik0,C0,0.5,2,limb_reversal_s3,limb_reversal,3,True,0.7983505044145797,0.9248972219672574,0.9365578535782273,0.9018196955280684,0.9945930071862907,0.906536775784139,0.9774737423991156,0.9654703000315312,0.9141543563460959,0.8108352389652758,0.9166340278865738,0.10234925166830178,0.045668338804558894
C0_b0.5_s2_lik0,C0,0.5,2,baseline_step_s1,baseline_step,1,True,0.8998080926452836,0.9704102398932741,0.9815043473787107,0.9668767840152236,0.9975210751796573,0.9540987535953979,0.9967782614704257,0.9844557229134832,0.9524089915586375,0.928687664500162,0.9713605584277684,0.0008916634375978338,0.00015532087854219778
C0_b0.5_s2_lik0,C0,0.5,2,baseline_step_s2,baseline_step,2,True,0.9014585498979002,0.969987362485404,0.9810477439934145,0.9662969790675546,0.9975210751796573,0.9536279276811395,0.9964241293532338,0.9843405127458827,0.9516199690985829,0.9279215325741839,0.9710863926749873,-0.0007587938150187545,0.000578198286412368
C0_b0.5_s2_lik0,C0,0.5,2,baseline_step_s3,baseline_step,3,True,0.898399911541411,0.9700095215426175,0.9821892524566549,0.9668272280367903,0.9972965035931454,0.9546979865771812,0.9952839966832504,0.9837402071357539,0.9509487111848055,0.9277760644869729,0.9713257437290024,0.002299844541470475,0.0005560392291987792
C0_b0.5_s2_lik0,C0,0.5,2,seen_baseline_wander_s1,seen_baseline_wander,1,False,0.9006324042520778,0.970545810262905,0.9818098214745075,0.9671691642879797,0.9974692509673854,0.954488255033557,0.9968819098949695,0.9843647675180092,0.9528541415435636,0.9284665530076012,0.9714084286385712,6.735183080364138e-05,1.9750508911342557e-05
C0_b0.5_s2_lik0,C0,0.5,2,seen_baseline_wander_s2,seen_baseline_wander,2,False,0.9006697732030594,0.970661547230421,0.9819127180120389,0.9669808515699334,0.9974519762299613,0.9558707711272428,0.9969250967385296,0.9843283853598195,0.9524537420862226,0.9286197793927967,0.9714106045572442,2.9982879822032515e-05,-9.598645860464661e-05
C0_b0.5_s2_lik0,C0,0.5,2,seen_baseline_wander_s3,seen_baseline_wander,3,False,0.8997328096383916,0.9706209551251239,0.9815397180634872,0.9682247066286077,0.9974519762299613,0.955233016025202,0.9968128109452736,0.9845800286206311,0.9523524645764245,0.9285577130089201,0.9708361620276081,0.0009669464444898024,-5.539435330759179e-05
C0_b0.5_s2_lik0,C0,0.5,2,seen_emg_bursts_s1,seen_emg_bursts,1,False,0.9004690941000384,0.9705377813757639,0.9820059679991768,0.9674813669521091,0.9974606135986733,0.9539018627585262,0.9969510088446656,0.9844799776856097,0.9527481534519144,0.9285266798169817,0.9712844012742179,0.00023066198284305006,2.7779396052474148e-05
C0_b0.5_s2_lik0,C0,0.5,2,seen_emg_bursts_s2,seen_emg_bursts,2,False,0.8992333541872276,0.9707008537471626,0.9826555023923444,0.9674318109736759,0.9974260641238254,0.9557252431173812,0.9969164593698175,0.9844163089087778,0.9526303889056376,0.9281174295982947,0.9709884763347085,0.001466401895653835,-0.0001352929753463128
C0_b0.5_s2_lik0,C0,0.5,2,seen_emg_bursts_s3,seen_emg_bursts,3,False,0.8964783299696168,0.9700565602657518,0.9810638215774039,0.9663812242308911,0.9973828772802654,0.9527333584440487,0.9968559977888336,0.9845618375415363,0.9528894709074465,0.928187254280156,0.970453200341184,0.0042214261132645925,0.0005090005060645053
C0_b0.5_s2_lik0,C0,0.5,2,seen_lead_scaling_s1,seen_lead_scaling,1,False,0.8999934110450587,0.9698473213669998,0.9818323300920924,0.9660838883602918,0.9974865257048093,0.9540217093548828,0.9967350746268656,0.983494627567974,0.9499500678323787,0.927130186179756,0.971891482583947,0.000706345037822742,0.000718239404816523
C0_b0.5_s2_lik0,C0,0.5,2,seen_lead_scaling_s2,seen_lead_scaling,2,False,0.899033215803745,0.9691223698809234,0.9812342439676905,0.9668966064065969,0.9971237562189055,0.9510726270373921,0.9965709646213377,0.9835582963448058,0.9462122211335543,0.9296147811093202,0.9698178320887079,0.0016665402791364858,0.0014431908908929536
C0_b0.5_s2_lik0,C0,0.5,2,seen_lead_scaling_s3,seen_lead_scaling,3,False,0.8945487064233608,0.9669144486574928,0.9822696403766014,0.9698996986996511,0.9978579325594251,0.9516333378989179,0.9968732725262576,0.9814905770210289,0.9372150097980103,0.9182081434974796,0.966782425540063,0.006151049659520624,0.0036511121143235625
C0_b0.5_s3_lik0,C0,0.5,3,clean,clean,0,False,0.9142405644892365,0.9668585209136786,0.9824368472500901,0.9778286552489692,0.9974865257048093,0.9487356184084373,0.9970546572692095,0.9772308326663272,0.9357641505878806,0.9162549919798595,0.9689344091075253,,
C0_b0.5_s3_lik0,C0,0.5,3,lead_dropout_s1,lead_dropout,1,True,0.905390588899055,0.96009560307139,0.9828709420178011,0.979875317158262,0.9936342592592593,0.9277325023969318,0.99614773355445,0.9692297897111256,0.9200355177871571,0.903030973065129,0.9683033926923946,0.008849975590181525,0.006762917842288663
C0_b0.5_s3_lik0,C0,0.5,3,lead_dropout_s2,lead_dropout,2,True,0.8958069954608181,0.9485800262893933,0.9822889334773884,0.9700830558198541,0.9907839275843007,0.8928871045062321,0.9971669430624654,0.948616265250188,0.9138222603255955,0.8815346689243313,0.9600370776541856,0.018433569028418417,0.018278494624285324
C0_b0.5_s3_lik0,C0,0.5,3,lead_dropout_s3,lead_dropout,3,True,0.8886631185571687,0.9418054847745272,0.974713175901631,0.9666785601014907,0.9932628524046435,0.8749614778797425,0.990317509673853,0.9520149651944021,0.8924362187217365,0.8767342220463673,0.955130381046878,0.02557744593206779,0.02505303613915144
C0_b0.5_s3_lik0,C0,0.5,3,limb_reversal_s1,limb_reversal,1,True,0.8773800663729797,0.9579629973410952,0.9796200545351649,0.9652612591183001,0.9973310530679934,0.9477083618682373,0.9879335959093422,0.9641241601785151,0.9272167998191136,0.8903674911797849,0.9621042003934062,0.0368604981162568,0.008895523572583386
C0_b0.5_s3_lik0,C0,0.5,3,limb_reversal_s2,limb_reversal,2,True,0.8554272660139596,0.946199329949802,0.97441413283943,0.9525105058674279,0.9966573383084577,0.9198397479797287,0.9758671918186844,0.9576693589463726,0.9112314403075069,0.870804942811646,0.9567993106689644,0.05881329847527694,0.020659190963876584
C0_b0.5_s3_lik0,C0,0.5,3,limb_reversal_s3,limb_reversal,3,True,0.8172457629118147,0.9240698448106145,0.964966944487318,0.9283370995876943,0.9825611525704808,0.8732622243528284,0.9362994057490326,0.9417642921244755,0.8908440420560748,0.8512637297629646,0.9473297126046617,0.0969948015774218,0.04278867610306414
C0_b0.5_s3_lik0,C0,0.5,3,baseline_step_s1,baseline_step,1,True,0.913935446466477,0.9670119159226714,0.9826940885939187,0.9775164525848399,0.9974951630735213,0.947935214354198,0.9968559977888336,0.9776916733367289,0.935620477841423,0.9181809894545335,0.9691171862760457,0.0003051180227595651,-0.00015339500899280711
C0_b0.5_s3_lik0,C0,0.5,3,baseline_step_s2,baseline_step,2,True,0.9135914155162146,0.9673538208379164,0.9831474764624171,0.9782003250872185,0.9974519762299613,0.9495531434050131,0.9973051409618573,0.9776280045598971,0.9362116558637323,0.9172887851863057,0.9693978797848452,0.0006491489730219291,-0.000495299924237802
C0_b0.5_s3_lik0,C0,0.5,3,baseline_step_s3,baseline_step,3,True,0.9123773312858976,0.9671959469766279,0.9815043473787107,0.9768226688867745,0.9975297125483693,0.9502593822764005,0.995957711442786,0.9779554439836038,0.9370148100693398,0.9186523060570971,0.9690671401465699,0.001863233203338921,-0.00033742606294928645
C0_b0.5_s3_lik0,C0,0.5,3,seen_baseline_wander_s1,seen_baseline_wander,1,False,0.9141238489908433,0.966928079553475,0.9825236662036323,0.9777840548683794,0.9974692509673854,0.9486243322832488,0.9970978441127695,0.9776098134808022,0.9355474638227314,0.9167379460294001,0.9689583442129268,0.00011671549839320505,-6.955863979640764e-05
C0_b0.5_s3_lik0,C0,0.5,3,seen_baseline_wander_s2,seen_baseline_wander,2,False,0.9137827235360554,0.9670968183417181,0.9820509852343469,0.977075404376784,0.9975556246545053,0.9506959663059854,0.9970114704256496,0.9776128453273181,0.9358724939704552,0.916827166456223,0.9691694083241945,0.00045784095318113227,-0.00023829742803949117
C0_b0.5_s3_lik0,C0,0.5,3,seen_baseline_wander_s3,seen_baseline_wander,3,False,0.9135560525617428,0.9674632514272486,0.9818805628440603,0.9779822787821123,0.9974174267551134,0.9509699013833721,0.9968214483139857,0.9784617623517428,0.9358724939704552,0.9186309707376396,0.9691324177067557,0.0006845119274937472,-0.0006047305135700176
C0_b0.5_s3_lik0,C0,0.5,3,seen_emg_bursts_s1,seen_emg_bursts,1,False,0.9141485346007074,0.9668901802640423,0.9826394248083551,0.9772835394862036,0.9974692509673853,0.9480293795370497,0.9970719320066335,0.9779251255184457,0.9355992802230931,0.9168329851797113,0.969160704649503,9.202988852907712e-05,-3.16593503636442e-05
C0_b0.5_s3_lik0,C0,0.5,3,seen_emg_bursts_s2,seen_emg_bursts,2,False,0.9141922449165399,0.967640345609148,0.9823500282965478,0.9769911592134475,0.9974087893864014,0.949476099164498,0.9969423714759535,0.9790287176501977,0.938173613204703,0.9192729698958643,0.9691193621947186,4.831957269657572e-05,-0.0007818246954693908
C0_b0.5_s3_lik0,C0,0.5,3,seen_emg_bursts_s3,seen_emg_bursts,3,False,0.9125421604306001,0.9670627712061035,0.981198873282914,0.9737452426260704,0.9975469872857933,0.9486200520476648,0.9968559977888336,0.9795350360183366,0.9389485039192041,0.9185475690343051,0.9685666788518112,0.0016984040586364157,-0.00020425029242487902
C0_b0.5_s3_lik0,C0,0.5,3,seen_lead_scaling_s1,seen_lead_scaling,1,False,0.9141175546052711,0.9658685357009925,0.9820059679991768,0.9758959720900728,0.9973224156992814,0.9464328516641557,0.9967609867330016,0.9754753935336777,0.934784349562858,0.9154655851599276,0.9686732988667816,0.00012300988396540813,0.0009899852126861175
C0_b0.5_s3_lik0,C0,0.5,3,seen_lead_scaling_s2,seen_lead_scaling,2,False,0.9134246841741518,0.9660329226495988,0.9822825024437927,0.977273628290517,0.9973915146489774,0.9449775715655389,0.9969337341072415,0.9785860680588906,0.9331332906240579,0.9155625638847349,0.9681554302226401,0.0008158803150847271,0.0008255982640797965
C0_b0.5_s3_lik0,C0,0.5,3,seen_lead_scaling_s3,seen_lead_scaling,3,False,0.9098434346570745,0.9630816765928311,0.9834529505582137,0.9747958293688551,0.9977715588723052,0.9430215039035748,0.9966400635710337,0.9732500181910791,0.9226687330419053,0.9110666302026661,0.9650678016258464,0.004397129832162006,0.003776844320847572
C0_b0.5_s4_lik0,C0,0.5,4,clean,clean,0,False,0.897165894329257,0.9719985245197422,0.981864485260071,0.9714557564224549,0.9968991846323936,0.9727905423914532,0.997961580983969,0.9826032646923283,0.9473663136870667,0.9308114985734429,0.9662340940345016,,
C0_b0.5_s4_lik0,C0,0.5,4,lead_dropout_s1,lead_dropout,1,True,0.8874078037147201,0.965610251527285,0.9826555023923446,0.9693991833174755,0.996095909342178,0.961760375291056,0.9968991846323936,0.9756239540129521,0.9297817116370215,0.9160590949557486,0.9622173481643951,0.009758090614536918,0.006388272992457256
C0_b0.5_s4_lik0,C0,0.5,4,lead_dropout_s2,lead_dropout,2,True,0.8788345228411854,0.9558458226840406,0.9809448474558832,0.9613760704091341,0.9945411829740187,0.9385272565402,0.9967005251520177,0.9615046447888623,0.9210812669580947,0.8909784571460714,0.9569581527320834,0.018331371488071624,0.01615270183570161
C0_b0.5_s4_lik0,C0,0.5,4,lead_dropout_s3,lead_dropout,3,True,0.8705553274128838,0.9473892115321677,0.9771312445336214,0.955434308594989,0.9955517551133223,0.9301294343240654,0.9965018656716418,0.962396007664508,0.8870873530298463,0.8697168415193075,0.9525540933382074,0.0266105669163732,0.024609312987574516
C0_b0.5_s4_lik0,C0,0.5,4,limb_reversal_s1,limb_reversal,1,True,0.8646886238721211,0.9619505529347854,0.9744366414570149,0.9689928242943229,0.9959145245992261,0.9678511505273251,0.988365464344942,0.9762970239394602,0.9419420786855592,0.8928113550449303,0.9509439135202882,0.03247727045713589,0.01004797158495685
C0_b0.5_s4_lik0,C0,0.5,4,limb_reversal_s2,limb_reversal,2,True,0.8473061655083183,0.951538808191786,0.9670698924731183,0.9621640104662227,0.9944116224433388,0.9570435556773045,0.9692941542288558,0.9706699168061316,0.9277278979499548,0.8769553335389282,0.9385128901422181,0.0498597288209387,0.02045971632795618
C0_b0.5_s4_lik0,C0,0.5,4,limb_reversal_s3,limb_reversal,3,True,0.8082289733315201,0.9351955932169703,0.9567191439008077,0.9548148588645735,0.9920277086788281,0.9162743117381181,0.947242951907131,0.9535036018336607,0.8972151040096473,0.873233290080822,0.9257293679391438,0.08893692099773687,0.0368029313027719
C0_b0.5_s4_lik0,C0,0.5,4,baseline_step_s1,baseline_step,1,True,0.8967728608873315,0.9720262765766654,0.9822246231414313,0.97049437044085,0.9968646351575456,0.9730088344062457,0.9978838446655611,0.9823243348128745,0.9475288287609286,0.9313313045384103,0.966575713266141,0.0003930334419254278,-2.775205692318039e-05
C0_b0.5_s4_lik0,C0,0.5,4,baseline_step_s2,baseline_step,2,True,0.8955587808438098,0.9719451259796439,0.9817776663065287,0.9717828258801142,0.9969769209508016,0.9713053006437474,0.998013405196241,0.982591137306265,0.9471614033765451,0.9314631956041484,0.9664342785524047,0.0016071134854471758,5.339854009833722e-05
C0_b0.5_s4_lik0,C0,0.5,4,baseline_step_s3,baseline_step,3,True,0.8920594604688673,0.9714035025826083,0.9806329423264908,0.9712426657151919,0.9967005251520177,0.9708772770853308,0.997857932559425,0.9822364112639161,0.9455621608381067,0.932012095186558,0.9655095131164378,0.00510643386038967,0.0005950219371338994
C0_b0.5_s4_lik0,C0,0.5,4,seen_baseline_wander_s1,seen_baseline_wander,1,False,0.8969262009905778,0.972072591799799,0.9821024335031125,0.9715746907706946,0.9969337341072415,0.9728162238049581,0.9979874930901049,0.982560818841107,0.9474275512511305,0.9309879998525924,0.9662623809772485,0.00023969333867912557,-7.406728005676655e-05
C0_b0.5_s4_lik0,C0,0.5,4,seen_baseline_wander_s2,seen_baseline_wander,2,False,0.8962733788858681,0.9721560372757134,0.9818258990584966,0.9713120440849985,0.9968819098949696,0.974558279687714,0.997944306246545,0.9824274175944117,0.9469447166113959,0.931234325813603,0.9662754364892858,0.0008925154433888638,-0.00015751275597120085
C0_b0.5_s4_lik0,C0,0.5,4,seen_baseline_wander_s3,seen_baseline_wander,3,False,0.89599475259932,0.9719416149354804,0.9819673817976025,0.9707817951157627,0.9968732725262576,0.9729617518148199,0.9978061083471531,0.9827821436367605,0.9469117425384384,0.9314108270927524,0.9659795115497763,0.0011711417299369309,5.6909584261854995e-05
C0_b0.5_s4_lik0,C0,0.5,4,seen_emg_bursts_s1,seen_emg_bursts,1,False,0.8968841519073998,0.9720222601946964,0.9817873128569223,0.9712030209324454,0.9968387230514096,0.972936070401315,0.9979183941404091,0.9826487423900653,0.9474487488694603,0.93079792155197,0.9666214075582712,0.00028174242185718956,-2.3735674954172836e-05
C0_b0.5_s4_lik0,C0,0.5,4,seen_emg_bursts_s2,seen_emg_bursts,2,False,0.8967780941764325,0.9721566720823209,0.9832246488655656,0.9696023628290518,0.9968387230514096,0.9734710998493357,0.997961580983969,0.9829792136602876,0.9476889885438649,0.9311373470887957,0.9665060838686095,0.000387800152824469,-0.00015814756257870322
C0_b0.5_s4_lik0,C0,0.5,4,seen_emg_bursts_s3,seen_emg_bursts,3,False,0.8941003732837106,0.9717041499467745,0.9824111231157072,0.9681255946717412,0.9968473604201216,0.97172904396658,0.997935668877833,0.982791239176308,0.9490126620440157,0.930022091753511,0.9664625654951521,0.00306552104554636,0.0002943745729677705
C0_b0.5_s4_lik0,C0,0.5,4,seen_lead_scaling_s1,seen_lead_scaling,1,False,0.8961161926437304,0.9713202410612602,0.9816683387354015,0.9707520615287029,0.9968300856826976,0.9725551294343241,0.9975728993919293,0.9821272647893473,0.9441984473922218,0.929967783667619,0.9662101589290998,0.0010497016855265384,0.0006782834584819764
C0_b0.5_s4_lik0,C0,0.5,4,seen_lead_scaling_s2,seen_lead_scaling,2,False,0.896564158773206,0.9704480039192563,0.9817615887225394,0.9698104979384714,0.9968819098949696,0.9717590056156691,0.9984798231066887,0.9815694050304397,0.9419986056677722,0.9268470083033185,0.9649241909934375,0.0006017355560509197,0.001550520600485883
C0_b0.5_s4_lik0,C0,0.5,4,seen_lead_scaling_s3,seen_lead_scaling,3,False,0.8922176949537242,0.9685916775740966,0.9820091835159747,0.9707570171265462,0.9972619541182974,0.9714123065333516,0.998022042564953,0.9804870358242985,0.9328954062405789,0.9212183631154998,0.9632617891273696,0.0049481993755328135,0.0034068469456456363
C0_b1_s0_lik0,C0,1.0,0,clean,clean,0,False,0.9211727374783835,0.9761155517567759,0.9852504244482174,0.9802618537900413,0.9975383499170813,0.9737963977537324,0.997987493090105,0.9864506779208809,0.9522794505577329,0.9376407403743767,0.9738345779588141,,
C0_b1_s0_lik0,C0,1.0,0,lead_dropout_s1,lead_dropout,1,True,0.9133241155391139,0.9702262675567314,0.9844626228327417,0.9800636298763084,0.9945152708678828,0.9576770305437611,0.997814745715865,0.9782010235513836,0.9441631180283389,0.9269944159650255,0.9681445506292757,0.007848621939269607,0.005889284200044531
C0_b1_s0_lik0,C0,1.0,0,lead_dropout_s2,lead_dropout,2,True,0.9019842227620029,0.9590748688236924,0.9823789679477286,0.9749544084998414,0.9928482587064676,0.930330605396521,0.9974606135986733,0.9624990904460452,0.9250876168224299,0.9042994547856091,0.9618148032099151,0.01918851471638061,0.017040682933083473
C0_b1_s0_lik0,C0,1.0,0,lead_dropout_s3,lead_dropout,3,True,0.8938740205367501,0.9519070916148942,0.9810541750270105,0.9704844592451634,0.9910257739082365,0.913907341460074,0.9943338861249309,0.9682626306725849,0.9009270425082906,0.8991925551372539,0.9479759604505023,0.027298716941633328,0.024208460141881716
C0_b1_s0_lik0,C0,1.0,0,limb_reversal_s1,limb_reversal,1,True,0.8957725654217754,0.9672256882027577,0.979411045943304,0.9730118141452584,0.995966348811498,0.9679453157101767,0.9956467661691543,0.9824061946688012,0.944436331775701,0.9018924428358908,0.9643149337650355,0.02540017205660805,0.008889863554018218
C0_b1_s0_lik0,C0,1.0,0,limb_reversal_s2,limb_reversal,2,True,0.8778317451005514,0.9590712943565385,0.973426969182487,0.9671889866793529,0.9939797540077391,0.952378098890563,0.9929259950248757,0.9776280045598972,0.9338987601748568,0.8817577199913884,0.9584573606976866,0.043340992377832066,0.017044257400237406
C0_b1_s0_lik0,C0,1.0,0,limb_reversal_s3,limb_reversal,3,True,0.8455640070250258,0.9444814654166811,0.9691342542573441,0.9569308991436727,0.9899201907131012,0.9355139706889467,0.9912503454947484,0.9658795993111645,0.8919251205908955,0.8541071459743161,0.9456716625759395,0.0756087304533577,0.03163408634009479
C0_b1_s0_lik0,C0,1.0,0,baseline_step_s1,baseline_step,1,True,0.9208051990903949,0.9762291469318333,0.9857970623038534,0.980073541071995,0.9974951630735213,0.9734582591425832,0.998056592039801,0.9863506269858595,0.9520038815194453,0.9383855369808971,0.9744416592685431,0.0003675383879885308,-0.00011359517505737937
C0_b1_s0_lik0,C0,1.0,0,baseline_step_s2,baseline_step,2,True,0.92036881253379,0.9757896007089291,0.9845397952358903,0.980152830637488,0.9975556246545053,0.9733940556088208,0.997978855721393,0.9864142957626912,0.9510476334036779,0.9373323480294893,0.9736909673264053,0.0008039249445934704,0.0003259510478468286
C0_b1_s0_lik0,C0,1.0,0,baseline_step_s3,baseline_step,3,True,0.919949542688461,0.976090022763364,0.9832214333487678,0.979568070091976,0.9974433388612493,0.9762104506232023,0.998091141514649,0.9861656843483955,0.9518554981911366,0.9382633437876399,0.9739912441032604,0.0012231947899224993,2.5528993411905176e-05
C0_b1_s0_lik0,C0,1.0,0,seen_baseline_wander_s1,seen_baseline_wander,1,False,0.9210920643440046,0.9761466089321311,0.9857070278335134,0.9802271646051379,0.9975297125483693,0.9737921175181482,0.997996130458817,0.9864840282325548,0.9521522648477541,0.9375398825005771,0.9738911518443087,8.067313437887247e-05,-3.105717535523134e-05
C0_b1_s0_lik0,C0,1.0,0,seen_baseline_wander_s2,seen_baseline_wander,2,False,0.9205393089113081,0.9761252912311398,0.9848613469156763,0.9803460989533778,0.9975815367606413,0.9747252088754965,0.998030679933665,0.9865598243954498,0.9517353783539343,0.9373245897315047,0.9739629571605132,0.0006334285670753781,-9.73947436389011e-06
C0_b1_s0_lik0,C0,1.0,0,seen_baseline_wander_s3,seen_baseline_wander,3,False,0.9197815324007301,0.976303098457477,0.9855333899264289,0.9801577862353315,0.9975988114980653,0.9747508902890015,0.998022042564953,0.9864719008464915,0.952684560596925,0.9374041122858467,0.9741043918742494,0.0013912050776533347,-0.00018754670070109114
C0_b1_s0_lik0,C0,1.0,0,seen_emg_bursts_s1,seen_emg_bursts,1,False,0.9209813196594361,0.9760361878678476,0.985327596851366,0.9799100063431653,0.9974260641238254,0.9734154567867417,0.998013405196241,0.9865022193116496,0.9521310672294243,0.9377435378226725,0.973856337145543,0.0001914178189473814,7.936388892826329e-05
C0_b1_s0_lik0,C0,1.0,0,seen_emg_bursts_s2,seen_emg_bursts,2,False,0.9198177470604213,0.9762045073934448,0.9860993208828522,0.978973398350777,0.9974865257048093,0.9742115806053966,0.998073866777225,0.9870752383031361,0.9519026040096473,0.9383118331500436,0.9737061987571153,0.0013549904179621652,-8.895563666888595e-05
C0_b1_s0_lik0,C0,1.0,0,seen_emg_bursts_s3,seen_emg_bursts,3,False,0.9174954459514301,0.9758340358809521,0.9854562175232804,0.9764262210593087,0.9975210751796573,0.9747252088754965,0.9981343283582089,0.987078270149652,0.9526822053059995,0.9379646493152332,0.9725181471617317,0.0036772915269533968,0.0002815158758238123
C0_b1_s0_lik0,C0,1.0,0,seen_lead_scaling_s1,seen_lead_scaling,1,False,0.92137804111915,0.9753806621228266,0.9848581313988785,0.979736560418649,0.9974865257048093,0.9733469730173948,0.998082504145937,0.9856866525988989,0.9488619234247815,0.9365603973800228,0.9738062910160671,-0.00020530364076654095,0.0007348896339492983
C0_b1_s0_lik0,C0,1.0,0,seen_lead_scaling_s2,seen_lead_scaling,2,False,0.9211550975798829,0.9748109618651745,0.9847616658949426,0.9796275372660957,0.9970719320066335,0.9726706957950966,0.998117053620785,0.9860383467947318,0.9474322618329816,0.9351154143803931,0.9724637491949102,1.7639898500565465e-05,0.0013045898916014265
C0_b1_s0_lik0,C0,1.0,0,seen_lead_scaling_s3,seen_lead_scaling,3,False,0.9176126259453109,0.9722360653168983,0.9868195966455728,0.9792608230256898,0.9974606135986733,0.9720200999863032,0.997952943615257,0.9837644619078805,0.9356157672595719,0.9277780040614689,0.9694522777516669,0.003560111533072563,0.0038794864398775664
C0_b1_s1_lik0,C0,1.0,1,clean,clean,0,False,0.9215336308286384,0.9756743393251865,0.9836201574317024,0.9816444655883286,0.9977629215035931,0.975251677852349,0.9982898009950248,0.9861626525018797,0.9467586486282785,0.9371849403677821,0.9743937890577402,,
C0_b1_s1_lik0,C0,1.0,1,lead_dropout_s1,lead_dropout,1,True,0.9112983691553593,0.9691751037524755,0.983215002315172,0.9830072549952426,0.994221600331675,0.9589439802766745,0.9971842177998895,0.9780494312255936,0.9321558448899608,0.923741749534987,0.9720568524030846,0.010235261673279039,0.006499235572711037
C0_b1_s1_lik0,C0,1.0,1,lead_dropout_s2,lead_dropout,2,True,0.9013325889765177,0.9584472515373305,0.9809641405566702,0.9741714240405963,0.9918290491984522,0.9261830571154637,0.9988425925925926,0.9649336631982343,0.9196516053662949,0.9018905032613945,0.9675592285062754,0.020201041852120682,0.017227087787856088
C0_b1_s1_lik0,C0,1.0,1,lead_dropout_s3,lead_dropout,3,True,0.8892426471486855,0.9509393594254346,0.9794110459433041,0.9704547256581035,0.9900324765063571,0.9165525270510888,0.9923472913211719,0.9607830653181013,0.8991747060596925,0.8942699150660327,0.9554284819050602,0.03229098367995287,0.02473497989975193
C0_b1_s1_lik0,C0,1.0,1,limb_reversal_s1,limb_reversal,1,True,0.8894280943860767,0.9661277769212693,0.9828452178834182,0.9772884950840469,0.9966918877833058,0.9595603342007945,0.9968991846323936,0.9802475199495501,0.9358348093156467,0.8979861398006506,0.9677964036416175,0.032105536442561644,0.00954656240391727
C0_b1_s1_lik0,C0,1.0,1,limb_reversal_s2,limb_reversal,2,True,0.8654841716906533,0.9561522926164981,0.9787615115501362,0.9712674437044084,0.9962168325041459,0.9382276400493084,0.9930123687119955,0.9739897887409348,0.9202592704250829,0.8726630551789548,0.960972722683517,0.05604945913798509,0.0195220467086884
C0_b1_s1_lik0,C0,1.0,1,limb_reversal_s3,limb_reversal,3,True,0.8169188339997291,0.9368564952342747,0.9797647527910686,0.9677687916270219,0.9933665008291873,0.8935591014929462,0.9872080569375346,0.9536006209221665,0.8816301439553813,0.8287297532667284,0.946080735286438,0.10461479682890928,0.038817844090911824
C0_b1_s1_lik0,C0,1.0,1,baseline_step_s1,baseline_step,1,True,0.9209461369357586,0.9756461252036613,0.9843147090600401,0.9809853710751666,0.9977456467661692,0.9750505067798931,0.9982725262576009,0.9859868054039632,0.9465042772083209,0.937487513989181,0.9744677702926177,0.0005874938928798201,2.8214121525205194e-05
C0_b1_s1_lik0,C0,1.0,1,baseline_step_s2,baseline_step,2,True,0.9211733050390635,0.9752499444379088,0.9834336574574265,0.9811489058039962,0.9976506357103372,0.9733298520750582,0.9982725262576009,0.9864870600790705,0.9456092666566175,0.9369172790873138,0.9744003168137588,0.00036032578957490013,0.0004243948872777459
C0_b1_s1_lik0,C0,1.0,1,baseline_step_s3,baseline_step,3,True,0.9185593433959133,0.9752121419007581,0.9817262180377629,0.9810497938471296,0.9975642620232174,0.9774046363511848,0.9981343283582089,0.9862869582090277,0.9442008026831474,0.9365836722739765,0.9739586053231675,0.002974287432725098,0.00046219742442843437
C0_b1_s1_lik0,C0,1.0,1,seen_baseline_wander_s1,seen_baseline_wander,1,False,0.9212999250231994,0.9756233913688861,0.9835043988269795,0.9816395099904852,0.9977629215035931,0.975153232433913,0.9982898009950248,0.9863142448276698,0.9467327404280976,0.9369308561087869,0.9742828172054241,0.00023370580543902175,5.0947956300451125e-05
C0_b1_s1_lik0,C0,1.0,1,seen_baseline_wander_s2,seen_baseline_wander,2,False,0.9202115968326319,0.9756833240514465,0.9832182178319698,0.9819170234697114,0.9977629215035931,0.9759921586084098,0.9982811636263129,0.986250576050838,0.9471708245402474,0.9359804646056749,0.9745765662262608,0.0013220339960064997,-8.984726259986253e-06
C0_b1_s1_lik0,C0,1.0,1,seen_baseline_wander_s3,seen_baseline_wander,3,False,0.9191623376532336,0.975300590979162,0.9819770283479962,0.9813074849349825,0.9976592730790491,0.974558279687714,0.9983243504698729,0.9863657862184385,0.9472061539041302,0.9362112739707165,0.9740956881995578,0.002371293175404743,0.00037374834602454943
C0_b1_s1_lik0,C0,1.0,1,seen_emg_bursts_s1,seen_emg_bursts,1,False,0.9216920732619139,0.9756599427961569,0.9839449246282862,0.9814858864573421,0.9976851851851851,0.9751318312559923,0.998237976782753,0.9862839263625118,0.9472791679228219,0.936814481639018,0.974076104931502,-0.00015844243327556295,1.4396529029681027e-05
C0_b1_s1_lik0,C0,1.0,1,seen_emg_bursts_s2,seen_emg_bursts,2,False,0.9197164990843808,0.9756159171779341,0.9851475279106858,0.980425388518871,0.9975901741293532,0.9751061498424873,0.998289800995025,0.9862899900555434,0.9460308637322883,0.9377939667595724,0.97386939265758,0.0018171317442575718,5.84221472524904e-05
C0_b1_s1_lik0,C0,1.0,1,seen_emg_bursts_s3,seen_emg_bursts,3,False,0.9169646743261833,0.9750999634142354,0.9834593815918095,0.9785422613384078,0.9976851851851851,0.9740146897685249,0.9982984383637368,0.9871631618520944,0.9470083094663854,0.9376213446294152,0.9721068985325605,0.004568956502455035,0.0005743759109511082
C0_b1_s1_lik0,C0,1.0,1,seen_lead_scaling_s1,seen_lead_scaling,1,False,0.9212919739828793,0.9749620374793283,0.9837873643051911,0.9806186568347605,0.9977715588723051,0.975328722092864,0.9982725262576009,0.9853895316403503,0.9443939365390412,0.9348632696958942,0.9742327710759484,0.00024165684575905289,0.0007123018458582431
C0_b1_s1_lik0,C0,1.0,1,seen_lead_scaling_s2,seen_lead_scaling,2,False,0.9217829872006652,0.9748785548021675,0.9827616144466739,0.9816791547732319,0.9974865257048093,0.9750462265443091,0.998091141514649,0.9868902956656722,0.9426839953271029,0.9360231352445899,0.9732449039984681,-0.00024935637202683214,0.0007957845230190941
C0_b1_s1_lik0,C0,1.0,1,seen_lead_scaling_s3,seen_lead_scaling,3,False,0.9161276377418751,0.9722263176110241,0.9838259505067654,0.9827297415160166,0.998099778883361,0.9741516573072182,0.998082504145937,0.9828397487205608,0.9330202366596323,0.9273105666078976,0.969976674151827,0.005405993086763261,0.0034480217141624747
C0_b1_s2_lik0,C0,1.0,2,clean,clean,0,False,0.9231917423339775,0.9761787525986588,0.9846555538406133,0.9751228988265144,0.9975901741293532,0.977742774962334,0.9985316473189607,0.9869873147541779,0.9525126243593609,0.937619405054919,0.9748463801416959,,
C0_b1_s2_lik0,C0,1.0,2,lead_dropout_s1,lead_dropout,1,True,0.9125446563689081,0.9706302552168773,0.9837455625868189,0.9765451554075484,0.9965709646213378,0.9650304752773593,0.9971755804311775,0.9816694559654611,0.9416005615013566,0.9218564831247321,0.9714780580361028,0.010647085965069358,0.005548497381781536
C0_b1_s2_lik0,C0,1.0,2,lead_dropout_s2,lead_dropout,2,True,0.9055995783247369,0.962752846463469,0.9828387868498225,0.9785571281319378,0.9938415561083471,0.9383389261744965,0.997892482034273,0.9659129496228382,0.9319603557431414,0.9059267577878766,0.9695066757184884,0.017592164009240574,0.013425906135189791
C0_b1_s2_lik0,C0,1.0,2,lead_dropout_s3,lead_dropout,3,True,0.8940672550095681,0.9552422952138134,0.9803210371970983,0.974473715509039,0.9910689607517965,0.9335108204355568,0.9946880182421227,0.9658765674646486,0.9004324314139283,0.8974857295806447,0.9593233763294863,0.02912448732440942,0.020936457384845397
C0_b1_s2_lik0,C0,1.0,2,limb_reversal_s1,limb_reversal,1,True,0.8973733857133335,0.964728386192291,0.9826780110099296,0.9704497700602601,0.9973051409618573,0.9689126489521983,0.984530472636816,0.9770095078706735,0.9439487865541152,0.8881350409347197,0.9695860967500479,0.025818356620644023,0.011450366406367873
C0_b1_s2_lik0,C0,1.0,2,limb_reversal_s2,limb_reversal,2,True,0.8772488781044865,0.9545097086044978,0.9787840201677214,0.9663217570567714,0.9973051409618573,0.9571034789754829,0.9683440436705362,0.9677138664532245,0.9274593947844438,0.8621234073668917,0.9654322680035511,0.04594286422949101,0.02166904399416103
C0_b1_s2_lik0,C0,1.0,2,limb_reversal_s3,limb_reversal,3,True,0.8370277993077446,0.9375589098096362,0.975925425734424,0.9647359657469077,0.9973137783305694,0.9301636762087385,0.9474847982310668,0.9513024812631885,0.8817008026831474,0.8349441499523833,0.9544591101362996,0.08616394302623287,0.03861984278902264
C0_b1_s2_lik0,C0,1.0,2,baseline_step_s1,baseline_step,1,True,0.9224958473579495,0.9762417298993342,0.9847680969285383,0.9750931652394546,0.9975901741293531,0.9776871318997398,0.9985057352128247,0.9868690727400616,0.9527646404883933,0.9380402927205829,0.9748572597350602,0.0006958949760279554,-6.297730067539309e-05
C0_b1_s2_lik0,C0,1.0,2,baseline_step_s2,baseline_step,2,True,0.9216224740495709,0.9760034395590631,0.9841217780521686,0.9757373929590866,0.9975642620232172,0.9771606629228873,0.9983848120508568,0.9870024739867569,0.9524019256858608,0.937394414413366,0.9742632339373684,0.001569268284406622,0.00017531303959572586
C0_b1_s2_lik0,C0,1.0,2,baseline_step_s3,baseline_step,3,True,0.9205937274665896,0.9759368669796813,0.9830510109584814,0.9750832540437679,0.9974174267551134,0.9783719695932065,0.9983934494195689,0.9865022193116496,0.951888472264094,0.938053869742056,0.974670130729194,0.0025980148673878656,0.00024188561897753313
C0_b1_s2_lik0,C0,1.0,2,seen_baseline_wander_s1,seen_baseline_wander,1,False,0.9231687031153041,0.9762744941546375,0.9847616658949426,0.9754697906755472,0.9975642620232172,0.9779439460347897,0.9985143725815367,0.9869206141308302,0.9526303889056377,0.9376775922898035,0.9749878148554321,2.3039218673415185e-05,-9.574155597869005e-05
C0_b1_s2_lik0,C0,1.0,2,seen_baseline_wander_s2,seen_baseline_wander,2,False,0.9224901747974218,0.976051931326471,0.9845880279878582,0.9750287424674913,0.9975556246545053,0.977618648130393,0.9985057352128247,0.9868751364330932,0.9525079137775098,0.9369890433436713,0.9747985099308928,0.0007015675365557028,0.00012682127218788253
C0_b1_s2_lik0,C0,1.0,2,seen_baseline_wander_s3,seen_baseline_wander,3,False,0.9225008576305717,0.9762180682379383,0.9837423470700212,0.9749643196955281,0.9975815367606412,0.9784490138337214,0.9984798231066887,0.9875057605083801,0.953556018239373,0.9367155633397146,0.9749682315873762,0.0006908847034058363,-3.9315639279502435e-05
C0_b1_s2_lik0,C0,1.0,2,seen_emg_bursts_s1,seen_emg_bursts,1,False,0.9230281492725608,0.9760781502454411,0.9849771055203992,0.9750683872502379,0.9975297125483693,0.9767240788933023,0.9984970978441128,0.9869751873681146,0.9528706285800422,0.937565096969027,0.9744960572353648,0.00016359306141666696,0.00010060235321773803
C0_b1_s2_lik0,C0,1.0,2,seen_emg_bursts_s2,seen_emg_bursts,2,False,0.9221420298278172,0.9760446084188479,0.9847423727941554,0.9744192039327624,0.9974692509673853,0.9771863443363923,0.9984539110005528,0.9873662955686531,0.9530896706361169,0.9377745710146109,0.9738998555190002,0.0010497125061602608,0.00013414417981094662
C0_b1_s2_lik0,C0,1.0,2,seen_emg_bursts_s3,seen_emg_bursts,3,False,0.92022798112214,0.975765351293729,0.9829448989041519,0.972788812242309,0.9974347014925373,0.977717093548829,0.9984711857379768,0.9872783720196949,0.9537986132047029,0.9384902740036891,0.9729642104896687,0.002963761211837501,0.00041340130492983906
C0_b1_s2_lik0,C0,1.0,2,seen_lead_scaling_s1,seen_lead_scaling,1,False,0.9229247406473048,0.9755309009716717,0.9845430107526881,0.9748701633365049,0.9973656025428415,0.9756540199972606,0.9987389441680486,0.9861990346600694,0.9500065948145915,0.9370103786631289,0.9753903598099118,0.00026700168667270763,0.000647851626987106
C0_b1_s2_lik0,C0,1.0,2,seen_lead_scaling_s2,seen_lead_scaling,2,False,0.9231389925856119,0.975492241235596,0.9850832175747286,0.9753756343165239,0.9974606135986733,0.9765229078208464,0.9984798231066888,0.9869509325959883,0.9485015639131745,0.9362112739707164,0.9748442042230229,5.2749748365554794e-05,0.0006865113630628583
C0_b1_s2_lik0,C0,1.0,2,seen_lead_scaling_s3,seen_lead_scaling,3,False,0.920712593380399,0.9723771002934039,0.984407959047178,0.9750733428480812,0.9979270315091211,0.9761505273250239,0.9982293394140409,0.984352640131946,0.9353684617123906,0.929744732600562,0.9701398680522917,0.0024791489535784805,0.0038016523052549767
C0_b1_s3_lik0,C0,1.0,3,clean,clean,0,False,0.925298535744096,0.9758423099409934,0.9849513813860165,0.9784332381858548,0.9975728993919293,0.9781451171072456,0.9983157131011609,0.9837371752892381,0.9474157747965029,0.9374506620737543,0.9765588281372396,,
C0_b1_s3_lik0,C0,1.0,3,lead_dropout_s1,lead_dropout,1,True,0.9143929830530183,0.970621167006979,0.9845269331686989,0.9820161354265778,0.9969769209508016,0.9608914874674702,0.9976851851851852,0.9769306798612627,0.9371726145613507,0.9256386533922188,0.9737518930492454,0.010905552691077736,0.005221142934014433
C0_b1_s3_lik0,C0,1.0,3,lead_dropout_s2,lead_dropout,2,True,0.9043729152475186,0.9593600507643291,0.9827423213458867,0.9798703615604186,0.9924509397457159,0.9273001986029311,0.998151603095633,0.9575753717043827,0.9220822656014472,0.9006375381368835,0.9734298570856617,0.020925620496577424,0.01648225917666435
C0_b1_s3_lik0,C0,1.0,3,lead_dropout_s3,lead_dropout,3,True,0.8891546829933229,0.9519150321806671,0.9822407007254206,0.973675864256264,0.988365464344942,0.9160346185454047,0.9974606135986733,0.9549346333891192,0.8965768201688271,0.8934902061185818,0.9644563684787717,0.03614385275077314,0.023927277760326326
C0_b1_s3_lik0,C0,1.0,3,limb_reversal_s1,limb_reversal,1,True,0.8947533799413978,0.9665504622414665,0.9809384164222874,0.9760446400253727,0.9967955362078497,0.9752345569100124,0.9935824350469873,0.9773157243687696,0.9354485416038589,0.8945336971975087,0.9690606123905513,0.03054515580269823,0.009291847699526956
C0_b1_s3_lik0,C0,1.0,3,limb_reversal_s2,limb_reversal,2,True,0.8731547134344751,0.9583773359262592,0.9779222616658949,0.9700384554392641,0.9963809425096738,0.9592393165319819,0.9894624101713654,0.9740595212107982,0.919651605366295,0.8719395938918919,0.9667019165491673,0.05214382230962089,0.017464974014734236
C0_b1_s3_lik0,C0,1.0,3,limb_reversal_s3,limb_reversal,3,True,0.8273506372672819,0.9404829753898442,0.9778161496115657,0.962337456390739,0.9950162382531785,0.9213292699630187,0.9817060530679934,0.9637148608988818,0.8776756104914079,0.8354174061294433,0.9493337337023693,0.09794789847681418,0.03535933455114926
C0_b1_s3_lik0,C0,1.0,3,baseline_step_s1,baseline_step,1,True,0.9254941558902525,0.9759577237555668,0.9847391572773576,0.978636417697431,0.9975642620232172,0.9775886864813039,0.9982898009950248,0.9843405127458826,0.9470978105215556,0.9385581591110543,0.9768047069472732,-0.00019562014615648327,-0.00011541381457336186
C0_b1_s3_lik0,C0,1.0,3,baseline_step_s2,baseline_step,2,True,0.9247365587805456,0.9753736976734955,0.984385450429593,0.9784481049793847,0.9975642620232172,0.975893713189974,0.998237976782753,0.9842586528899561,0.9465042772083209,0.9366360407853725,0.9764348007728865,0.0005619769635504257,0.0004686122674979476
C0_b1_s3_lik0,C0,1.0,3,baseline_step_s3,baseline_step,3,True,0.924371950008907,0.9756737539873566,0.9836587436332768,0.9779674119885823,0.9975642620232172,0.9791210108204356,0.998160240464345,0.9839281816197336,0.946021442568586,0.9379879242091871,0.9766545685588456,0.0009265857351890006,0.00016855595363685083
C0_b1_s3_lik0,C0,1.0,3,seen_baseline_wander_s1,seen_baseline_wander,1,False,0.9248705431866908,0.975810944280354,0.9851314503266966,0.978175547098002,0.9976247236042013,0.9777598959046706,0.9983157131011609,0.983922117926702,0.947429906542056,0.93736726037042,0.9765718836492767,0.00042799255740522124,3.1365660639437465e-05
C0_b1_s3_lik0,C0,1.0,3,seen_baseline_wander_s2,seen_baseline_wander,2,False,0.9247283128776548,0.975933228295631,0.9848195451973041,0.9780813907389788,0.9975988114980653,0.9799214148746747,0.9982984383637369,0.9836826020519537,0.9475123417244499,0.9367233216376991,0.9767611885738159,0.0005702228664412612,-9.091835463759246e-05
C0_b1_s3_lik0,C0,1.0,3,seen_baseline_wander_s3,seen_baseline_wander,3,False,0.9236394187824128,0.9761352071390537,0.9848838555332613,0.9793054234062798,0.9975988114980653,0.9793435830708123,0.9983243504698729,0.9840039777826287,0.9479480705456738,0.937526305479104,0.9762824864657857,0.0016591169616831936,-0.00029289719806024905
C0_b1_s3_lik0,C0,1.0,3,seen_emg_bursts_s1,seen_emg_bursts,1,False,0.9251792435988255,0.975846547150367,0.985211838246643,0.9784134157944815,0.9975469872857933,0.9773361525818381,0.9982466141514649,0.9837583982148488,0.9480140186915887,0.9372954961140626,0.9767960032725815,0.00011929214527051091,-4.237209373592066e-06
C0_b1_s3_lik0,C0,1.0,3,seen_emg_bursts_s2,seen_emg_bursts,2,False,0.9244495832104325,0.9757697040848754,0.9852825796161959,0.9765501110053916,0.9974865257048093,0.9771349815093823,0.998237976782753,0.9842010478061558,0.9481200067832379,0.9380267156991099,0.9768873918568419,0.0008489525336635717,7.260585611801318e-05
C0_b1_s3_lik0,C0,1.0,3,seen_emg_bursts_s3,seen_emg_bursts,3,False,0.9234019790472701,0.9754210678491533,0.9830092092401091,0.9746570726292421,0.9976160862354893,0.9774474387070264,0.9982379767827528,0.983906958694123,0.9489561350618028,0.9382497667661668,0.9767089665256671,0.0018965566968259795,0.00042124209184013495
C0_b1_s3_lik0,C0,1.0,3,seen_lead_scaling_s1,seen_lead_scaling,1,False,0.9249148891201929,0.9750636031810548,0.984752019344549,0.9774470742150334,0.9974606135986733,0.9763945007533215,0.9983761746821449,0.9820878507846418,0.9447825595417546,0.9373885956898775,0.9768830400194962,0.0003836466239031111,0.0007787067599386299
C0_b1_s3_lik0,C0,1.0,3,seen_lead_scaling_s2,seen_lead_scaling,2,False,0.9241112762086093,0.9750674964005762,0.9850703555075372,0.9797514272121789,0.9973137783305693,0.9766170730036982,0.998013405196241,0.9843465764389143,0.943063197166114,0.9354276858742729,0.9760039688756593,0.0011872595354867066,0.0007748135404171963
C0_b1_s3_lik0,C0,1.0,3,seen_lead_scaling_s3,seen_lead_scaling,3,False,0.9182306181012538,0.9722051832834175,0.9850960796419201,0.9764955994291151,0.9980479546710891,0.9750034241884673,0.9981861525704809,0.9786739916078488,0.9346147686162195,0.930679607507705,0.9730490713179104,0.007067917642842203,0.003637126657575873
C0_b1_s4_lik0,C0,1.0,4,clean,clean,0,False,0.9190368050708786,0.9750114306422023,0.984340433194423,0.9762230415477324,0.9975728993919292,0.9732014450075333,0.997978855721393,0.9836310606611851,0.9499901077781128,0.936498330996146,0.9756667014813655,,
C0_b1_s4_lik0,C0,1.0,4,lead_dropout_s1,lead_dropout,1,True,0.9083201723947483,0.970081685921093,0.9845880279878582,0.9791171106882334,0.9970892067440575,0.9589011779208328,0.9969337341072416,0.9764637754978294,0.9401120176364184,0.9249423461481021,0.9725877765592633,0.010716632676130322,0.004929744721109297
C0_b1_s4_lik0,C0,1.0,4,lead_dropout_s2,lead_dropout,2,True,0.8992256914958379,0.9601301538304922,0.982321088645367,0.9757671265461465,0.9949385019347706,0.9278994315847144,0.9978147457158651,0.9549255378495719,0.9305989975881821,0.9052886377786441,0.9716173168311661,0.01981111357504073,0.014881276811710142
C0_b1_s4_lik0,C0,1.0,4,lead_dropout_s3,lead_dropout,3,True,0.888261080306923,0.9518515863310348,0.9822825024437929,0.9745579606723755,0.9895228717523494,0.9211709012464045,0.9929087202874516,0.9560837032186082,0.899384326952065,0.893166297177725,0.9575869932285412,0.030775724763955625,0.023159844311167466
C0_b1_s4_lik0,C0,1.0,4,limb_reversal_s1,limb_reversal,1,True,0.8925327467656258,0.967251145189348,0.981587950815455,0.9744192039327624,0.9971755804311774,0.9681507670182166,0.992157269209508,0.9796138640277474,0.9447990465782334,0.8989966581131431,0.9683599665778891,0.02650405830525282,0.007760285452854343
C0_b1_s4_lik0,C0,1.0,4,limb_reversal_s2,limb_reversal,2,True,0.8771953884379873,0.9604591938425533,0.9774913824149817,0.9718670710434507,0.9963723051409619,0.9577155526640186,0.9895660585959094,0.9738958014989448,0.9327187594211637,0.8797056501744649,0.9648001636290842,0.041841416632891315,0.01455223679964901
C0_b1_s4_lik0,C0,1.0,4,limb_reversal_s3,limb_reversal,3,True,0.8419658333492899,0.9507981852269359,0.9791698821834646,0.9689928242943229,0.9934096876727474,0.9353898438570059,0.986283858485351,0.9663070896698925,0.910597867048538,0.8595457128615125,0.9574869009695893,0.07707097172158872,0.02421324541526637
C0_b1_s4_lik0,C0,1.0,4,baseline_step_s1,baseline_step,1,True,0.9189152938882784,0.975110331474887,0.9843050625096466,0.9764559546463686,0.9975469872857933,0.9735395836186824,0.9979529436152571,0.9837614300613645,0.9499006067229425,0.9366961675947532,0.9758342472191759,0.0001215111826001758,-9.890083268471184e-05
C0_b1_s4_lik0,C0,1.0,4,baseline_step_s2,baseline_step,2,True,0.9190113268651863,0.974763632542208,0.9843918814631888,0.976584800190295,0.9976679104477612,0.9716819613751541,0.9978838446655611,0.9836674428193747,0.9492175723545372,0.9363412254619582,0.9754360541020417,2.5478205692319733e-05,0.0002477980999943119
C0_b1_s4_lik0,C0,1.0,4,baseline_step_s3,baseline_step,3,True,0.9162479671972156,0.9750415148167753,0.9827262437618974,0.9765947113859815,0.9976851851851851,0.974224421312149,0.9977110972913212,0.9844163089087777,0.9490644784443776,0.9374215684563121,0.975529618604975,0.0027888378736630193,-3.0084174572952982e-05
C0_b1_s4_lik0,C0,1.0,4,seen_baseline_wander_s1,seen_baseline_wander,1,False,0.918585668257647,0.9749924245553506,0.9846008900550497,0.9761189739930225,0.9976074488667772,0.9728205040405424,0.997978855721393,0.9837523345218171,0.9499594889960808,0.9365332433370768,0.9755600814663952,0.0004511368132316118,1.9006086851680593e-05
C0_b1_s4_lik0,C0,1.0,4,seen_baseline_wander_s2,seen_baseline_wander,2,False,0.9184749797498347,0.9750128007170343,0.9836265884652982,0.9760892404059626,0.9975556246545052,0.9744170319134365,0.997978855721393,0.9835431371122267,0.9498911855592403,0.9361879990767625,0.9758255435444846,0.000561825321043874,-1.3700748320299994e-06
C0_b1_s4_lik0,C0,1.0,4,seen_baseline_wander_s3,seen_baseline_wander,3,False,0.917638188603332,0.9752707954435821,0.9838773987755312,0.9771943387250238,0.9975901741293532,0.9747680112313382,0.997970218352681,0.9837432389822698,0.9506189704552306,0.9361821803532742,0.9754926279875364,0.0013986164675465762,-0.00025936480137978
C0_b1_s4_lik0,C0,1.0,4,seen_emg_bursts_s1,seen_emg_bursts,1,False,0.9190272248521882,0.975043178630984,0.9843983124967844,0.9764856882334285,0.9975815367606412,0.973068757704424,0.997961580983969,0.9836613791263431,0.9501573334338258,0.9364595395062231,0.9756144794332168,9.580218690352638e-06,-3.174798878169405e-05
C0_b1_s4_lik0,C0,1.0,4,seen_emg_bursts_s2,seen_emg_bursts,2,False,0.9193507740794339,0.975520295093529,0.9860639501980758,0.9762180859498889,0.9974433388612493,0.9740617723599507,0.9978838446655611,0.9845527420019888,0.9507202479650286,0.9370763241959978,0.9756623496440198,-0.00031396900855529264,-0.000508864451326696
C0_b1_s4_lik0,C0,1.0,4,seen_emg_bursts_s3,seen_emg_bursts,3,False,0.9168544607246533,0.9749608648486512,0.982758398929876,0.9753657231208374,0.9975383499170812,0.9729874332283248,0.997892482034273,0.9846497610904945,0.9519567757009346,0.9363761378028888,0.9751227218131495,0.002182344346225329,5.056579355111612e-05
C0_b1_s4_lik0,C0,1.0,4,seen_lead_scaling_s1,seen_lead_scaling,1,False,0.9183513152548446,0.9744873776081495,0.9842857694088594,0.9758117269267365,0.9976419983416253,0.9728675866319683,0.997961580983969,0.9821939654126949,0.94799753165511,0.935759353113114,0.9758668859992691,0.0006854898160340017,0.0005240530340527849
C0_b1_s4_lik0,C0,1.0,4,seen_lead_scaling_s2,seen_lead_scaling,2,False,0.9182470796879126,0.9742540916330431,0.9844851314503268,0.9761635743736123,0.9975469872857932,0.9720286604574716,0.997961580983969,0.983524946033132,0.9477478708170034,0.9337945641485171,0.9750335091475621,0.0007897253829659556,0.0007573390091591969
C0_b1_s4_lik0,C0,1.0,4,seen_lead_scaling_s3,seen_lead_scaling,3,False,0.9140584084938915,0.9722067960392999,0.984684493491794,0.9749246749127815,0.9976247236042012,0.972837624982879,0.998091141514649,0.9805052269033933,0.9403192832378656,0.9288214951403961,0.9720525005657388,0.004978396576987065,0.002804634602902367
C1_b0.01_s0_lik0,C1,0.01,0,clean,clean,0,False,0.679546812336943,0.8477509270793134,0.8517164428666976,0.7766462496035522,0.9014389856274184,0.6429983906314203,0.9721185737976783,0.9510932838535983,0.8705744083509196,0.803808160565735,0.8593638484168015,,
C1_b0.01_s0_lik0,C1,0.01,0,lead_dropout_s1,lead_dropout,1,True,0.6786165080751475,0.8440505101937535,0.8457195040386891,0.7767156279733587,0.8923783858485351,0.6448988152307903,0.9681626589275842,0.946060418637367,0.8567370741634005,0.8080306142438471,0.8577514926802097,0.0009303042617955226,0.0037004168855598873
C1_b0.01_s0_lik0,C1,0.01,0,lead_dropout_s2,lead_dropout,2,True,0.6683706006369522,0.842310139712438,0.8272431445181869,0.7899966301934664,0.8978890270867883,0.6564725722503767,0.9708661553344389,0.9371104077227196,0.8516048952366596,0.8016920847904387,0.8479163402788658,0.011176211699990835,0.005440787366875477
C1_b0.01_s0_lik0,C1,0.01,0,lead_dropout_s3,lead_dropout,3,True,0.6629109839275594,0.8293251352772886,0.7981202088799713,0.7681325325087219,0.8936308043117744,0.6532409943843308,0.9524426478717524,0.9307465618860511,0.8218717025927044,0.7944865655372526,0.8512541995230385,0.016635828409383602,0.01842579180202486
C1_b0.01_s0_lik0,C1,0.01,0,limb_reversal_s1,limb_reversal,1,True,0.6384377485260072,0.8167428989173326,0.7726565313577197,0.7123771011734856,0.8839569513543394,0.6233349883577592,0.9553102542841349,0.9472883164762668,0.8128014772384684,0.7983928685724927,0.8445676014413285,0.04110906381093582,0.031008028161980783
C1_b0.01_s0_lik0,C1,0.01,0,limb_reversal_s2,limb_reversal,2,True,0.6044760020671943,0.7865188830426858,0.700111256881206,0.6669986917221694,0.8503834991708126,0.5916655252705109,0.9358416252072969,0.9444141259792864,0.7583919015676817,0.8045277427038057,0.8263355788814039,0.07507081026974871,0.06123204403662763
C1_b0.01_s0_lik0,C1,0.01,0,limb_reversal_s3,limb_reversal,3,True,0.5143207125458943,0.7433204093956886,0.5545737510932757,0.5962277989216619,0.8733416252072969,0.5535928297493494,0.9623497097844114,0.9571600087317179,0.6159038664455835,0.7872868650075547,0.7894472296203457,0.16522609979104874,0.10443051768362488
C1_b0.01_s0_lik0,C1,0.01,0,baseline_step_s1,baseline_step,1,True,0.6782625285262457,0.8477972683681299,0.8500668827493955,0.7732863542657786,0.9043152294085129,0.6424376797698945,0.9720581122166942,0.951417691430789,0.8716060257763039,0.8044094286595408,0.8605780110362595,0.0012842838106973398,-4.634128881642052e-05
C1_b0.01_s0_lik0,C1,0.01,0,baseline_step_s2,baseline_step,2,True,0.6779822436062495,0.8488688556574783,0.8466777280444513,0.7752586822074216,0.9104823106688779,0.6481389535680043,0.9724467938087341,0.9519422008780228,0.8695145274344288,0.8041320695065917,0.8612264348007728,0.0015645687306935496,-0.0011179285781648396
C1_b0.01_s0_lik0,C1,0.01,0,baseline_step_s3,baseline_step,3,True,0.67858127519022,0.8473227483427875,0.8432017543859649,0.7662345385347289,0.9149391929242675,0.6426816531981921,0.9702701768933113,0.9515116786727789,0.8694956851070244,0.8053753367586219,0.8621947186101973,0.0009655371467229834,0.0004281787365258971
C1_b0.01_s0_lik0,C1,0.01,0,seen_baseline_wander_s1,seen_baseline_wander,1,False,0.6793561157786525,0.8478224603535777,0.8518032618202398,0.776492626070409,0.9011798645660587,0.643426414189837,0.9721099364289663,0.9512751946445464,0.8707251469701538,0.8038430729066658,0.8595466255853221,0.00019069655829051513,-7.153327426423495e-05
C1_b0.01_s0_lik0,C1,0.01,0,seen_baseline_wander_s2,seen_baseline_wander,2,False,0.6789882266181478,0.847793933928982,0.8501086844677677,0.7753924833491913,0.9032010088446656,0.643092555814272,0.9722567716970701,0.9512024303281671,0.8708617538438348,0.8045548967467516,0.8594748202691176,0.0005585857187951904,-4.300684966851431e-05
C1_b0.01_s0_lik0,C1,0.01,0,seen_baseline_wander_s3,seen_baseline_wander,3,False,0.6790609074926974,0.8478978588074599,0.8493015897515047,0.7746392324770061,0.9029073383084577,0.6449116559375428,0.9721963101160863,0.9514449780494312,0.8710690194452818,0.8046984252594667,0.8599121799223631,0.0004859048442455993,-0.00014693172814650435
C1_b0.01_s0_lik0,C1,0.01,0,seen_emg_bursts_s1,seen_emg_bursts,1,False,0.6788738470239806,0.8475233294944453,0.8495942017801101,0.7759475103076435,0.9014648977335544,0.6428100602657171,0.9721444859038142,0.9512873220306095,0.8705908953873982,0.8040215137603113,0.8598490782808501,0.0006729653129624591,0.0002275975848681222
C1_b0.01_s0_lik0,C1,0.01,0,seen_emg_bursts_s2,seen_emg_bursts,2,False,0.6762975311079112,0.8473124497631316,0.845584452333179,0.7747631224230892,0.9025618435599779,0.6430839953431037,0.972481343283582,0.9512388124863567,0.8702281805848658,0.8049854822848964,0.8608848155691333,0.0032492812290317863,0.00043847731618185115
C1_b0.01_s0_lik0,C1,0.01,0,seen_emg_bursts_s3,seen_emg_bursts,3,False,0.6737690885604884,0.846523358738935,0.8368671862941812,0.7729791071994926,0.9072346600331676,0.641192131214902,0.9718594527363184,0.9518997550268015,0.8707557657521857,0.8047740686648163,0.8611481017285498,0.00577772377645458,0.0012275683403784043
C1_b0.01_s0_lik0,C1,0.01,0,seen_lead_scaling_s1,seen_lead_scaling,1,False,0.6814613629259895,0.8465889654597397,0.8491922621803777,0.777900015857913,0.8994696655610835,0.6380504382961238,0.9725504422332781,0.9504535642387639,0.8697288589086525,0.8038993205670539,0.8580561212944106,-0.0019145505890464376,0.0011619616195737148
C1_b0.01_s0_lik0,C1,0.01,0,seen_lead_scaling_s2,seen_lead_scaling,2,False,0.6739588684097279,0.8477398903866029,0.8536039512270412,0.7740495163336505,0.904384328358209,0.6439486029311052,0.9724036069651742,0.9504929782434695,0.8664691362677118,0.8038159188637198,0.8604909742893451,0.005587943927215178,1.103669271051988e-05
C1_b0.01_s0_lik0,C1,0.01,0,seen_lead_scaling_s3,seen_lead_scaling,3,False,0.6789880337365175,0.8432220957220145,0.8444043576683645,0.7720623215984777,0.8946845632946379,0.6307098342692782,0.9732155196241017,0.947973513788838,0.8632141242086223,0.8051833188835034,0.8575513081623064,0.0005587786004255246,0.004528831357298979
C1_b0.01_s1_lik0,C1,0.01,1,clean,clean,0,False,0.6772438295168627,0.8644736356370694,0.938303879199465,0.797548961306692,0.9753403123272527,0.8089902068209834,0.9909480375898286,0.8960016008149604,0.8025159217666565,0.7097746796307827,0.860839121277003,,
C1_b0.01_s1_lik0,C1,0.01,1,lead_dropout_s1,lead_dropout,1,True,0.6801285244178135,0.8570786257864635,0.9353552502958276,0.8071033539486204,0.9722394969596462,0.7866345363648815,0.9906198175787728,0.8693728928666714,0.8009543638830269,0.6964333164590353,0.8549946037216913,-0.0028846949009507794,0.007395009850605816
C1_b0.01_s1_lik0,C1,0.01,1,lead_dropout_s2,lead_dropout,2,True,0.6775725859596241,0.8496805320893457,0.9295062252405207,0.812272042499207,0.9661587893864013,0.7638208807012739,0.982189745715865,0.8479286424604041,0.7911940382876093,0.7021996714360804,0.851854753076749,-0.00032875644276142424,0.014793103547723674
C1_b0.01_s1_lik0,C1,0.01,1,lead_dropout_s3,lead_dropout,3,True,0.691910031291316,0.8375035872617413,0.9292940011318619,0.7918351569933398,0.9791062050856827,0.7379254554170662,0.9773528192371476,0.8148148148148149,0.7789488807657521,0.6675899041268327,0.8606650477831741,-0.014666201774453325,0.026970048375328015
C1_b0.01_s1_lik0,C1,0.01,1,limb_reversal_s1,limb_reversal,1,True,0.6597807948222844,0.8466728887463081,0.906524926686217,0.7720870995876944,0.954887023217247,0.7854018285166415,0.9853769347705914,0.8739994906497852,0.7981185936086826,0.7246900075061533,0.8189700941737602,0.017463034694578328,0.017800746890761276
C1_b0.01_s1_lik0,C1,0.01,1,limb_reversal_s2,limb_reversal,2,True,0.6354859979169409,0.8244017960735239,0.8646299583269024,0.7050576831588964,0.9485990187949143,0.7470081153266674,0.9832780541735765,0.8653314414611074,0.7979678549894482,0.7263803466795453,0.7813636917506572,0.041757831599921746,0.04007183956354543
C1_b0.01_s1_lik0,C1,0.01,1,limb_reversal_s3,limb_reversal,3,True,0.5877764191632798,0.776093493694163,0.7767305911406082,0.6273687757691088,0.8857016998341625,0.6417014792494179,0.9696137368711996,0.8453273181498461,0.8047369611094364,0.7330738182657488,0.7005870628579387,0.08946741035358285,0.08838014194290633
C1_b0.01_s1_lik0,C1,0.01,1,baseline_step_s1,baseline_step,1,True,0.6753739256057957,0.8646050186357884,0.937705793075063,0.7909629717729147,0.974355652294085,0.8084765785508835,0.9911985212824764,0.8972234349608285,0.8021013905637625,0.7159531941882589,0.8634676310338226,0.0018699039110670057,-0.00013138299871906511
C1_b0.01_s1_lik0,C1,0.01,1,baseline_step_s2,baseline_step,2,True,0.6759579114724852,0.8618583251561605,0.9377347327262439,0.7814482239137329,0.9719976506357103,0.80957231886043,0.9920536207849641,0.8980480972131266,0.7995623869460355,0.7095138068610507,0.8567940884641495,0.0012859180443774987,0.0026153104809089056
C1_b0.01_s1_lik0,C1,0.01,1,baseline_step_s3,baseline_step,3,True,0.672199041481277,0.8603998131326512,0.932114009363585,0.7675130827783063,0.9708488805970149,0.8096108409806875,0.992001796572692,0.9001036891508405,0.8013406315948146,0.7118199609369696,0.8582454262189496,0.005044788035585723,0.004073822504418123
C1_b0.01_s1_lik0,C1,0.01,1,seen_baseline_wander_s1,seen_baseline_wander,1,False,0.6770622962026057,0.8645716302220762,0.9383971291866029,0.7971426022835396,0.9752453012714206,0.8094439117929051,0.9909307628524047,0.8957681486332436,0.8027514508592101,0.7103129115534634,0.8611524535658955,0.00018153331425696528,-9.799458500681091e-05
C1_b0.01_s1_lik0,C1,0.01,1,seen_baseline_wander_s2,seen_baseline_wander,2,False,0.677858452683216,0.8649073666483426,0.9382717240314863,0.7943129559150016,0.9751243781094527,0.8116653540610876,0.9909998618021006,0.8962107982245507,0.8028268201688273,0.7124813558401557,0.8622730516824203,-0.0006146231663533008,-0.00043373101127319735
C1_b0.01_s1_lik0,C1,0.01,1,seen_baseline_wander_s3,seen_baseline_wander,3,False,0.6779453084754006,0.8644131314524847,0.9377893965118074,0.7894316920393277,0.9744420259812051,0.8108649500068484,0.9908616639027086,0.896711052899658,0.8044731685257762,0.711996462216119,0.8631477709889116,-0.0007014789585378933,6.050418458469764e-05
C1_b0.01_s1_lik0,C1,0.01,1,seen_emg_bursts_s1,seen_emg_bursts,1,False,0.6772716711190425,0.8644939487889511,0.9378955085661367,0.7975241833174754,0.9753834991708126,0.8090201684700726,0.9909221254836926,0.89618957529894,0.8028079778414231,0.7095913898408968,0.861111111111111,-2.7841602179834446e-05,-2.0313151881778957e-05
C1_b0.01_s1_lik0,C1,0.01,1,seen_emg_bursts_s2,seen_emg_bursts,2,False,0.6778005286126928,0.8648471257905899,0.9367411380357051,0.7936687281953695,0.9746838723051409,0.8109291535406109,0.9910689607517965,0.897123384025807,0.8034745251733494,0.713565577983502,0.8623687921040264,-0.0005566990958301155,-0.00037349015352050596
C1_b0.01_s1_lik0,C1,0.01,1,seen_emg_bursts_s3,seen_emg_bursts,3,False,0.6760251706182279,0.8641870687393067,0.9343680866388846,0.7875832540437678,0.9744765754560532,0.8105310916312835,0.9908530265339967,0.8997156127968177,0.8052692568586072,0.7125026911596133,0.8623840235347364,0.0012186588986348168,0.0002865668977626301
C1_b0.01_s1_lik0,C1,0.01,1,seen_lead_scaling_s1,seen_lead_scaling,1,False,0.6761600158318904,0.8641525231563559,0.9382749395482842,0.7960325483666348,0.9739756080707573,0.8115155458156418,0.9909825870646767,0.8939520725702782,0.8044873002713296,0.7108967234768037,0.8572553832227967,0.0010838136849722346,0.0003211124807134258
C1_b0.01_s1_lik0,C1,0.01,1,seen_lead_scaling_s2,seen_lead_scaling,2,False,0.6743161548154489,0.8626453556586147,0.9383103102330608,0.7894366476371709,0.9750984660033168,0.8052193192713327,0.9915353786622444,0.8921723786655024,0.8039385174856798,0.7081153736493289,0.8599818093198948,0.0029276747014137516,0.0018282799784546944
C1_b0.01_s1_lik0,C1,0.01,1,seen_lead_scaling_s3,seen_lead_scaling,3,False,0.6790774370764018,0.8598791647644951,0.9373938879456706,0.7818050269584522,0.9672298231066888,0.8064049445281468,0.9885122996130459,0.8954376773630212,0.800624623153452,0.7114184690162672,0.8500857311957108,-0.0018336075595390966,0.004594470872574252
C1_b0.01_s2_lik0,C1,0.01,2,clean,clean,0,False,0.6742537115337758,0.8616245849620588,0.8745337500643103,0.7258910164922296,0.9425096738529575,0.757477571565539,0.9856015063571034,0.907277038007228,0.8598790322580646,0.8484785007864974,0.852973175274601,,
C1_b0.01_s2_lik0,C1,0.01,2,lead_dropout_s1,lead_dropout,1,True,0.666447484090788,0.8590327376647618,0.8787557236199002,0.7381462099587695,0.941231343283582,0.7384690453362553,0.9849796158098397,0.9116732154551407,0.8446803399155863,0.8380882002106377,0.855270945393145,0.0078062274429877565,0.002591847297297001
C1_b0.01_s2_lik0,C1,0.01,2,lead_dropout_s2,lead_dropout,2,True,0.6621143026576688,0.8474651747470348,0.8861128260534032,0.7214656676181415,0.9187655472636815,0.7118930625941652,0.9797453703703703,0.9055549491862523,0.8291095116068736,0.8257311710956851,0.8488084669347399,0.012139408876106983,0.014159410215024093
C1_b0.01_s2_lik0,C1,0.01,2,lead_dropout_s3,lead_dropout,3,True,0.6507774860632201,0.8407631226260273,0.8780290168235839,0.748746233745639,0.9328530956329464,0.6925035953978906,0.9766963792150359,0.9099966043319023,0.776315665511004,0.8101583274661205,0.8415691855101224,0.023476225470555723,0.02086146233603159
C1_b0.01_s2_lik0,C1,0.01,2,limb_reversal_s1,limb_reversal,1,True,0.6596582229257901,0.8415328906957593,0.8556361578432885,0.7291468442752933,0.9311515339966833,0.7377328448157787,0.9830275704809287,0.8869848892769653,0.7793516355140188,0.826033744717084,0.8447307953417933,0.014595488607985652,0.02009169426629953
C1_b0.01_s2_lik0,C1,0.01,2,limb_reversal_s2,limb_reversal,2,True,0.6469086808192651,0.8325578033617471,0.8403495909862633,0.7312430621630193,0.9370681315644003,0.7183690590330092,0.9819392620232172,0.8925665187125567,0.739643785800422,0.818514014395522,0.8333268055773146,0.027345030714510665,0.02906678160031173
C1_b0.01_s2_lik0,C1,0.01,2,limb_reversal_s3,limb_reversal,3,True,0.6048746704233102,0.8149060302153461,0.7636788084580953,0.7785739771646051,0.9354183941404091,0.6681190932748938,0.9778969734660033,0.9025837396007664,0.6815081398854386,0.8038430729066657,0.822532073041238,0.06937904111046556,0.046718554746712715
C1_b0.01_s2_lik0,C1,0.01,2,baseline_step_s1,baseline_step,1,True,0.6731552449673475,0.8613561864605698,0.8721960693522663,0.7231456152870281,0.9432611249309011,0.7573320435556773,0.9856878800442234,0.9073679934027019,0.8608988732288213,0.8484203135516131,0.8538957647918952,0.0010984665664283133,0.0002683985014890755
C1_b0.01_s2_lik0,C1,0.01,2,baseline_step_s2,baseline_step,2,True,0.6717371644507198,0.8611182950418703,0.8722635952050214,0.7218621154456073,0.9424146627971255,0.7574647308587865,0.9855669568822554,0.9061977006476024,0.8608682544467893,0.8477705560954039,0.8556560829982419,0.002516547083055931,0.0005062899201885296
C1_b0.01_s2_lik0,C1,0.01,2,baseline_step_s3,baseline_step,3,True,0.6668509740966302,0.8592070402143757,0.8674885527601996,0.7118864969869965,0.9435288833609728,0.7567499315162307,0.9860420121614151,0.904060248853962,0.8601475354235757,0.8486918539810735,0.8542678468849548,0.00740273743714559,0.002417544747683187
C1_b0.01_s2_lik0,C1,0.01,2,seen_baseline_wander_s1,seen_baseline_wander,1,False,0.6742946897605125,0.8616364923400018,0.8743986983588001,0.725544124643197,0.9425010364842454,0.7579997603068074,0.9855669568822554,0.9070526813650586,0.8599190722037986,0.8486336667461892,0.8531124340696644,-4.097822673676532e-05,-1.1907377942987907e-05
C1_b0.01_s2_lik0,C1,0.01,2,seen_baseline_wander_s2,seen_baseline_wander,2,False,0.6749498486625657,0.8617650089257662,0.8734790605546123,0.7266393117665716,0.9418532338308458,0.7581709697301741,0.9855324074074074,0.9076924009798928,0.8607316475731083,0.8489129654736343,0.8528730830156493,-0.0006961371287899087,-0.0001404239637073923
C1_b0.01_s2_lik0,C1,0.01,2,seen_baseline_wander_s3,seen_baseline_wander,3,False,0.6735954985316915,0.8618097222634441,0.8739838966918763,0.7271943387250238,0.9426565091210614,0.7568184152855774,0.9858001658374792,0.9076651143612506,0.8602700105517034,0.8488605969622384,0.8530384528347867,0.0006582130020842403,-0.00018513730138525197
C1_b0.01_s2_lik0,C1,0.01,2,seen_emg_bursts_s1,seen_emg_bursts,1,False,0.674083506558724,0.8614508922181005,0.8737105777640582,0.7250832540437678,0.9427256080707573,0.7567713326941515,0.9856274184632393,0.9071678915326591,0.8600227050045222,0.8489129654736344,0.853036276916114,0.0001702049750518242,0.00017369274395839795
C1_b0.01_s2_lik0,C1,0.01,2,seen_emg_bursts_s2,seen_emg_bursts,2,False,0.6736106881934497,0.8610825649412693,0.8720160004115861,0.7226550111005392,0.9429329049198453,0.756604403506369,0.9857828911000553,0.9068707705741105,0.8606115277359061,0.8489090863246421,0.8533604887983708,0.0006430233403260655,0.0005420200207895132
C1_b0.01_s2_lik0,C1,0.01,2,seen_emg_bursts_s3,seen_emg_bursts,3,False,0.6735536078113762,0.8606831862884278,0.8683181560940474,0.7189036235331431,0.9431920259812051,0.7576273798109848,0.9857051547816473,0.9076196366635136,0.8620576763641846,0.8496713391016278,0.8530536842654968,0.0007001037223995921,0.0009413986736310775
C1_b0.01_s2_lik0,C1,0.01,2,seen_lead_scaling_s1,seen_lead_scaling,1,False,0.6763364974820748,0.8618831505851926,0.8724693882800844,0.7253062559467174,0.9437102681039249,0.7581024859608272,0.9856274184632393,0.9077621334497562,0.8617444226710883,0.8491418352641797,0.8530841471269169,-0.0020827859482990263,-0.0002585656231337552
C1_b0.01_s2_lik0,C1,0.01,2,seen_lead_scaling_s2,seen_lead_scaling,2,False,0.6703926315197951,0.8591277309687019,0.8697972938210629,0.7169511179828735,0.9445567302377004,0.7545926927818106,0.9845045605306799,0.904657522617575,0.8573376733494121,0.8472488105559401,0.8525031768412624,0.0038610800139806667,0.0024968539933569733
C1_b0.01_s2_lik0,C1,0.01,2,seen_lead_scaling_s3,seen_lead_scaling,3,False,0.6671666637087121,0.8573478899499736,0.8737781036168134,0.7183931969552807,0.9431056522940853,0.7561335775921108,0.986327045328911,0.9076044774309345,0.8386696374736208,0.8421380317585929,0.8499812870994132,0.0070870478250636415,0.004276695012085274
C1_b0.01_s3_lik0,C1,0.01,3,clean,clean,0,False,0.6719733036395684,0.8691616555719333,0.9227890106497917,0.8318416983824928,0.9847895936981758,0.7707249006985344,0.948996337755666,0.9104240946906303,0.8628914493518242,0.7169365584578056,0.8730612564624785,,
C1_b0.01_s3_lik0,C1,0.01,3,lead_dropout_s1,lead_dropout,1,True,0.6715873241353905,0.864094338102281,0.9192808818233266,0.830404575007929,0.9773096323935876,0.767245069168607,0.9663056246545052,0.9055488854932205,0.8486560709978896,0.6992573369254254,0.8628409664560378,0.0003859795041779579,0.005067317469652277
C1_b0.01_s3_lik0,C1,0.01,3,lead_dropout_s2,lead_dropout,2,True,0.6788774653719669,0.8542466053964053,0.9105507537171375,0.8250277513479226,0.9722913211719182,0.7466485755375976,0.9752021144278608,0.8906716146401804,0.8317921879710581,0.6794542813197642,0.856580848434209,-0.006904161732398495,0.014915050175527966
C1_b0.01_s3_lik0,C1,0.01,3,lead_dropout_s3,lead_dropout,3,True,0.6720306755724904,0.8450880958996333,0.8946275145341359,0.8150422216936251,0.9747788833609728,0.7514210382139432,0.9779919845218352,0.8912567610177302,0.7992090933072055,0.6490339949221939,0.852431371525058,-5.7371932921990165e-05,0.02407355967229996
C1_b0.01_s3_lik0,C1,0.01,3,limb_reversal_s1,limb_reversal,1,True,0.6685139829608013,0.8506899186281324,0.9062258836240161,0.8111421661909293,0.97649771973466,0.7686233050267087,0.9606999723604202,0.8891375003031845,0.817293017033464,0.6925056781043374,0.8340840252754713,0.003459320678767086,0.018471736943800887
C1_b0.01_s3_lik0,C1,0.01,3,limb_reversal_s2,limb_reversal,2,True,0.6608723643933422,0.8289949510513245,0.8844246797345269,0.7648172375515382,0.9600435323383085,0.7492081564169291,0.9575646075179657,0.8763825220112056,0.7875315608984023,0.6713468599258694,0.8096354030671751,0.011100939246226238,0.040166704520608776
C1_b0.01_s3_lik0,C1,0.01,3,limb_reversal_s3,limb_reversal,3,True,0.6494379300953063,0.7945851864690215,0.8217510418274425,0.7106773311132254,0.9285948728579325,0.7300498219421997,0.9608640823659481,0.8658983967595625,0.7341347603255954,0.6184527238414437,0.7808436471878427,0.02253537354426216,0.07457646910291171
C1_b0.01_s3_lik0,C1,0.01,3,baseline_step_s1,baseline_step,1,True,0.6734703263393473,0.8690719873834638,0.9221362607398261,0.8294679670155408,0.9848327805417357,0.771893405013012,0.9488149530127142,0.9106120691746099,0.8643540850165813,0.7167949695195868,0.8727413964175675,-0.001497022699778916,8.966818846944946e-05
C1_b0.01_s3_lik0,C1,0.01,3,baseline_step_s2,baseline_step,2,True,0.6739575594906603,0.8689022649134075,0.9234932088285228,0.8312172930542341,0.98450456053068,0.7740934461032735,0.9484349087893864,0.9119582090276261,0.8635226673198673,0.7109684877331611,0.8719276028339165,-0.001984255851091854,0.00025939065852575993
C1_b0.01_s3_lik0,C1,0.01,3,baseline_step_s3,baseline_step,3,True,0.6755850701346604,0.8675372505649528,0.91998186448526,0.8299932603869331,0.9855064953012714,0.7747697233255718,0.9478216556108346,0.9115580052875404,0.8710713747362074,0.7081541651392518,0.8589787108117046,-0.0036117664950919837,0.0016244050069804672
C1_b0.01_s3_lik0,C1,0.01,3,seen_baseline_wander_s1,seen_baseline_wander,1,False,0.6718162125725742,0.8691967011157501,0.9227054072130473,0.8316979860450365,0.9848327805417357,0.7709988357759211,0.9491258982863459,0.9105484003977783,0.8628843834790475,0.716878371222921,0.8730982470799171,0.00015709106699424158,-3.504554381683622e-05
C1_b0.01_s3_lik0,C1,0.01,3,seen_baseline_wander_s2,seen_baseline_wander,2,False,0.6719818271165171,0.8690707229177921,0.9224256572516335,0.8320448778940692,0.9850228026533996,0.7701171072455828,0.9495059425096738,0.9105332411651992,0.8627666189327705,0.7158891882298861,0.8733310703779136,-8.523476948685271e-06,9.093265414117369e-05
C1_b0.01_s3_lik0,C1,0.01,3,seen_baseline_wander_s3,seen_baseline_wander,3,False,0.6734418496041925,0.8688786311930392,0.9215638987498069,0.8310042023469711,0.9846686705362079,0.770044343240652,0.9508792841348811,0.9107606296538844,0.8638453421766656,0.7142541269296341,0.8728871829686493,-0.0014685459646240906,0.00028302437889404786
C1_b0.01_s3_lik0,C1,0.01,3,seen_emg_bursts_s1,seen_emg_bursts,1,False,0.6723264911101596,0.8692822839815126,0.9229883726912589,0.8320597446875991,0.9847809563294638,0.7710287974250103,0.9488149530127142,0.9102664386718087,0.8631057808260476,0.7172449508026929,0.8732505613870176,-0.0003531874705912097,-0.00012062840957938192
C1_b0.01_s3_lik0,C1,0.01,3,seen_emg_bursts_s2,seen_emg_bursts,2,False,0.6726062167224046,0.8693924764820156,0.9230623295776097,0.8315691405011101,0.9848068684355997,0.7713583755649911,0.9490222498618021,0.9105150500861044,0.8641067794694,0.7166320452619104,0.8734594495796126,-0.0006329130828361951,-0.00023082091008230776
C1_b0.01_s3_lik0,C1,0.01,3,seen_emg_bursts_s3,seen_emg_bursts,3,False,0.6731099783048462,0.8694338829979995,0.9216314246025622,0.8321588566444656,0.9851437258153676,0.772689528831667,0.9476575456053067,0.9106029736350627,0.8643635061802835,0.7172915005906004,0.8733658850766793,-0.0011366746652777815,-0.0002722274260662516
C1_b0.01_s3_lik0,C1,0.01,3,seen_lead_scaling_s1,seen_lead_scaling,1,False,0.6734710259556798,0.8682498582419655,0.9226153727427072,0.8297653028861404,0.9841763405196241,0.772899260375291,0.9467592592592593,0.9087535472604233,0.8619234247814289,0.7170975431409857,0.87025867321183,-0.0014977223161113384,0.0009117973299677118
C1_b0.01_s3_lik0,C1,0.01,3,seen_lead_scaling_s2,seen_lead_scaling,2,False,0.6738333405006431,0.868606629013063,0.9251138292946441,0.8271636140183952,0.9845391100055279,0.7656870634159705,0.9585492675511332,0.910445317616241,0.8647215104009647,0.7144170511873105,0.8668228976273783,-0.0018600368610747209,0.0005550265588702974
C1_b0.01_s3_lik0,C1,0.01,3,seen_lead_scaling_s3,seen_lead_scaling,3,False,0.6741098341224901,0.8659098887802427,0.9199175541493028,0.8284818030447194,0.984478648424544,0.7685698020819066,0.9439866639027087,0.9058126561400955,0.8613346020500452,0.7126985881837242,0.8679086810451372,-0.002136530482921728,0.0032517667916905912
C1_b0.01_s4_lik0,C1,0.01,4,clean,clean,0,False,0.6929718516313123,0.8344712816572974,0.8395489273035963,0.7656894227719633,0.8808647733554451,0.7348565265032188,0.9834076147042565,0.9056216498096,0.8060700557732892,0.7183970580534043,0.8757855066409038,,
C1_b0.01_s4_lik0,C1,0.01,4,lead_dropout_s1,lead_dropout,1,True,0.6920889901766791,0.8274467563061889,0.8335198333076091,0.7670968125594672,0.8704999309010503,0.7170379057663334,0.9811014372581537,0.8950799194741565,0.7932078120289419,0.7196558419014036,0.8698213135585845,0.0008828614546331215,0.007024525351108535
C1_b0.01_s4_lik0,C1,0.01,4,lead_dropout_s2,lead_dropout,2,True,0.6792617954896402,0.8190813318874609,0.8310085146884807,0.7594205915001586,0.8520677860696517,0.6990009930146556,0.9617796434494197,0.8866422906206796,0.7972306489297559,0.7119402145557308,0.8726413041586158,0.013710056141672089,0.015389949769836542
C1_b0.01_s4_lik0,C1,0.01,4,lead_dropout_s3,lead_dropout,3,True,0.6716499583556576,0.8130541124845204,0.8274746617276328,0.7591728116079923,0.8666217523493642,0.6884758937131898,0.9488063156440022,0.8752971209585486,0.7654318661441061,0.7151036605589466,0.8711029296569012,0.021321893275654702,0.02141716917277703
C1_b0.01_s4_lik0,C1,0.01,4,limb_reversal_s1,limb_reversal,1,True,0.6612241408190194,0.8050000358356688,0.8127154396254566,0.7261487075800824,0.831968629076838,0.7064143610464321,0.9742088170259813,0.8648887918698003,0.7533610001507387,0.706191315749151,0.8691032603965394,0.031747710812292884,0.029471245821628633
C1_b0.01_s4_lik0,C1,0.01,4,limb_reversal_s2,limb_reversal,2,True,0.6436019232948653,0.7795359569227167,0.7891424859803468,0.6996263479226134,0.8052100608070757,0.6651785714285714,0.9625051824212272,0.8342095369764002,0.6921705419053361,0.7061040348968243,0.8616768499660556,0.04936992833644693,0.05493532473458074
C1_b0.01_s4_lik0,C1,0.01,4,limb_reversal_s3,limb_reversal,3,True,0.5773903013335663,0.7428343252041089,0.7615822915058909,0.7044283222327943,0.7089120370370371,0.5816412135323928,0.9363080431177446,0.8236344563292828,0.5706917018390112,0.7408204788033601,0.857490382439466,0.11558155029774597,0.09163695645318859
C1_b0.01_s4_lik0,C1,0.01,4,baseline_step_s1,baseline_step,1,True,0.6917831507220287,0.8347569055418042,0.8390955394350981,0.7639500079289566,0.8800960475400774,0.7345141076564854,0.9835889994472085,0.9063887069780978,0.8068661441061199,0.7221637117249219,0.8761488850592721,0.0011887009092835799,-0.00028562388450670273
C1_b0.01_s4_lik0,C1,0.01,4,baseline_step_s2,baseline_step,2,True,0.6892982845441757,0.8340151199768832,0.8369507897309256,0.7620074135743736,0.8821171918186843,0.7409301807971511,0.9827079878385849,0.9052214460695142,0.8053870214048839,0.7161665473828351,0.8746475011749962,0.003673567087136509,0.00045616168041429095
C1_b0.01_s4_lik0,C1,0.01,4,baseline_step_s3,baseline_step,3,True,0.6890841741808931,0.8308683654725243,0.8179856716571487,0.7584839835077705,0.8809943338861248,0.7368382755786878,0.9793912382531785,0.9058914841495064,0.8082863845342179,0.7123611022213947,0.8775828154646893,0.0038876774504191802,0.003602916184773153
C1_b0.01_s4_lik0,C1,0.01,4,seen_baseline_wander_s1,seen_baseline_wander,1,False,0.692848859733041,0.8345372464060221,0.8392273756238102,0.7655209324452903,0.8812534549474849,0.7354129571291603,0.9833730652294085,0.9055125033350312,0.8059028301175762,0.7186007133754996,0.8760313854509374,0.0001229918982712519,-6.596474872466729e-05
C1_b0.01_s4_lik0,C1,0.01,4,seen_baseline_wander_s2,seen_baseline_wander,2,False,0.6933683683698408,0.8346002454485892,0.8389508411791944,0.7638261179828735,0.8819789939192925,0.7371978153677577,0.9834421641791045,0.9056337771956633,0.8068001959602051,0.718816006144572,0.8747562971086392,-0.00039651673852858504,-0.0001289637912917918
C1_b0.01_s4_lik0,C1,0.01,4,seen_baseline_wander_s3,seen_baseline_wander,3,False,0.6920513995954514,0.8343250816120418,0.8392370221742037,0.7604166666666666,0.8832055002763958,0.7367312696890838,0.9832262299613046,0.9069495985835213,0.8067672218872475,0.7180362971971208,0.8743559280728325,0.0009204520358608859,0.00014620004525567332
C1_b0.01_s4_lik0,C1,0.01,4,seen_emg_bursts_s1,seen_emg_bursts,1,False,0.6931622358073896,0.8344169868280681,0.8392498842413953,0.7656299555978433,0.8811843559977888,0.7345654704834954,0.9834680762852405,0.9056398408886948,0.8058227502261078,0.7184222725218541,0.8757702752101937,-0.0001903841760773073,5.429482922936213e-05
C1_b0.01_s4_lik0,C1,0.01,4,seen_emg_bursts_s2,seen_emg_bursts,2,False,0.6926229193752802,0.8343040230585689,0.8392884704429695,0.7643018553758325,0.8806833886124931,0.733242877687988,0.9832780541735765,0.9060976497125808,0.8062820319565873,0.7197023916893112,0.8758594878757812,0.0003489322560320529,0.00016725859872857018
C1_b0.01_s4_lik0,C1,0.01,4,seen_emg_bursts_s3,seen_emg_bursts,3,False,0.6924881643078808,0.8338065209453567,0.8380279878582085,0.7635238265144306,0.8818062465450526,0.7309229900013697,0.9835026257600884,0.9061764777219918,0.8050737677117877,0.7198439806275301,0.875380785767751,0.0004836873234314032,0.0006647607119407706
C1_b0.01_s4_lik0,C1,0.01,4,seen_lead_scaling_s1,seen_lead_scaling,1,False,0.6933456989350877,0.8344036965087476,0.8380955137109635,0.7666954091341579,0.8811757186290768,0.7365771812080537,0.9848068684355997,0.9035781852579495,0.806962711034067,0.7165001541961724,0.8752415269726879,-0.00037384730377543196,6.758514854987574e-05
C1_b0.01_s4_lik0,C1,0.01,4,seen_lead_scaling_s2,seen_lead_scaling,2,False,0.6931208706671328,0.831892185568623,0.8378061171991562,0.7592471455756422,0.8800442233278054,0.7346553554307629,0.9819738114980653,0.9031294719736107,0.8020825482363583,0.7141746043752922,0.873916392500914,-0.0001490190358205412,0.0025790960886744596
C1_b0.01_s4_lik0,C1,0.01,4,seen_lead_scaling_s3,seen_lead_scaling,3,False,0.6894337129176408,0.8311749678202435,0.8352947985800279,0.763176934665398,0.8792323106688779,0.7215064717162032,0.9772405334438916,0.8993912052196269,0.8093603971962617,0.7164923958981878,0.8788796629937159,0.0035381387136714793,0.003296313837053977
C1_b0.05_s0_lik0,C1,0.05,0,clean,clean,0,False,0.8113489293022462,0.9180734437322015,0.9606517209445903,0.870683674278465,0.9924250276395798,0.7947926653883028,0.9930296434494196,0.960880084406607,0.8903682732891167,0.8732410483788067,0.926588855814925,,
C1_b0.05_s0_lik0,C1,0.05,0,lead_dropout_s1,lead_dropout,1,True,0.8047977723736277,0.9106313544886662,0.9594426866285949,0.8702128924833491,0.9888146075179657,0.7766658676893576,0.9885727611940298,0.9511812074025565,0.8803488656918903,0.861609420125413,0.9188338816648388,0.006551156928618518,0.007442089243535288
C1_b0.05_s0_lik0,C1,0.05,0,lead_dropout_s2,lead_dropout,2,True,0.8028915301207439,0.9025750121675338,0.9515775325410301,0.8577892086901364,0.984340450525152,0.7649594233666621,0.9859556384742951,0.9461058963351039,0.870404827404281,0.8475513841773391,0.9144907479938029,0.008457399181502345,0.01549843156466768
C1_b0.05_s0_lik0,C1,0.05,0,lead_dropout_s3,lead_dropout,3,True,0.7893960746014331,0.8887804372218681,0.9515292997890622,0.8564908420551854,0.9919413349917081,0.7112595877277087,0.9831225815367607,0.9269446263552354,0.847297068133856,0.8320735796980858,0.8983650147092102,0.021952854700813096,0.029293006510333397
C1_b0.05_s0_lik0,C1,0.05,0,limb_reversal_s1,limb_reversal,1,True,0.7744873714062179,0.8996134462515655,0.9424583269022997,0.8592263320647003,0.9855410447761195,0.7728393370771128,0.98433181315644,0.9483312716777026,0.8646225881820923,0.8248079336355192,0.914362368792104,0.036861557896028296,0.01845999748063598
C1_b0.05_s0_lik0,C1,0.05,0,limb_reversal_s2,limb_reversal,2,True,0.7567473163250309,0.8846692641523664,0.9220848124710603,0.837872660957818,0.980600469872858,0.7667314408985072,0.9794257877280266,0.943365107084819,0.8319782559541754,0.7971457221714701,0.9028191202325623,0.05460161297721533,0.0334041795798351
C1_b0.05_s0_lik0,C1,0.05,0,limb_reversal_s3,limb_reversal,3,True,0.7085941657992353,0.84189576429786,0.8532341667952874,0.8042340627973358,0.956942716970702,0.6971348102999587,0.9639562603648424,0.9310588420771786,0.75077018013265,0.7505862363914605,0.8691446028513238,0.10275476350301094,0.0761776794343415
C1_b0.05_s0_lik0,C1,0.05,0,baseline_step_s1,baseline_step,1,True,0.8103023787595278,0.9179879653934037,0.9603333847816021,0.8681662305740564,0.992096807628524,0.7963164292562663,0.9929000829187395,0.9605981226806374,0.8918827253542357,0.8729307164594231,0.926667188887148,0.0010465505427184052,8.547833879779532e-05
C1_b0.05_s0_lik0,C1,0.05,0,baseline_step_s2,baseline_step,2,True,0.8114226516423598,0.9186963836942367,0.9588735401553738,0.8676508483983508,0.9916994886677722,0.8036527530475277,0.994022940851299,0.9605374857503214,0.8919109888453423,0.8738636517920697,0.9260557557400735,-7.372234011360224e-05,-0.0006229399620352183
C1_b0.05_s0_lik0,C1,0.05,0,baseline_step_s3,baseline_step,3,True,0.8074991077795818,0.9182299291172937,0.9596098935020837,0.8654505629559149,0.9911898839137645,0.7999460690316396,0.9928914455500276,0.9625718547624246,0.8917131444075973,0.8729326560339192,0.9277638518982716,0.0038498215226644428,-0.00015648538509227539
C1_b0.05_s0_lik0,C1,0.05,0,seen_baseline_wander_s1,seen_baseline_wander,1,False,0.8115252013050037,0.9181947043080103,0.9606870916293666,0.8703764272121788,0.9923472913211719,0.7954175797835912,0.9929864566058596,0.9610013582672391,0.8906933034368404,0.873495132637802,0.926747697878044,-0.00017627200275749377,-0.00012126057580885696
C1_b0.05_s0_lik0,C1,0.05,0,seen_baseline_wander_s2,seen_baseline_wander,2,False,0.811281940609873,0.9183451092713307,0.9606259968102073,0.8697421106882334,0.9923213792150358,0.7970312285988221,0.9929000829187397,0.9615228358679571,0.8909523854386494,0.8740847632846306,0.9259252006197016,6.698869237320437e-05,-0.00027166553912927327
C1_b0.05_s0_lik0,C1,0.05,0,seen_baseline_wander_s3,seen_baseline_wander,3,False,0.8111542518608205,0.9180411328559273,0.9606935226629625,0.8692366397082144,0.9919154228855721,0.7943732023010546,0.9930901050304035,0.9613591161561037,0.8916307092252036,0.8737763709397433,0.9262951067940884,0.00019467744142576127,3.231087627419971e-05
C1_b0.05_s0_lik0,C1,0.05,0,seen_emg_bursts_s1,seen_emg_bursts,1,False,0.811239422548843,0.9181099253920642,0.9605488244070587,0.8700989137329527,0.992235005527916,0.7955673880290371,0.9930641929242676,0.9611226321278712,0.8903046804341271,0.8733108730606679,0.9267368182846798,0.00010950675340326566,-3.6481659862697136e-05
C1_b0.05_s0_lik0,C1,0.05,0,seen_emg_bursts_s2,seen_emg_bursts,2,False,0.8110845075221014,0.9184199436972903,0.9606195657766116,0.8690582381858547,0.9922350055279159,0.7976390220517738,0.9931246545052514,0.9609892308811759,0.8911855592402774,0.8742632041382762,0.9266650129684754,0.0002644217801448523,-0.0003464999650888423
C1_b0.05_s0_lik0,C1,0.05,0,seen_emg_bursts_s3,seen_emg_bursts,3,False,0.8106029720118488,0.9184010772813846,0.9592111694191491,0.867209800190295,0.992114082365948,0.8004382961238187,0.9931937534549475,0.961704746658905,0.8911996909858306,0.8725893513481012,0.9279488049854648,0.0007459572903973921,-0.00032763354918319276
C1_b0.05_s0_lik0,C1,0.05,0,seen_lead_scaling_s1,seen_lead_scaling,1,False,0.8100789534227736,0.9177206264924838,0.9598671348459125,0.8669867982873454,0.9920622581536761,0.7975790987535955,0.9932196655610834,0.9613530524630721,0.8896640413023816,0.8716990866543698,0.9270545024109179,0.0012699758794726401,0.0003528172397176954
C1_b0.05_s0_lik0,C1,0.05,0,seen_lead_scaling_s2,seen_lead_scaling,2,False,0.8094041952921774,0.9179855383226554,0.9607835571333024,0.8706737630827783,0.9906111802100608,0.8053348856321052,0.992399115533444,0.9602161100196464,0.887139169430208,0.869063204914106,0.925648858948248,0.0019447340100687827,8.790540954606296e-05
C1_b0.05_s0_lik0,C1,0.05,0,seen_lead_scaling_s3,seen_lead_scaling,3,False,0.8080856532618348,0.9142412369228778,0.9610118588259505,0.8608269901680939,0.9912244333886125,0.792994966442953,0.9897042564953014,0.9569386839360644,0.8838299856798313,0.8696858083273691,0.9219541490417253,0.0032632760404114336,0.003832206809323613
C1_b0.05_s1_lik0,C1,0.05,1,clean,clean,0,False,0.8019543848506907,0.9205411235968073,0.9652724185831146,0.9126724548049477,0.9875794637921502,0.8611619983563896,0.9945498203427309,0.9474944820393413,0.8744841912873078,0.8322714162966929,0.9093838668685919,,
C1_b0.05_s1_lik0,C1,0.05,1,lead_dropout_s1,lead_dropout,1,True,0.7904191394250399,0.9107993250920978,0.9642884704429696,0.8981575087218523,0.9778624239911554,0.8452823243391316,0.9916908512990603,0.9284696451526837,0.8642127675610493,0.8159421386136309,0.9112877957073476,0.011535245425650764,0.009741798504709465
C1_b0.05_s1_lik0,C1,0.05,1,lead_dropout_s2,lead_dropout,2,True,0.7795410642380949,0.9018924387520083,0.9635778412306426,0.8943565651760229,0.9847032200110558,0.8248912820161622,0.9824575041459369,0.9034265929321594,0.8441127148025322,0.8181319182197808,0.9013743102337807,0.022413320612595822,0.01864868484479898
C1_b0.05_s1_lik0,C1,0.05,1,lead_dropout_s3,lead_dropout,3,True,0.7832112770675578,0.8938885681793778,0.9598671348459125,0.8675666032350143,0.9841158789386402,0.8174950349267224,0.9754439607517966,0.9039359431468141,0.8404737903225807,0.7983734728275312,0.8977252946193883,0.01874310778313293,0.026652555417429502
C1_b0.05_s1_lik0,C1,0.05,1,limb_reversal_s1,limb_reversal,1,True,0.7762223406796482,0.8963852165073385,0.9302039923856562,0.887854820805582,0.972705914870094,0.84606132721545,0.9873203427307905,0.9107606296538844,0.8535880501959603,0.8162679871289836,0.8627038835796473,0.025732044171042467,0.024155907089468798
C1_b0.05_s1_lik0,C1,0.05,1,limb_reversal_s2,limb_reversal,2,True,0.7541839056011979,0.8681001684618855,0.8992546432062561,0.8355633523628291,0.94550684079602,0.8224001849061773,0.9841849778883361,0.875230420335201,0.838156184051854,0.7910302437851183,0.8215746688251779,0.04777047924949285,0.05244095513492175
C1_b0.05_s1_lik0,C1,0.05,1,limb_reversal_s3,limb_reversal,3,True,0.6921111752542548,0.8132378435444181,0.8510829860575191,0.7621313035204567,0.867010433941404,0.7455956375838927,0.9770677860696517,0.8128107642678697,0.827913023816702,0.7491373742428385,0.726391282399429,0.1098432095964359,0.1073032800523892
C1_b0.05_s1_lik0,C1,0.05,1,baseline_step_s1,baseline_step,1,True,0.8005235708045448,0.920778984024358,0.9645810824715748,0.9109181731684111,0.9865429795467109,0.8620351664155596,0.9946448313985627,0.9471458196900239,0.8754333735302986,0.8353572793200628,0.9103521506780163,0.0014308140461458674,-0.0002378604275506957
C1_b0.05_s1_lik0,C1,0.05,1,baseline_step_s2,baseline_step,2,True,0.800464710087957,0.9208834698668714,0.9651116427432216,0.9117358468125595,0.9850659894969596,0.8628569716477195,0.9944720840243229,0.95011702927551,0.8726517749472416,0.8353766750650242,0.910563214789284,0.0014896747627336504,-0.0003423462700641311
C1_b0.05_s1_lik0,C1,0.05,1,baseline_step_s3,baseline_step,3,True,0.7973564980531149,0.9190955581776995,0.9618896949117663,0.9038564462416746,0.984513197899392,0.8568732023010546,0.994204325594251,0.9530185063911325,0.873530298462466,0.8351322886785096,0.9088420631190489,0.004597886797575779,0.001445565419107786
C1_b0.05_s1_lik0,C1,0.05,1,seen_baseline_wander_s1,seen_baseline_wander,1,False,0.802074898046049,0.920663131928428,0.9653624530534548,0.9126030764351412,0.9873289800995024,0.8619367209971237,0.9944634466556108,0.9474399088020568,0.8749835129635213,0.8324227031073923,0.9094273852420494,-0.00012051319535832938,-0.00012200833162068214
C1_b0.05_s1_lik0,C1,0.05,1,seen_baseline_wander_s2,seen_baseline_wander,2,False,0.8021158745938898,0.9211013431931059,0.9654910737253692,0.911760624801776,0.9873808043117744,0.8638243048897412,0.9945411829740188,0.9476582017511945,0.8744747701236056,0.8338327737660912,0.9109483523943809,-0.0001614897431990725,-0.0005602195962985945
C1_b0.05_s1_lik0,C1,0.05,1,seen_baseline_wander_s3,seen_baseline_wander,3,False,0.8035882408130506,0.9210882831391873,0.9646968410762978,0.9115772676815731,0.9869834853510226,0.8632507533214628,0.9945930071862907,0.9481645201193335,0.8761823560446187,0.8337939822761682,0.9105523351959196,-0.0016338559623598758,-0.000547159542380049
C1_b0.05_s1_lik0,C1,0.05,1,seen_emg_bursts_s1,seen_emg_bursts,1,False,0.8020981311617488,0.9205962988927257,0.9653206513350826,0.9120926498572788,0.9875103648424544,0.8616028626215587,0.9945584577114428,0.9476400106720997,0.8746843910159783,0.8327213975797988,0.9092359043988372,-0.00014374631105806834,-5.517529591836379e-05
C1_b0.05_s1_lik0,C1,0.05,1,seen_emg_bursts_s2,seen_emg_bursts,2,False,0.8013224495493374,0.9205333800486416,0.9648190307146164,0.9096346733269902,0.9871994195688225,0.8640639980824545,0.9945239082365949,0.9479856411749013,0.8745736923424783,0.832102673315528,0.9098973836753877,0.0006319353013533036,7.743548165684011e-06
C1_b0.05_s1_lik0,C1,0.05,1,seen_emg_bursts_s3,seen_emg_bursts,3,False,0.8018272819049913,0.9207006759063958,0.9641405566702681,0.9080191484300665,0.9869834853510226,0.8647188741268319,0.9945066334991708,0.9495227873584127,0.8757277848959903,0.83284165119856,0.9098451616272389,0.00012710294569939773,-0.00015955230958852873
C1_b0.05_s1_lik0,C1,0.05,1,seen_lead_scaling_s1,seen_lead_scaling,1,False,0.7999066859650494,0.9201945315114636,0.9651823841127746,0.9124147637170948,0.9875449143173024,0.8633277975619778,0.9944375345494749,0.9447597564820878,0.8726329326198372,0.8317360937357561,0.9097146065068671,0.0020476988856412692,0.000346592085343711
C1_b0.05_s1_lik0,C1,0.05,1,seen_lead_scaling_s2,seen_lead_scaling,2,False,0.8005522924551884,0.9193205320223711,0.9644910480012348,0.9124147637170948,0.9878040353786623,0.8648001986029312,0.9939538419016031,0.9464303039122948,0.8711114146819415,0.828937287737816,0.90394189426776,0.0014020923955022635,0.001220591574436214
C1_b0.05_s1_lik0,C1,0.05,1,seen_lead_scaling_s3,seen_lead_scaling,3,False,0.7957264860000309,0.9166690371003541,0.9662531512064619,0.9068793609261021,0.986292495854063,0.8628698123544719,0.9930555555555556,0.9427617696281744,0.8617773967440459,0.8223058825354894,0.9078259090988214,0.006227898850659774,0.0038720864964532087
C1_b0.05_s2_lik0,C1,0.05,2,clean,clean,0,False,0.8260677126170134,0.9134259048997602,0.9554393682152595,0.8805899143672693,0.9937983692647872,0.7951436447062046,0.996251381978994,0.9125645783307865,0.9173481308411215,0.8473845807706706,0.9223131756227478,,
C1_b0.05_s2_lik0,C1,0.05,2,lead_dropout_s1,lead_dropout,1,True,0.824450921755077,0.9076998033041854,0.952609713433143,0.8816454567078972,0.9919413349917081,0.7772051773729626,0.9952321724709785,0.9107485022678212,0.9096957906240578,0.8323218452335926,0.9178982366355074,0.0016167908619364457,0.00572610159557474
C1_b0.05_s2_lik0,C1,0.05,2,lead_dropout_s2,lead_dropout,2,True,0.8145047546717555,0.901308958504202,0.9494424293872512,0.8809566286076752,0.9902915975677169,0.7701556293658404,0.9941006771697071,0.8995943389361857,0.9001686388302684,0.8080170372223742,0.9190536494507983,0.011562957945257857,0.012116946395558159
C1_b0.05_s2_lik0,C1,0.05,2,lead_dropout_s3,lead_dropout,3,True,0.8071468755428308,0.884825377705261,0.941670525286824,0.8756640501110055,0.9905420812603649,0.7187885221202575,0.9894969596462134,0.8934245312765287,0.865013566475731,0.7825058138745522,0.9063223492958726,0.018920837074182573,0.028600527194499126
C1_b0.05_s2_lik0,C1,0.05,2,limb_reversal_s1,limb_reversal,1,True,0.7810739267793693,0.8786492139820763,0.9093835211195144,0.8510099508404694,0.9730427722498618,0.7645485207505821,0.9789161829740188,0.8878004559897159,0.8647945244196564,0.8091284134086663,0.8692185840862012,0.04499378583764413,0.03477669091768387
C1_b0.05_s2_lik0,C1,0.05,2,limb_reversal_s2,limb_reversal,2,True,0.720659668018438,0.8465313541354904,0.8700352420641045,0.8040160164922296,0.9475798092868988,0.7343557389398713,0.9590847844112769,0.8806240752868126,0.808446544317154,0.781382800241283,0.8332571761797831,0.10540804459857545,0.06689455076426976
C1_b0.05_s2_lik0,C1,0.05,2,limb_reversal_s3,limb_reversal,3,True,0.6111809424434583,0.7727659660029146,0.7215748315069198,0.7328338090707264,0.8108243504698729,0.6882832831119025,0.9052048783858485,0.8876215770452837,0.6579505200482363,0.7430626269209061,0.8075378174665343,0.21488677017355506,0.14065993889684558
C1_b0.05_s2_lik0,C1,0.05,2,baseline_step_s1,baseline_step,1,True,0.8250712949326146,0.9139389108103629,0.9537447908627874,0.8802083333333333,0.9938674682144832,0.7948739898644022,0.9963377556661139,0.9154145140556403,0.9182078120289417,0.8487655578119273,0.9240299754556374,0.0009964176843988426,-0.0005130059106027707
C1_b0.05_s2_lik0,C1,0.05,2,baseline_step_s2,baseline_step,2,True,0.8234657787968206,0.9146061375383501,0.9535936615732882,0.8817148350777038,0.9939452045328911,0.8034387412683194,0.9962686567164178,0.912452400009702,0.9167805057280675,0.8515507867883945,0.9217104461503647,0.0026019338201928033,-0.0011802326385899065
C1_b0.05_s2_lik0,C1,0.05,2,baseline_step_s3,baseline_step,3,True,0.814430979776706,0.9118033906443392,0.9519022997376139,0.876209165873771,0.9932542150359315,0.7984009039857554,0.9958281509121061,0.9092598656285624,0.9186741596321977,0.8490487356883646,0.9136530193047505,0.011636732840307418,0.001622514255420926
C1_b0.05_s2_lik0,C1,0.05,2,seen_baseline_wander_s1,seen_baseline_wander,1,False,0.8259451170864782,0.9133955870637435,0.95515318722025,0.880679115128449,0.9938674682144831,0.7956786741542254,0.9962341072415699,0.9125797375633655,0.9174965141694302,0.8468977475721375,0.9219737323097813,0.00012259553053517447,3.0317836016702238e-05
C1_b0.05_s2_lik0,C1,0.05,2,seen_baseline_wander_s2,seen_baseline_wander,2,False,0.8265734235014651,0.9141850314638302,0.9538669805011062,0.881442277196321,0.9938761055831951,0.7995308861799754,0.99623410724157,0.9135014189041695,0.9174753165511005,0.8489071467501459,0.9228310442668894,-0.0005057108844517266,-0.0007591265640700673
C1_b0.05_s2_lik0,C1,0.05,2,seen_baseline_wander_s3,seen_baseline_wander,3,False,0.8262320588664468,0.9144607553389346,0.9534135926326078,0.8814323660006343,0.9939192924267551,0.8007892754417203,0.9963291182974019,0.9140198646583715,0.9186506067229424,0.8488334429192923,0.922759238950685,-0.00016434624943340026,-0.0010348504391743951
C1_b0.05_s2_lik0,C1,0.05,2,seen_emg_bursts_s1,seen_emg_bursts,1,False,0.8260437192930538,0.9135443709830411,0.9554650923496425,0.8805354027909926,0.9938933803206191,0.7960510546500478,0.996268656716418,0.9126070241820077,0.9173010250226108,0.8474427680055551,0.9223349348094766,2.3993323959636825e-05,-0.00011846608328092145
C1_b0.05_s2_lik0,C1,0.05,2,seen_emg_bursts_s2,seen_emg_bursts,2,False,0.8261508634115657,0.9135320081458674,0.9547223079693368,0.8800844433872502,0.9938761055831952,0.7960168127653747,0.9962772940851299,0.9119703364136894,0.9174611848055472,0.8488858114306883,0.9224937768725956,-8.315079455234464e-05,-0.00010610324610726973
C1_b0.05_s2_lik0,C1,0.05,2,seen_emg_bursts_s3,seen_emg_bursts,3,False,0.8266417842863053,0.9135243990679963,0.9536676184596389,0.8794600380589913,0.9939711166390272,0.7968985412957128,0.9963463930348259,0.912221979674501,0.9180358757913778,0.8491573518601488,0.921960676797744,-0.000574071669291909,-9.849416823615176e-05
C1_b0.05_s2_lik0,C1,0.05,2,seen_lead_scaling_s1,seen_lead_scaling,1,False,0.826435443198619,0.9134586266955694,0.9545325924782632,0.8800596653980337,0.9932369402985075,0.7998519038487879,0.996199557766722,0.9119521453345947,0.916337711034067,0.8466591799091114,0.9222979441920379,-0.00036773058160555205,-3.272179580926515e-05
C1_b0.05_s2_lik0,C1,0.05,2,seen_lead_scaling_s2,seen_lead_scaling,2,False,0.8230280676750577,0.9128148935353964,0.9566612645984461,0.8806146923564859,0.9931592039800995,0.796671688809752,0.9957072277501382,0.9108364258167795,0.9143875301477238,0.8451307952061478,0.9221652131529933,0.0030396449419557436,0.0006110113643638115
C1_b0.05_s2_lik0,C1,0.05,2,seen_lead_scaling_s3,seen_lead_scaling,3,False,0.8221550418863339,0.910328210862978,0.9553847044296959,0.8758226292419918,0.9937292703150912,0.7972923229694562,0.996139096185738,0.906373547745519,0.9119804228218269,0.8371630231759756,0.9190688808815082,0.003912670730679468,0.0030976940367821726
C1_b0.05_s3_lik0,C1,0.05,3,clean,clean,0,False,0.7995306498759776,0.9300116009794832,0.9624877810361682,0.9235450364732002,0.9944288971807629,0.8826230995754007,0.9949989635157546,0.9487405709573358,0.9220610679831173,0.7983346813376082,0.9428843107560013,,
C1_b0.05_s3_lik0,C1,0.05,3,lead_dropout_s1,lead_dropout,1,True,0.7939354705596229,0.9234477026585153,0.9618382466430004,0.9159778385664447,0.9925632255389718,0.8787323654293933,0.9938070066334992,0.9390083436416115,0.9075077253542357,0.7863869024413425,0.9352076696781382,0.00559517931635467,0.006563898320967931
C1_b0.05_s3_lik0,C1,0.05,3,lead_dropout_s2,lead_dropout,2,True,0.7877768596692053,0.9143725548957176,0.9567995318207543,0.9087327545195052,0.9871735074626866,0.8512147308587865,0.9914576423438364,0.92246355720488,0.8945371382273137,0.7834484470796796,0.9335256845440144,0.011753790206772252,0.01563904608376565
C1_b0.05_s3_lik0,C1,0.05,3,lead_dropout_s3,lead_dropout,3,True,0.7844242306523014,0.9037342544305788,0.9522463600349849,0.8924982159847764,0.9879681453841902,0.8366533694014519,0.9814987562189055,0.9191952266608454,0.8637252223394635,0.7798815695812653,0.9199414242693265,0.01510641922367617,0.026277346548904457
C1_b0.05_s3_lik0,C1,0.05,3,limb_reversal_s1,limb_reversal,1,True,0.773805642747563,0.9141047821682461,0.9292103976951175,0.9083908182683159,0.9918204118297402,0.862279139843857,0.9906889165284687,0.9470669916806131,0.8878033614712089,0.7817668359915202,0.927916166205372,0.025725007128414523,0.015906818811237122
C1_b0.05_s3_lik0,C1,0.05,3,limb_reversal_s2,limb_reversal,2,True,0.7582925433160014,0.897769275373481,0.8912994546483511,0.8965271170313986,0.9890996406854616,0.8421748733050267,0.9810755251520177,0.9486132334036722,0.8557031014470908,0.7642602365892971,0.911170296099013,0.04123810655997617,0.032242325606002264
C1_b0.05_s3_lik0,C1,0.05,3,limb_reversal_s3,limb_reversal,3,True,0.7046045652800551,0.8497559861753682,0.769100169779287,0.8226639311766573,0.9612354892205638,0.7992055882755786,0.9566663211719182,0.9516966213102428,0.774820055773289,0.721387881926463,0.8910278169443138,0.09492608459592244,0.08025561480411503
C1_b0.05_s3_lik0,C1,0.05,3,baseline_step_s1,baseline_step,1,True,0.7980490662178266,0.9307460920764274,0.9618125225086176,0.9221475578813827,0.9943079740187949,0.8843993973428298,0.9950076008844666,0.9511751437095248,0.9219338822731384,0.8026308388465738,0.9432999112225182,0.0014815836581509867,-0.0007344910969442342
C1_b0.05_s3_lik0,C1,0.05,3,baseline_step_s2,baseline_step,2,True,0.798390990699146,0.9308188540959412,0.9631501774965272,0.9220484459245164,0.9943597982310669,0.8861243322832488,0.9951112493090104,0.9512782264910621,0.920968212993669,0.800113271150575,0.9442159729837939,0.0011396591768315645,-0.0008072531164580177
C1_b0.05_s3_lik0,C1,0.05,3,baseline_step_s3,baseline_step,3,True,0.7977205641517785,0.9308167678158453,0.9598478417451254,0.9195409134157945,0.9948866777224986,0.8845320846459389,0.9937724571586511,0.9526334618836255,0.9234318473017787,0.806036731661808,0.9426688948073877,0.001810085724199051,-0.0008051668363621145
C1_b0.05_s3_lik0,C1,0.05,3,seen_baseline_wander_s1,seen_baseline_wander,1,False,0.7998558972471229,0.930182604367649,0.9625263672377425,0.9232873453853473,0.9944029850746269,0.8835604711683331,0.9949903261470425,0.9488254626597783,0.9221435031655111,0.7990814175186247,0.9428255609518339,-0.00032524737114536517,-0.0001710033881657802
C1_b0.05_s3_lik0,C1,0.05,3,seen_baseline_wander_s2,seen_baseline_wander,2,False,0.7996672348769218,0.9302766321658135,0.9623527293306581,0.9228264747859181,0.9944893587617468,0.8844678811121763,0.9950507877280265,0.9491316791578743,0.9224096510400965,0.7988855204945139,0.9428756070813098,-0.00013658500094426707,-0.0002650311863302557
C1_b0.05_s3_lik0,C1,0.05,3,seen_baseline_wander_s3,seen_baseline_wander,3,False,0.7991761115587483,0.9308032941974028,0.9622016000411586,0.9244717332699017,0.9945843698175788,0.8829055951239556,0.9951112493090105,0.9494197045768755,0.9229042621344589,0.80260756395262,0.9430235695510645,0.0003545383172292027,-0.000791693217919609
C1_b0.05_s3_lik0,C1,0.05,3,seen_emg_bursts_s1,seen_emg_bursts,1,False,0.7995858982124604,0.930119870563659,0.9622241086587436,0.9236540596257532,0.9943425234936428,0.8833079372688672,0.9950248756218906,0.9490255645298212,0.9223813875489901,0.7983211043161352,0.9427972740090867,-5.5248336482849325e-05,-0.0001082695841757575
C1_b0.05_s3_lik0,C1,0.05,3,seen_emg_bursts_s2,seen_emg_bursts,2,False,0.7991681275068582,0.9302167703936747,0.9621662293563822,0.9215974865207738,0.9943511608623549,0.883890049308314,0.9950594250967386,0.9493257173348857,0.9223437028941815,0.8001326668955364,0.9430844952739047,0.00036252236911937796,-0.00020516941419146395
C1_b0.05_s3_lik0,C1,0.05,3,seen_emg_bursts_s3,seen_emg_bursts,3,False,0.796997754353381,0.9301525188225371,0.9617064104542883,0.9196697589597209,0.9943425234936429,0.8839328516641556,0.9950680624654505,0.9501534114336996,0.9217713671992765,0.8022312865003676,0.9424969972322316,0.002532895522596501,-0.00014091784305392263
C1_b0.05_s3_lik0,C1,0.05,3,seen_lead_scaling_s1,seen_lead_scaling,1,False,0.7991614812381984,0.929811333408893,0.9626646344600504,0.9218948223913733,0.9938501934770592,0.8859274414463773,0.9951371614151465,0.9461847243445147,0.920056715405487,0.800363476260578,0.9422228314794506,0.0003691686377791381,0.00020026757059021794
C1_b0.05_s3_lik0,C1,0.05,3,seen_lead_scaling_s2,seen_lead_scaling,2,False,0.7983955432743451,0.9295751950772103,0.9630537119925915,0.9249772042499208,0.9939452045328911,0.8830254417203124,0.9946621061359867,0.9512994494166727,0.918789568887549,0.7939531825508119,0.9424708862081569,0.0011351066016324074,0.0004364059022728961
C1_b0.05_s3_lik0,C1,0.05,3,seen_lead_scaling_s3,seen_lead_scaling,3,False,0.796607779237925,0.9258069767900577,0.9609571950403868,0.9167360450364731,0.9936256218905473,0.8801534036433365,0.9946275566611388,0.939584394479614,0.9134548349412119,0.7936273340354594,0.9394964053823525,0.0029228706380525216,0.0042046241894254655
C1_b0.05_s4_lik0,C1,0.05,4,clean,clean,0,False,0.8206841614013284,0.9200942454995622,0.9649669444873179,0.8620411116397082,0.9924854892205639,0.8928785440350637,0.9788989082365949,0.9325323194838584,0.8838346962616823,0.8320056945907207,0.9412045015405505,,
C1_b0.05_s4_lik0,C1,0.05,4,lead_dropout_s1,lead_dropout,1,True,0.8131126801501777,0.9147332777238001,0.9627675309975819,0.8615901522359657,0.9916994886677722,0.8783129023421449,0.9777501381978995,0.9254347667903661,0.8702988393126319,0.825453811942736,0.9392918690271032,0.007571481251150702,0.0053609677757621155
C1_b0.05_s4_lik0,C1,0.05,4,lead_dropout_s2,lead_dropout,2,True,0.809553278297509,0.9081199660138493,0.9602047641096877,0.8694100856327307,0.9887886954118297,0.8607382550335569,0.9759449281370922,0.910584782555968,0.8702564440759722,0.8049990593063694,0.9321526798614375,0.011130883103819378,0.011974279485712946
C1_b0.05_s4_lik0,C1,0.05,4,lead_dropout_s3,lead_dropout,3,True,0.7764707901302692,0.89569605921761,0.9526708082523023,0.8552915873771012,0.9898683665008292,0.8393713189973976,0.9583246959646212,0.9099541584806811,0.8440397007838408,0.8009783213758566,0.9107655752258603,0.044213371271059176,0.024398186281952228
C1_b0.05_s4_lik0,C1,0.05,4,limb_reversal_s1,limb_reversal,1,True,0.767851125596959,0.8866394787218251,0.9323776817410093,0.8421642086901363,0.9877608485351023,0.8794899671277907,0.8663108070757324,0.9191254941909821,0.8617067380162798,0.8081625053095852,0.8826570578098073,0.05283303580436938,0.033454766777737066
C1_b0.05_s4_lik0,C1,0.05,4,limb_reversal_s2,limb_reversal,2,True,0.7311189694580426,0.8528788121316703,0.9087918660287081,0.7895407151918808,0.9789680071862907,0.8705870771127243,0.7695204532891099,0.9177672269519026,0.8242152170636117,0.7966782847178986,0.8198404616429056,0.08956519194328583,0.06721543336789193
C1_b0.05_s4_lik0,C1,0.05,4,limb_reversal_s3,limb_reversal,3,True,0.6559097384683068,0.7808987146982941,0.8832092143849359,0.6884465191880746,0.945213170259812,0.7975619778112588,0.5087669292426755,0.9499411821775934,0.7936294091046127,0.7771894401806133,0.6841305899350706,0.16477442293302158,0.13919553080126812
C1_b0.05_s4_lik0,C1,0.05,4,baseline_step_s1,baseline_step,1,True,0.8196098128498206,0.9201614506820529,0.9643945824972988,0.8604057643514114,0.9923645660585959,0.8899765443089989,0.9782597429519071,0.9345333381842877,0.8837381293337353,0.836427924441936,0.9413524640103051,0.0010743485515077866,-6.720518249070384e-05
C1_b0.05_s4_lik0,C1,0.05,4,baseline_step_s2,baseline_step,2,True,0.8167073749456613,0.92007117539074,0.9638543756752586,0.8594196003805898,0.9925114013266998,0.8919411724421312,0.9761867744610282,0.9352761405806592,0.8820258328308713,0.8374287448819479,0.9419965359374728,0.003976786455667125,2.3070108822187407e-05
C1_b0.05_s4_lik0,C1,0.05,4,baseline_step_s3,baseline_step,3,True,0.8155064055815123,0.9177296010178713,0.9612948243041621,0.8507572153504598,0.9922004560530681,0.8883200931379263,0.9724208817025981,0.9372710955880569,0.8807421992764546,0.8358033814541764,0.9407562622939405,0.0051777558198160545,0.0023646444816909362
C1_b0.05_s4_lik0,C1,0.05,4,seen_baseline_wander_s1,seen_baseline_wander,1,False,0.8203578475493143,0.9200708535537571,0.9647289962442763,0.8618329765302887,0.9924682144831399,0.8930454732228462,0.9789075456053067,0.9328870455262073,0.8837027999698521,0.8318253141625791,0.9412393162393162,0.0003263138520140929,2.3391945805140146e-05
C1_b0.05_s4_lik0,C1,0.05,4,seen_baseline_wander_s2,seen_baseline_wander,2,False,0.8197010900983562,0.9202818873587452,0.9645521428203939,0.8621253568030447,0.9924854892205639,0.8926859334337761,0.978510226644555,0.9333903320478304,0.8838653150437144,0.8333129678011237,0.9416092224137029,0.0009830713029721494,-0.00018764185918296317
C1_b0.05_s4_lik0,C1,0.05,4,seen_baseline_wander_s3,seen_baseline_wander,3,False,0.8188929824324819,0.9199428697358114,0.9638929618768328,0.8601332064700284,0.9923645660585959,0.891038042733872,0.9787866224433389,0.9331114021683765,0.8845035988845343,0.834938331228895,0.9407170957578289,0.0017911789688465074,0.00015137576375079398
C1_b0.05_s4_lik0,C1,0.05,4,seen_emg_bursts_s1,seen_emg_bursts,1,False,0.8202666357880812,0.9199338926575914,0.9644814014508413,0.8613275055502696,0.9925114013266999,0.8922793110532804,0.9788557213930348,0.9325626379490164,0.8837875904431716,0.8321860750188623,0.9414133897331453,0.00041752561324714943,0.00016035284197080113
C1_b0.05_s4_lik0,C1,0.05,4,seen_emg_bursts_s2,seen_emg_bursts,2,False,0.8197893399175703,0.9202100120233866,0.9637579101713227,0.8603958531557248,0.992355928689884,0.8946377208601562,0.9790371061359868,0.9335722428387785,0.8840820018088633,0.832709760132822,0.9413415844169408,0.0008948214837580792,-0.0001157665238243899
C1_b0.05_s4_lik0,C1,0.05,4,seen_emg_bursts_s3,seen_emg_bursts,3,False,0.8188812889353657,0.9200733190492199,0.9632112723156867,0.8560151046622264,0.9922263681592041,0.8941840158882346,0.978337479270315,0.9362311722331368,0.8840066324992463,0.8353281857026205,0.9411196407123087,0.0018028724659626683,2.0926450342351188e-05
C1_b0.05_s4_lik0,C1,0.05,4,seen_lead_scaling_s1,seen_lead_scaling,1,False,0.820522121057863,0.9199822054040538,0.9642916859597674,0.8618131541389153,0.992096807628524,0.8917571223120121,0.9797194582642343,0.9312074025564531,0.8850264734700031,0.8338133780211299,0.9401143662854456,0.00016204034346534169,0.00011204009550835892
C1_b0.05_s4_lik0,C1,0.05,4,seen_lead_scaling_s2,seen_lead_scaling,2,False,0.8180640973355547,0.9182808330864553,0.9634845912435047,0.8605891214716143,0.9920363460475401,0.8844464799342556,0.9769382255389718,0.9336904848528949,0.8846990880313537,0.8268968553678693,0.9417463052900934,0.002620064065773642,0.0018134124131069518
C1_b0.05_s4_lik0,C1,0.05,4,seen_lead_scaling_s3,seen_lead_scaling,3,False,0.8138074979691119,0.91604493264376,0.9656036168132941,0.8612383047890897,0.9915526533996684,0.8813005067798932,0.9776033029297955,0.9256864100511776,0.8785352916792283,0.8258009957775464,0.9370833115741466,0.00687666343221649,0.004049312855802234
C1_b0.1_s0_lik0,C1,0.1,0,clean,clean,0,False,0.8576349156061913,0.9414713025948335,0.9738321242990173,0.8889549635267999,0.9935478855721394,0.8904088481029996,0.994247512437811,0.9693025540275049,0.9145170711486283,0.8907980767179298,0.9576326875206712,,
C1_b0.1_s0_lik0,C1,0.1,0,lead_dropout_s1,lead_dropout,1,True,0.8524270619213863,0.9361046151258233,0.9737195812110924,0.903450087218522,0.9927273355444997,0.8694956170387618,0.9911121475953565,0.9590276261854519,0.9069565872776606,0.8759680901203895,0.9524844639406759,0.0052078536848050305,0.005366687469010145
C1_b0.1_s0_lik0,C1,0.1,0,lead_dropout_s2,lead_dropout,2,True,0.8456519590629161,0.9267976553156267,0.9726745382517878,0.884564303837615,0.9896783443891652,0.8649628475551294,0.9759362907683802,0.9535066336801765,0.8918379748266506,0.8627227358862013,0.9452952286455343,0.011982956543275192,0.014673647279206725
C1_b0.1_s0_lik0,C1,0.1,0,lead_dropout_s3,lead_dropout,3,True,0.834817033098896,0.9190368730101363,0.9699767196583836,0.8968591420869014,0.9916390270867883,0.8388876523763867,0.9806263819789939,0.9467971573407067,0.8616054605064818,0.8518824540272354,0.9330578620293488,0.02281788250729533,0.022434429584697213
C1_b0.1_s0_lik0,C1,0.1,0,limb_reversal_s1,limb_reversal,1,True,0.8200075913351607,0.9234672409222784,0.9579217471832072,0.8766799476688867,0.9902311359867331,0.8692345226681276,0.9894364980652294,0.962593077688035,0.8830433185107024,0.8435694377367493,0.9384954827928351,0.03762732427103066,0.018004061672555083
C1_b0.1_s0_lik0,C1,0.1,0,limb_reversal_s2,limb_reversal,2,True,0.7943225573385315,0.903209369137646,0.940525801306786,0.8536066841103709,0.9731723327805417,0.8474909259005616,0.9837099226091763,0.9521392709015499,0.8480295636116973,0.817183466291165,0.9130263547269657,0.0633123582676598,0.038261933457187425
C1_b0.1_s0_lik0,C1,0.1,0,limb_reversal_s3,limb_reversal,3,True,0.7470447730053317,0.8604979612546764,0.8887977825796162,0.819873929590866,0.9288194444444444,0.7998262224352828,0.9677307904919845,0.9428072473259114,0.7635829627675609,0.7676738877025159,0.8653693839539054,0.11059014260085964,0.0809733413401571
C1_b0.1_s0_lik0,C1,0.1,0,baseline_step_s1,baseline_step,1,True,0.8555601633749909,0.9410024862865567,0.9735266502032207,0.8855157786235331,0.9934701492537313,0.8883586152581838,0.9944202598120508,0.9691721846273254,0.9139824201085318,0.8924758086570969,0.9581005100353369,0.0020747522312004607,0.000468816308276776
C1_b0.1_s0_lik0,C1,0.1,0,baseline_step_s2,baseline_step,2,True,0.8550307309379149,0.9407177702392797,0.9736166846735608,0.8860608943862988,0.9932023908236595,0.8901926962059992,0.9949125898286346,0.969223726018094,0.9111160310521556,0.8911724145956861,0.9569625045694293,0.002604184668276388,0.0007535323555537543
C1_b0.1_s0_lik0,C1,0.1,0,baseline_step_s3,baseline_step,3,True,0.8510653162805356,0.9392618909936239,0.971385116015846,0.8804709800190295,0.9934787866224433,0.8889878098890563,0.9931160171365396,0.970524388173373,0.9087701612903227,0.8902705124549776,0.9563532473410274,0.006569599325655706,0.0022094116012095766
C1_b0.1_s0_lik0,C1,0.1,0,seen_baseline_wander_s1,seen_baseline_wander,1,False,0.8575682668721616,0.9414771938128345,0.9737742449966558,0.8885832936885506,0.9935306108347154,0.8908154704834955,0.994152501381979,0.9691994712459677,0.9145370911214954,0.8909823362950635,0.9577197242675858,6.664873402972837e-05,-5.8912180009862425e-06
C1_b0.1_s0_lik0,C1,0.1,0,seen_baseline_wander_s2,seen_baseline_wander,2,False,0.856856046685903,0.9413276703608301,0.9736199001903585,0.8874980177608627,0.9936515339966833,0.8897924941788797,0.9944634466556108,0.9693722864973684,0.9149669317154054,0.8910191882104904,0.9575652340418124,0.0007788689202883337,0.00014363223400337688
C1_b0.1_s0_lik0,C1,0.1,0,seen_baseline_wander_s3,seen_baseline_wander,3,False,0.8577907871028969,0.9410761417521658,0.9736488398415393,0.8868686568347606,0.9935910724156993,0.8893773113272155,0.9944375345494748,0.9694026049625264,0.9141048952366597,0.8906564877797108,0.9575978728219054,-0.0001558714967055952,0.0003951608426676634
C1_b0.1_s0_lik0,C1,0.1,0,seen_emg_bursts_s1,seen_emg_bursts,1,False,0.8574980255231012,0.9415823498887322,0.9739639604877296,0.889262210593086,0.9934787866224434,0.8908839542528421,0.994247512437811,0.9692904266414416,0.9145524005125113,0.8909183303366908,0.9576435671140355,0.0001368900830901465,-0.00011104729389876944
C1_b0.1_s0_lik0,C1,0.1,0,seen_emg_bursts_s2,seen_emg_bursts,2,False,0.856823140487139,0.9414970958272154,0.9740379173740803,0.889400967332699,0.9933924129353234,0.8906485412957129,0.9943338861249309,0.9689690509107668,0.9144793864938198,0.8901851711771472,0.9580265288004596,0.0008117751190522826,-2.57932323819432e-05
C1_b0.1_s0_lik0,C1,0.1,0,seen_emg_bursts_s3,seen_emg_bursts,3,False,0.8558063244120774,0.9409122587462355,0.9742340638987498,0.8860559387884553,0.9932714897733554,0.8892531844952747,0.9945325456053068,0.9682626306725849,0.914802061350618,0.8901483192617203,0.957650094870054,0.0018285911941139377,0.000559043848597951
C1_b0.1_s0_lik0,C1,0.1,0,seen_lead_scaling_s1,seen_lead_scaling,1,False,0.8573311908789342,0.9411821203770737,0.9732565467922004,0.8884098477640343,0.9935651603095633,0.8898738186549787,0.9949557766721946,0.9688750636687767,0.9132098846849562,0.891001732040025,0.957491252806935,0.0003037247272571486,0.0002891822177597536
C1_b0.1_s0_lik0,C1,0.1,0,seen_lead_scaling_s2,seen_lead_scaling,2,False,0.8584519193174158,0.9402998442914039,0.9738642794669958,0.8864325642245481,0.9930728302929795,0.8901306327900287,0.9926409618573798,0.9690024012224405,0.9125927984624662,0.8888177711573635,0.9561443591484324,-0.0008170037112245065,0.0011714583034295734
C1_b0.1_s0_lik0,C1,0.1,0,seen_lead_scaling_s3,seen_lead_scaling,3,False,0.8531877929679555,0.9372028281580902,0.9741472449452075,0.8807584046939423,0.9947139303482586,0.8868690932748938,0.9911466970702045,0.9640574595551674,0.9052207378655412,0.8830165038393878,0.9548953818302087,0.004447122638235768,0.004268474436743275
C1_b0.1_s1_lik0,C1,0.1,1,clean,clean,0,False,0.857478690890493,0.9438428972541715,0.9719767711066521,0.9212059942911512,0.9953185461580984,0.897796534721271,0.9920104339414041,0.964509204686022,0.9196068548387097,0.8726708134769394,0.9594909220672968,,
C1_b0.1_s1_lik0,C1,0.1,1,lead_dropout_s1,lead_dropout,1,True,0.8523315243492615,0.9387056541018635,0.9710635643360601,0.9217808436409768,0.9873030679933665,0.8912220928639912,0.9875362769485904,0.9596734094933178,0.9145264923123304,0.8600364252090374,0.955208714119101,0.005147166541231485,0.005137243152308013
C1_b0.1_s1_lik0,C1,0.1,1,lead_dropout_s2,lead_dropout,2,True,0.8414423898441072,0.9304528948243761,0.9712597108607296,0.9147092055185537,0.9870266721945826,0.8707839679495959,0.9868539248203427,0.9508325450532391,0.9020081210431112,0.8452588071228935,0.9453430988563372,0.01603630104638576,0.013390002429795378
C1_b0.1_s1_lik0,C1,0.1,1,lead_dropout_s3,lead_dropout,3,True,0.8342466341742222,0.9221781695440637,0.9699091938056285,0.9122363621947351,0.9905593559977888,0.8640297561977811,0.9770591487009398,0.943656164350336,0.869665266053663,0.8267339311101931,0.9457543474855084,0.02323205671627082,0.021664727710107745
C1_b0.1_s1_lik0,C1,0.1,1,limb_reversal_s1,limb_reversal,1,True,0.8284982922197588,0.9273946794425912,0.9652724185831146,0.8888954963526801,0.9947398424543947,0.9026460416381317,0.9861715726920951,0.9526243663440782,0.9104424178474526,0.8479780905664915,0.8977818685048827,0.02898039867073421,0.016448217811580235
C1_b0.1_s1_lik0,C1,0.1,1,limb_reversal_s2,limb_reversal,2,True,0.8051526765492595,0.9110470457469408,0.9570889283325617,0.8557921027592769,0.9928137092316197,0.8871986714148747,0.982371130458817,0.9399088020568047,0.902059937443473,0.830731394146752,0.8514587358782878,0.05232601434123352,0.03279585150723063
C1_b0.1_s1_lik0,C1,0.1,1,limb_reversal_s3,limb_reversal,3,True,0.7543296889444683,0.8855471797198832,0.9405676030251582,0.8223665953060577,0.9866639027086789,0.8637344199424737,0.9635243919292428,0.9126403744936816,0.8824615616520954,0.7824553849376524,0.815510383483907,0.10314900194602472,0.058295717534288305
C1_b0.1_s1_lik0,C1,0.1,1,baseline_step_s1,baseline_step,1,True,0.8569758276933841,0.9439071096290365,0.9717806245819828,0.9200364732001268,0.9953617330016583,0.8978222161347762,0.9918635986733001,0.9638785806107352,0.9214015865239674,0.8735804739156324,0.9594387000191481,0.0005028631971089048,-6.421237486498033e-05
C1_b0.1_s1_lik0,C1,0.1,1,baseline_step_s2,baseline_step,2,True,0.8584601033792303,0.9438334160832302,0.9724719606935227,0.9180591896606406,0.9956208540630183,0.8986354608957676,0.9904729823106689,0.9648912173470129,0.9210506481760627,0.873931536899435,0.9593668947029437,-0.0009814124887372877,9.481170941239014e-06
C1_b0.1_s1_lik0,C1,0.1,1,baseline_step_s3,baseline_step,3,True,0.8552310208070876,0.94268548915159,0.9706712712867211,0.9123305185537584,0.9962081951354339,0.9000522188741268,0.9864306937534548,0.9633419437774381,0.9213709677419355,0.8748819284025471,0.9588816648388949,0.0022476700834054286,0.0011574081025814698
C1_b0.1_s1_lik0,C1,0.1,1,seen_baseline_wander_s1,seen_baseline_wander,1,False,0.8575563432598883,0.9440556272250475,0.972327262437619,0.921215905486838,0.9953444582642345,0.8985156142994111,0.9919672470978441,0.9644121855975164,0.9202310069339764,0.8729481726298886,0.9595387922780999,-7.765236939527576e-05,-0.00021272997087606882
C1_b0.1_s1_lik0,C1,0.1,1,seen_baseline_wander_s2,seen_baseline_wander,2,False,0.8573474782044636,0.9442875989491252,0.971571615990122,0.9218650888043135,0.9956122166943062,0.9006386111491577,0.9918895107794361,0.9641484149506415,0.9207821450105518,0.8725137079427516,0.9595670792208469,0.00013121268602944713,-0.0004447016949536975
C1_b0.1_s1_lik0,C1,0.1,1,seen_baseline_wander_s3,seen_baseline_wander,3,False,0.8575923146379211,0.944312493655028,0.9720700210937901,0.922073223913733,0.9954049198452184,0.9008654636351185,0.9923472913211719,0.9639301220015039,0.9203581926439554,0.8726378407105049,0.9591253677302557,-0.00011362374742807102,-0.0004695964008565312
C1_b0.1_s1_lik0,C1,0.1,1,seen_emg_bursts_s1,seen_emg_bursts,1,False,0.8572990482991538,0.9439006256059239,0.9717323918300149,0.9207253013003489,0.9954221945826424,0.8980661895630735,0.9918376865671642,0.9646971791700018,0.9202828233343383,0.8726746926259317,0.9596671714797989,0.0001796425913391797,-5.772835175243962e-05
C1_b0.1_s1_lik0,C1,0.1,1,seen_emg_bursts_s2,seen_emg_bursts,2,False,0.8564088235723144,0.9436169944461423,0.9707580902402634,0.9181830796067237,0.9952580845771144,0.896174325434872,0.992070895522388,0.965167115379951,0.9210765563762435,0.8746763335059555,0.9591884693717688,0.0010698673181785967,0.00022590280802914364
C1_b0.1_s1_lik0,C1,0.1,1,seen_emg_bursts_s3,seen_emg_bursts,3,False,0.8545114877504074,0.9442587384003883,0.9711793229407831,0.9157746590548683,0.9957072277501382,0.8997740035611559,0.99225228026534,0.9662282616604816,0.9224544015676818,0.8752543267058074,0.9597041620972374,0.0029672031400855836,-0.0004158411462168443
C1_b0.1_s1_lik0,C1,0.1,1,seen_lead_scaling_s1,seen_lead_scaling,1,False,0.8564106782313574,0.9439574552313049,0.9725201934454906,0.920650967332699,0.9951457987838584,0.8994016230653334,0.9924682144831398,0.9633631667030489,0.9188248982514321,0.8733748790190408,0.9598673559977022,0.0010680126591355865,-0.00011455797713344484
C1_b0.1_s1_lik0,C1,0.1,1,seen_lead_scaling_s2,seen_lead_scaling,2,False,0.8587735107581841,0.9435629211265864,0.9742887276843134,0.9200166508087536,0.9939711166390272,0.8982759211066976,0.9916044776119404,0.9639513449271144,0.9211142410310522,0.8707215411083117,0.9581222692220656,-0.0012948198676910883,0.00027997612758512425
C1_b0.1_s1_lik0,C1,0.1,1,seen_lead_scaling_s3,seen_lead_scaling,3,False,0.8527268704661486,0.9388855286350594,0.9719767711066524,0.9155120123691722,0.9952235351022665,0.8906485412957128,0.9900583886124931,0.9627780203254991,0.8983903941814894,0.8688808849114681,0.956501209810782,0.004751820424344411,0.0049573686191121125
C1_b0.1_s2_lik0,C1,0.1,2,clean,clean,0,False,0.842503981209836,0.9460772737790253,0.975491330966713,0.9471287266095781,0.9943857103372029,0.8971673400903986,0.9972014925373135,0.9717735089378836,0.9177084903527283,0.8815947957337119,0.932244068445698,,
C1_b0.1_s2_lik0,C1,0.1,2,lead_dropout_s1,lead_dropout,1,True,0.8414430608821283,0.9421470764313009,0.9788644080876678,0.9462416745956231,0.9943511608623549,0.8906399808245447,0.9964241293532339,0.9661645928836499,0.9060427343985529,0.8670693223320668,0.9335256845440144,0.0010609203277077706,0.0039301973477243735
C1_b0.1_s2_lik0,C1,0.1,2,lead_dropout_s2,lead_dropout,2,True,0.830445123442641,0.9334870106770339,0.9777100375572362,0.9419798604503647,0.99203634604754,0.871066463498151,0.9966573383084577,0.9572479322806762,0.8887878730780826,0.8486142710012277,0.9272829738715685,0.012058857767195064,0.012590263101991406
C1_b0.1_s2_lik0,C1,0.1,2,lead_dropout_s3,lead_dropout,3,True,0.8258975214439018,0.9208452873562413,0.9730764778515203,0.9317713288931176,0.9926668739635157,0.8506540199972608,0.9946621061359868,0.9485768512454825,0.8413593797105818,0.8274030843113638,0.927437464097342,0.016606459765934223,0.025231986422784014
C1_b0.1_s2_lik0,C1,0.1,2,limb_reversal_s1,limb_reversal,1,True,0.7979567078642167,0.9270548497532659,0.9630344188918043,0.9348140659689185,0.9879681453841902,0.8806456307355156,0.9893501243781095,0.9618078294404424,0.8844211637021405,0.8307410920192329,0.9107111772590388,0.044547273345619365,0.019022424025759377
C1_b0.1_s2_lik0,C1,0.1,2,limb_reversal_s2,limb_reversal,2,True,0.7714814169827011,0.9068388605567088,0.9477896537531513,0.8984944893751983,0.9803499861802101,0.8643208122175045,0.9839604063018242,0.9525879841858885,0.843314271178776,0.8010229315892681,0.8897092102285584,0.07102256422713493,0.03923841322231647
C1_b0.1_s2_lik0,C1,0.1,2,limb_reversal_s3,limb_reversal,3,True,0.6931712342418799,0.8565512458928353,0.9077789782373823,0.8314502061528704,0.9496873272526257,0.8004511368305712,0.9723172332780541,0.9233822066991682,0.7245393050949653,0.7581098458620148,0.8412449736278654,0.14933274696795618,0.08952602788619002
C1_b0.1_s2_lik0,C1,0.1,2,baseline_step_s1,baseline_step,1,True,0.8425546908590591,0.9459143418812954,0.9751151155013633,0.9466629004123058,0.9943079740187949,0.8966708327626353,0.9972101299060254,0.972025152198695,0.9173975919505579,0.8810012859378908,0.9328380942433896,-5.070964922304633e-05,0.00016293189772986771
C1_b0.1_s2_lik0,C1,0.1,2,baseline_step_s2,baseline_step,2,True,0.8443569039975898,0.9454385826024035,0.975012218963832,0.9445319933396765,0.9944202598120508,0.8959603136556635,0.9970892067440575,0.9716613306167988,0.9180288099186011,0.879405016127562,0.9328380942433895,-0.0018529227877537302,0.0006386911766217418
C1_b0.1_s2_lik0,C1,0.1,2,baseline_step_s3,baseline_step,3,True,0.8348530200150163,0.9455691272355318,0.9755652878530638,0.946345742150333,0.9944288971807629,0.896178605670456,0.9967782614704257,0.9721858400640325,0.9173528414229725,0.8790578322927516,0.9322288370149877,0.007650961194819783,0.0005081465434935151
C1_b0.1_s2_lik0,C1,0.1,2,seen_baseline_wander_s1,seen_baseline_wander,1,False,0.842576851631838,0.946086974053382,0.9756874774913824,0.9470692594354584,0.9944202598120508,0.8974541158745377,0.9971928551686015,0.9716492032307357,0.917553041151643,0.881556004243789,0.9322005500722403,-7.287042200199156e-05,-9.700274356760907e-06
C1_b0.1_s2_lik0,C1,0.1,2,seen_baseline_wander_s2,seen_baseline_wander,2,False,0.8423190624799474,0.9462110305179253,0.9753691413283943,0.9473368617189978,0.9943770729684909,0.8978136556636077,0.9971928551686015,0.9716946809284727,0.9180947580645161,0.8813562280706858,0.9326640207495603,0.0001849187298886834,-0.00013375673890003714
C1_b0.1_s2_lik0,C1,0.1,2,seen_baseline_wander_s3,seen_baseline_wander,3,False,0.8427506618269809,0.9463780349515276,0.9756103050882338,0.9481743577545195,0.9944288971807628,0.8978393370771127,0.9972619541182973,0.9717795726309152,0.9181465744648779,0.8814842399874316,0.9326770762615977,-0.00024668061714483436,-0.0003007611725023285
C1_b0.1_s2_lik0,C1,0.1,2,seen_emg_bursts_s1,seen_emg_bursts,1,False,0.8421636382190787,0.9459780973796393,0.975327339610022,0.9469156359023153,0.9943252487562189,0.8969661690179427,0.9971755804311775,0.9717280312401465,0.9177014244799517,0.8813736842411513,0.9322897627378278,0.0003403429907573585,9.917639938594736e-05
C1_b0.1_s2_lik0,C1,0.1,2,seen_emg_bursts_s2,seen_emg_bursts,2,False,0.8414969915756789,0.9460429251396525,0.9754334516643515,0.9465935220424992,0.9943511608623549,0.8973214285714286,0.9971410309563294,0.971597661839967,0.9178144784443774,0.881426052752547,0.9327075391230177,0.0010069896341571294,3.434863937279431e-05
C1_b0.1_s2_lik0,C1,0.1,2,seen_emg_bursts_s3,seen_emg_bursts,3,False,0.8411518881557829,0.9460103103716215,0.9768900807737819,0.9458303599746273,0.9944634466556108,0.8972743459800027,0.9972446793808734,0.971367241504766,0.9180405863732289,0.8808228450842454,0.9321592076174562,0.0013520930540531495,6.696340740375284e-05
C1_b0.1_s2_lik0,C1,0.1,2,seen_lead_scaling_s1,seen_lead_scaling,1,False,0.8419131522673554,0.9459662826664191,0.9756971240417759,0.9455776244846178,0.9943597982310668,0.8981475140391727,0.9971496683250415,0.9718705280263891,0.9153720417545975,0.8829583166045033,0.9325639284906087,0.0005908289424806368,0.00011099111260615135
C1_b0.1_s2_lik0,C1,0.1,2,seen_lead_scaling_s2,seen_lead_scaling,2,False,0.8426495295268095,0.9452520793201553,0.9755363482018831,0.9458204487789407,0.994247512437811,0.8936190247911245,0.9966400635710337,0.9727679545950666,0.9167569528188122,0.8812030016854902,0.9306774070012359,-0.00014554831697344284,0.0008251944588699711
C1_b0.1_s2_lik0,C1,0.1,2,seen_lead_scaling_s3,seen_lead_scaling,3,False,0.842141499513904,0.9422759691312721,0.9765010032412409,0.9405625594671742,0.9945239082365949,0.8963326941514861,0.9969164593698177,0.9677078027601931,0.9042197392221887,0.8738733496645507,0.929846206068202,0.0003624816959320043,0.0038013046477531898
C1_b0.1_s3_lik0,C1,0.1,3,clean,clean,0,False,0.8493151045739101,0.9481309453906436,0.9749672017286619,0.9416478353948621,0.9972965035931454,0.9295088001643611,0.99601817302377,0.9525455383346674,0.9201038212239976,0.8674746934017614,0.9536159416505648,,
C1_b0.1_s3_lik0,C1,0.1,3,lead_dropout_s1,lead_dropout,1,True,0.8455540828559647,0.9422622513401424,0.9747099603848329,0.9431196479543292,0.9960959093421781,0.9112771366936038,0.9951457987838586,0.9397117320332775,0.9125621796804343,0.8574141204902469,0.9503237766985221,0.0037610217179454564,0.0058686940505011664
C1_b0.1_s3_lik0,C1,0.1,3,lead_dropout_s2,lead_dropout,2,True,0.8336670385969961,0.9319783156639829,0.9715555384061326,0.927796939422772,0.9927532476506357,0.8878107451034105,0.9950939745715865,0.9282543840500618,0.8979499547784143,0.8417365398378903,0.9448535171549429,0.01564806597691404,0.01615262972666065
C1_b0.1_s3_lik0,C1,0.1,3,lead_dropout_s3,lead_dropout,3,True,0.8280240915498315,0.9232894470604569,0.9650794875752431,0.9301458928005075,0.9926582365948038,0.8774097726338859,0.992131357103372,0.9184554561109899,0.8692648665963221,0.8284950647526945,0.9359648893762946,0.021291013024078653,0.024841498330186673
C1_b0.1_s3_lik0,C1,0.1,3,limb_reversal_s1,limb_reversal,1,True,0.8220490083776668,0.9277485125136528,0.9506739723208314,0.9156507691087854,0.9950076008844666,0.9190393439254897,0.9636539524599226,0.9423949161997623,0.8934160197467591,0.8317962205451369,0.9381038174317198,0.027266096196243317,0.02038243287699082
C1_b0.1_s3_lik0,C1,0.1,3,limb_reversal_s2,limb_reversal,2,True,0.8030707945345399,0.9097629316428725,0.923904794978649,0.890273152553124,0.9922436428966279,0.9042211683331051,0.935409756771697,0.9436622280433676,0.8735232325896896,0.8025959265056432,0.9220324821139485,0.04624431003937024,0.0383680137477711
C1_b0.1_s3_lik0,C1,0.1,3,limb_reversal_s3,limb_reversal,3,True,0.7523499556073233,0.8655329670486894,0.8350150486186139,0.8230256898192199,0.987985420121614,0.8485181824407615,0.8567837893864013,0.9474611317276674,0.817789983418752,0.7667079796034347,0.9065094783017389,0.09696514896658681,0.08259797834195415
C1_b0.1_s3_lik0,C1,0.1,3,baseline_step_s1,baseline_step,1,True,0.8480201523717183,0.9486389830057583,0.9745491845449401,0.9408499841420869,0.9972274046434494,0.9291449801397068,0.9961650082918739,0.9547648499842344,0.9206761569189026,0.8700349317366757,0.9543383466499556,0.0012949522021917792,-0.0005080376151147536
C1_b0.1_s3_lik0,C1,0.1,3,baseline_step_s2,baseline_step,2,True,0.8499942992836906,0.9484702663532482,0.9749672017286618,0.9417865921344751,0.9972274046434494,0.9287897205862211,0.9965018656716418,0.9540584297460525,0.9188413852879108,0.8705004296157508,0.9535593677650704,-0.0006791947097805062,-0.00033932096260458344
C1_b0.1_s3_lik0,C1,0.1,3,baseline_step_s3,baseline_step,3,True,0.8485721687825963,0.9488209602044899,0.973311210577764,0.9447748176339994,0.9969769209508015,0.927475688261882,0.9956467661691542,0.9573631424482767,0.91956445960205,0.8688362746980567,0.9554393614984246,0.0007429357913137924,-0.0006900148138463402
C1_b0.1_s3_lik0,C1,0.1,3,seen_baseline_wander_s1,seen_baseline_wander,1,False,0.8493360693420584,0.9482210757766464,0.9749897103462468,0.9417568585474151,0.9973224156992814,0.9296243665251336,0.9960268103924821,0.9529518057677848,0.9202404280976786,0.8673699563789696,0.9537073302348251,-2.096476814827941e-05,-9.013038600280687e-05
C1_b0.1_s3_lik0,C1,0.1,3,seen_baseline_wander_s2,seen_baseline_wander,2,False,0.8493610070397182,0.94849908063014,0.9750958224005762,0.9415140342530924,0.9972101299060254,0.9302878030406794,0.9960699972360421,0.9531943534890489,0.9201697693699126,0.8691097547020135,0.9538400612738699,-4.5902465808045356e-05,-0.00036813523949641436
C1_b0.1_s3_lik0,C1,0.1,3,seen_baseline_wander_s3,seen_baseline_wander,3,False,0.849481611459904,0.9486799071676693,0.9747292534856202,0.9421483507770377,0.9972705914870094,0.9296414874674702,0.9960095356550581,0.9534369012103131,0.9212791113958397,0.8698487325850456,0.9537552004456282,-0.00016650688599384456,-0.0005489617770256805
C1_b0.1_s3_lik0,C1,0.1,3,seen_emg_bursts_s1,seen_emg_bursts,1,False,0.8494239469042473,0.9481476684849857,0.9747035293512373,0.9416874801776085,0.9972619541182974,0.929534481577866,0.996000898286346,0.9528669140653423,0.9200991106421464,0.8675173640406767,0.9536572841053493,-0.00010884233033714441,-1.6723094342085965e-05
C1_b0.1_s3_lik0,C1,0.1,3,seen_emg_bursts_s2,seen_emg_bursts,2,False,0.8494249787848649,0.9483817246228315,0.9747292534856202,0.9413207659372027,0.9972705914870094,0.9293161895630736,0.996113184079602,0.9533823279730287,0.9211684127223394,0.8680662636230863,0.9540685327345205,-0.00010987421095476346,-0.0002507792321879698
C1_b0.1_s3_lik0,C1,0.1,3,seen_emg_bursts_s3,seen_emg_bursts,3,False,0.8483970935771274,0.9480148023735244,0.9740379173740804,0.9415239454487788,0.9972101299060254,0.9267737296260786,0.9961304588170259,0.9540463023599892,0.9205089312631896,0.8688711870389874,0.9530306195275645,0.0009180109967826811,0.00011614301711915243
C1_b0.1_s3_lik0,C1,0.1,3,seen_lead_scaling_s1,seen_lead_scaling,1,False,0.8479055542690579,0.9475953524214665,0.9746778052168544,0.9402008008246115,0.9971583056937534,0.9296286467607177,0.9958195135433942,0.9510538698488927,0.9204547595719023,0.8658551486974787,0.9535093216355945,0.0014095503048522362,0.0005355929691770456
C1_b0.1_s3_lik0,C1,0.1,3,seen_lead_scaling_s2,seen_lead_scaling,2,False,0.8496132284321118,0.9468141944621556,0.9752244430724907,0.9422127735490009,0.9968819098949696,0.9271846322421585,0.9968559977888336,0.9527395765116787,0.9138481685257764,0.8626315758848823,0.9537486726896096,-0.0002981238582017154,0.0013167509284879308
C1_b0.1_s3_lik0,C1,0.1,3,seen_lead_scaling_s3,seen_lead_scaling,3,False,0.8485203999984753,0.9450700682912293,0.975353063744405,0.9386050983190612,0.9973915146489774,0.9250958772770853,0.9958281509121062,0.9479644182492905,0.9099595832077179,0.8646739478293253,0.9507589604330949,0.0007947045754348459,0.003060877099414272
C1_b0.1_s4_lik0,C1,0.1,4,clean,clean,0,False,0.8479921359969269,0.9430322119600493,0.976976899727324,0.9176528306374881,0.9964154919845218,0.9170105122585946,0.9949557766721946,0.9560382255208711,0.9195032220379862,0.8603758507458634,0.9483610980555991,,
C1_b0.1_s4_lik0,C1,0.1,4,lead_dropout_s1,lead_dropout,1,True,0.840453164248856,0.9394010102383059,0.9794110459433039,0.920636100539169,0.9944807213930349,0.907974934940419,0.9952926340519624,0.952551602027699,0.9082708396141091,0.8477802539678846,0.9482109596671715,0.007538971748070944,0.00363120172174336
C1_b0.1_s4_lik0,C1,0.1,4,lead_dropout_s2,lead_dropout,2,True,0.8384448556416413,0.9260894794221074,0.9710121160672943,0.9047236758642564,0.9836840105030404,0.8828071497055197,0.9937379076838032,0.9359795289723252,0.8932582152547482,0.8281827932588149,0.9414199174891639,0.009547280355285626,0.016942732537941874
C1_b0.1_s4_lik0,C1,0.1,4,lead_dropout_s3,lead_dropout,3,True,0.8274651526082066,0.9212524734676408,0.9667258321757473,0.9206113225499524,0.9820515478164733,0.8649842487330504,0.9934615118850193,0.9373802420626258,0.8649523289116672,0.8243657106503974,0.9367395164238341,0.020526983388720277,0.02177973849240844
C1_b0.1_s4_lik0,C1,0.1,4,limb_reversal_s1,limb_reversal,1,True,0.8081812872111607,0.9213935096080422,0.9590439625456603,0.9097288296860132,0.992226368159204,0.9084200794411724,0.9363857794361526,0.9406576681462077,0.8887313460958698,0.8433463866696924,0.9140011662924087,0.03981084878576624,0.021638702352007044
C1_b0.1_s4_lik0,C1,0.1,4,limb_reversal_s2,limb_reversal,2,True,0.7778258882521903,0.8963782034725685,0.9440435766836447,0.8722645099904853,0.9906111802100608,0.8794428845363648,0.882885917634052,0.9348001406776784,0.8455706398854387,0.8306324758474486,0.8871525057879438,0.07016624774473657,0.0466540084874808
C1_b0.1_s4_lik0,C1,0.1,4,limb_reversal_s3,limb_reversal,3,True,0.7045538783634145,0.8255477155985836,0.9250688120594742,0.7797236758642563,0.9828548231066888,0.7990643405013012,0.6537624378109453,0.9316864343059498,0.7556267900211033,0.7945738463895791,0.8075682803279546,0.14343825763351237,0.11748449636146563
C1_b0.1_s4_lik0,C1,0.1,4,baseline_step_s1,baseline_step,1,True,0.8479920757529709,0.943784453451848,0.977690744456449,0.918093878845544,0.9962945688225538,0.9186241610738256,0.9949385019347705,0.9559169516602392,0.9195291302381671,0.863708039730244,0.9492641043048374,6.024395604597998e-08,-0.0007522414917987552
C1_b0.1_s4_lik0,C1,0.1,4,baseline_step_s2,baseline_step,2,True,0.8473198485691927,0.9435091342184653,0.9768000463034419,0.917865921344751,0.996121821448314,0.9202206889467196,0.9948348535102266,0.955155958184773,0.9196680924027737,0.8616811843817702,0.9492336414434174,0.000672287427734175,-0.00047692225841600155
C1_b0.1_s4_lik0,C1,0.1,4,baseline_step_s3,baseline_step,3,True,0.8453827902106907,0.9421350663529733,0.9762662705149971,0.9143276244846179,0.996052722498618,0.920409019312423,0.9951112493090105,0.9561231172233136,0.909493235604462,0.862166078005807,0.9492662802235103,0.0026093457862361724,0.0008971456070759887
C1_b0.1_s4_lik0,C1,0.1,4,seen_baseline_wander_s1,seen_baseline_wander,1,False,0.847988528887343,0.9430202877284672,0.9770379945464834,0.9176726530288615,0.9963723051409619,0.9163556362142171,0.9949125898286346,0.956256518470009,0.9196633818209226,0.8605504124505166,0.948361098055599,3.607109583914081e-06,1.1924231582027822e-05
C1_b0.1_s4_lik0,C1,0.1,4,seen_baseline_wander_s2,seen_baseline_wander,2,False,0.8476411032489362,0.9432029406022049,0.9768932962905797,0.9169441801458929,0.9963809425096739,0.9166295712916038,0.9949903261470425,0.9573631424482768,0.9193831022007838,0.8617393716166547,0.9485025327693352,0.0003510327479907538,-0.00017072864215561534
C1_b0.1_s4_lik0,C1,0.1,4,seen_baseline_wander_s3,seen_baseline_wander,3,False,0.8485135562331928,0.943912343302144,0.9776071410197046,0.9191395099904853,0.9964673161967939,0.9173957334611696,0.9949298645660585,0.9571357539595915,0.9208551590292433,0.8633608558954335,0.9483197556008147,-0.0005214202362658904,-0.0008801313420947476
C1_b0.1_s4_lik0,C1,0.1,4,seen_emg_bursts_s1,seen_emg_bursts,1,False,0.8479114986467438,0.9432174411161756,0.977025132479292,0.9173505391690453,0.9964068546158099,0.9182689015203397,0.9950076008844666,0.9561352446093769,0.9194396291829966,0.8608335903269542,0.9484894772572979,8.063735018315477e-05,-0.00018522915612628754
C1_b0.1_s4_lik0,C1,0.1,4,seen_emg_bursts_s2,seen_emg_bursts,2,False,0.8479534376201135,0.9431528403219498,0.9776585892884704,0.9140253330161751,0.9964414040906578,0.9189708601561429,0.9948089414040906,0.9559836522835867,0.9202498492613809,0.8616908822542511,0.9485460511427926,3.869837681336197e-05,-0.00012062836190052106
C1_b0.1_s4_lik0,C1,0.1,4,seen_emg_bursts_s3,seen_emg_bursts,3,False,0.845972846067426,0.94352167159449,0.9771891238359829,0.9154327228036789,0.9962859314538419,0.9196086152581838,0.9945843698175787,0.9566264037449368,0.9204076537533916,0.8622417214111567,0.949318502271659,0.002019289929500956,-0.0004894596344406921
C1_b0.1_s4_lik0,C1,0.1,4,seen_lead_scaling_s1,seen_lead_scaling,1,False,0.8462372602939189,0.9424107693905209,0.9767968307866439,0.9169788693307961,0.9960268103924821,0.9176653883029723,0.9947657545605307,0.9545162385699386,0.9179463747362074,0.8598036762694999,0.9471969815656169,0.0017548757030080298,0.000621442569528341
C1_b0.1_s4_lik0,C1,0.1,4,seen_lead_scaling_s2,seen_lead_scaling,2,False,0.8472305602779029,0.9417047566965479,0.9759575809024026,0.9156953694893752,0.9964068546158099,0.9137618134502123,0.9956035793255943,0.9574753207693614,0.9184056564666868,0.8565956200528727,0.945441015196616,0.0007615757190240213,0.0013274552635014203
C1_b0.1_s4_lik0,C1,0.1,4,seen_lead_scaling_s3,seen_lead_scaling,3,False,0.8437353382518846,0.9380981792938771,0.9755009775171065,0.9073699651125913,0.9953617330016583,0.9122209286399123,0.9908530265339967,0.9530488248562905,0.911985133403678,0.8516177021085115,0.9449253224711474,0.0042567977450422845,0.004934032666172206
C1_b0.25_s0_lik0,C1,0.25,0,clean,clean,0,False,0.8790749504623504,0.9672423253938679,0.9777421927252148,0.965504083412623,0.9978579325594251,0.9541886385426654,0.998263888888889,0.9816542967328822,0.9387176854085016,0.9221241444052004,0.9691280658694101,,
C1_b0.25_s0_lik0,C1,0.25,0,lead_dropout_s1,lead_dropout,1,True,0.8727176844427268,0.9624725211330792,0.9770347790296856,0.9649639232477005,0.9950853372028745,0.9453884741816189,0.99632048092869,0.9760575080647117,0.9316117726861622,0.9096041910325713,0.9661862238236982,0.006357266019623609,0.004769804260788657
C1_b0.25_s0_lik0,C1,0.25,0,lead_dropout_s2,lead_dropout,2,True,0.8625780719209077,0.9557078833885507,0.9764624170396666,0.9597357675229939,0.9949125898286346,0.9300309889056294,0.9956813156440022,0.9623838802784448,0.9221835431112451,0.8951737567812375,0.9648066913851028,0.01649687854144266,0.01153444200531717
C1_b0.25_s0_lik0,C1,0.25,0,lead_dropout_s3,lead_dropout,3,True,0.861655929959444,0.9515978270803347,0.9755845809538509,0.9586257136060895,0.9949989635157546,0.9271546705930694,0.9947571171918187,0.9660827330277231,0.9027005765752186,0.8881815907226273,0.95629449753686,0.017419020502906446,0.015644498313533206
C1_b0.25_s0_lik0,C1,0.25,0,limb_reversal_s1,limb_reversal,1,True,0.8375745294117468,0.953851467425711,0.968886659463909,0.9552063510941959,0.9972446793808735,0.9398370086289549,0.9914576423438364,0.9727800819811299,0.911311520198975,0.8953851704013174,0.9525540933382073,0.041500421050603586,0.013390857968156866
C1_b0.25_s0_lik0,C1,0.25,0,limb_reversal_s2,limb_reversal,2,True,0.8119183457825326,0.9379712866656165,0.9575905489530278,0.9405427370758008,0.9956294914317302,0.9175840638268731,0.9641462824765064,0.9642060200344418,0.8825534179981912,0.8810827480667291,0.9384062701272476,0.06715660467981777,0.02927103872825143
C1_b0.25_s0_lik0,C1,0.25,0,limb_reversal_s3,limb_reversal,3,True,0.753431963786006,0.90980793850705,0.9387347584503781,0.9267166190929274,0.9906111802100608,0.8620608478290644,0.9435461580983967,0.9444777947561183,0.8100716950557733,0.8512928233804069,0.9207595696903234,0.12564298667634444,0.0574343868868179
C1_b0.25_s0_lik0,C1,0.25,0,baseline_step_s1,baseline_step,1,True,0.8779693043081903,0.9672160632701776,0.9780122961362351,0.9646368537900413,0.9978320204532891,0.9535080810847829,0.998272526257601,0.9815481821048291,0.9384750904431716,0.9233247410183155,0.9693347781433321,0.0011056461541600893,2.626212369027936e-05
C1_b0.25_s0_lik0,C1,0.25,0,baseline_step_s2,baseline_step,2,True,0.8788236679873976,0.9673236623125112,0.9777196841076299,0.9658410640659689,0.9978492951907131,0.9536193672099713,0.998237976782753,0.9817513158213879,0.9399659895990353,0.9219612201475239,0.9689670478876182,0.0002512824749527631,-8.133691864331549e-05
C1_b0.25_s0_lik0,C1,0.25,0,baseline_step_s3,baseline_step,3,True,0.8774803991396448,0.966654148688173,0.976819339404229,0.9647756105296542,0.9975642620232174,0.9512438364607588,0.998246614151465,0.9820939144776735,0.9361197995176365,0.9241374227322011,0.9688865388967222,0.001594551322705584,0.0005881767056948872
C1_b0.25_s0_lik0,C1,0.25,0,seen_baseline_wander_s1,seen_baseline_wander,1,False,0.8792287977456756,0.9672856140362683,0.9777743478931935,0.9655189502061527,0.9978752072968491,0.9544411724421311,0.998289800995025,0.9816118508816609,0.9388849110642147,0.9219243682320972,0.9692499173150905,-0.0001538472833252369,-4.3288642400440835e-05
C1_b0.25_s0_lik0,C1,0.25,0,seen_baseline_wander_s2,seen_baseline_wander,2,False,0.8785452940538939,0.9673353302110799,0.9779737099346607,0.9654842610212495,0.9978061083471531,0.9541971990138336,0.998289800995025,0.9817907298260933,0.9388519369912572,0.9224461137715607,0.9691781119988858,0.0005296564084564803,-9.30048172119724e-05
C1_b0.25_s0_lik0,C1,0.25,0,seen_baseline_wander_s3,seen_baseline_wander,3,False,0.8791616233532465,0.9673166808960283,0.9774206410454288,0.9649094116714241,0.9978320204532891,0.9542143199561705,0.9983243504698728,0.9818938126076304,0.9386894219173952,0.9233945657001768,0.9691715842428674,-8.66728908961445e-05,-7.435550216039477e-05
C1_b0.25_s0_lik0,C1,0.25,0,seen_emg_bursts_s1,seen_emg_bursts,1,False,0.8790718138543463,0.9672339802602843,0.9777164685908319,0.965459483032033,0.9978752072968491,0.9540602314751405,0.9982725262576009,0.9817755705935143,0.9386800007536931,0.9219010933381435,0.9693652410047523,3.1366080041062006e-06,8.345133583609332e-06
C1_b0.25_s0_lik0,C1,0.25,0,seen_emg_bursts_s2,seen_emg_bursts,2,False,0.8792413228308276,0.9674467823321395,0.978587873643052,0.9652662147161435,0.9977456467661692,0.9533497123681687,0.9982811636263128,0.981918067379757,0.9391863883026832,0.9229290678211014,0.9697569063658678,-0.0001663723684771634,-0.00020445693827164657
C1_b0.25_s0_lik0,C1,0.25,0,seen_emg_bursts_s3,seen_emg_bursts,3,False,0.8771556412514445,0.9670108641710244,0.9775749858517261,0.9652761259118299,0.9978061083471531,0.9518559101492945,0.9983070757324489,0.9819726406170414,0.9389956097377148,0.9223161622803189,0.9689931589116925,0.001919309210905884,0.00023146122284345427
C1_b0.25_s0_lik0,C1,0.25,0,seen_lead_scaling_s1,seen_lead_scaling,1,False,0.8789073117590186,0.9670426843713145,0.9774206410454288,0.9655883285759594,0.9977715588723051,0.9538676208738529,0.9983761746821449,0.9807629338572363,0.936557883629786,0.9232103061230428,0.9698287116820722,0.0001676387033318072,0.00019964102255343175
C1_b0.25_s0_lik0,C1,0.25,0,seen_lead_scaling_s2,seen_lead_scaling,2,False,0.8789325845544119,0.9668786543191543,0.9784335288367547,0.9669164287979702,0.9975383499170812,0.9536108067388028,0.998030679933665,0.9821333284823789,0.9352907371118481,0.9214743869489911,0.9684796421048967,0.0001423659079384798,0.0003636710747135785
C1_b0.25_s0_lik0,C1,0.25,0,seen_lead_scaling_s3,seen_lead_scaling,3,False,0.8791589195468273,0.9636589279032235,0.9785332098574884,0.960241238503013,0.9977197346600332,0.9509570606766197,0.9976247236042012,0.9774279026898542,0.9273322090744648,0.9173062413567711,0.9657880307065644,-8.396908447694251e-05,0.003583397490644402
C1_b0.25_s1_lik0,C1,0.25,1,clean,clean,0,False,0.8864158548694331,0.9637097764025069,0.9812342439676905,0.9566236520773865,0.9973569651741293,0.937166141624435,0.9973483278054174,0.9813147299231124,0.9383337729876395,0.9174148575285553,0.9665952965341968,,
C1_b0.25_s1_lik0,C1,0.25,1,lead_dropout_s1,lead_dropout,1,True,0.8835009717821325,0.9572054757724894,0.9817969594073159,0.9577832619727243,0.9929173576561636,0.9225405766333379,0.9966573383084577,0.9729953430837517,0.9230102502261079,0.9004571577087419,0.9666910369558029,0.0029148830873005904,0.006504300630017501
C1_b0.25_s1_lik0,C1,0.25,1,lead_dropout_s2,lead_dropout,2,True,0.8704458479013771,0.9507195311184282,0.9814046663579771,0.95135089597209,0.9937206329463792,0.9065025338994658,0.9943684355997788,0.9614500715515778,0.9165803059993969,0.8868355260223013,0.9642627117168868,0.01597000696805595,0.01299024528407866
C1_b0.25_s1_lik0,C1,0.25,1,lead_dropout_s3,lead_dropout,3,True,0.8623475468029079,0.9416751542642197,0.9760926326079127,0.9494529019980971,0.9935565229408513,0.8929085056841528,0.9946102819237148,0.9569265565500014,0.8845200859210129,0.8686015861840228,0.9584073145682106,0.024068308066525157,0.02203462213828722
C1_b0.25_s1_lik0,C1,0.25,1,limb_reversal_s1,limb_reversal,1,True,0.8421330834231979,0.9466416971884297,0.9713079436126975,0.9508404693942277,0.9973483278054174,0.9260332488700178,0.9935997097844113,0.9738715467268185,0.9125386267711788,0.8609751792651728,0.9332602224659251,0.04428277144623516,0.01706807921407716
C1_b0.25_s1_lik0,C1,0.25,1,limb_reversal_s2,limb_reversal,2,True,0.8102465413742509,0.9258659524447239,0.9615456346143952,0.9212307722803679,0.9964500414593698,0.8981603547459253,0.9806436567164178,0.9652489752358777,0.8792536554115166,0.8220711940214556,0.9081892875171897,0.07616931349518219,0.03784382395778296
C1_b0.25_s1_lik0,C1,0.25,1,limb_reversal_s3,limb_reversal,3,True,0.7587520279484989,0.8841476862368212,0.9372781293409477,0.8841926339993657,0.9931851160862355,0.8167887960553347,0.9427256080707573,0.9530003153120375,0.8001394332227917,0.7526887351452839,0.877330408898637,0.12766382692093414,0.07956209016568572
C1_b0.25_s1_lik0,C1,0.25,1,baseline_step_s1,baseline_step,1,True,0.8848866766736636,0.9637669117263202,0.9809287698718937,0.9566632968601332,0.9973396904367053,0.9373031091631283,0.9973224156992815,0.9816148827281768,0.9381100203497136,0.9178919928546074,0.9667280275732415,0.0015291781957694761,-5.713532381335096e-05
C1_b0.25_s1_lik0,C1,0.25,1,baseline_step_s2,baseline_step,2,True,0.8871884094240254,0.9635596193244176,0.9808515974687452,0.9572629241991754,0.9973742399115533,0.9365797493494042,0.9973137783305694,0.9816664241189454,0.9381005991860115,0.9165944175166852,0.9662928438386686,-0.0007725545545923529,0.0001501570780892969
C1_b0.25_s1_lik0,C1,0.25,1,baseline_step_s3,baseline_step,3,True,0.8795476055800552,0.9639365642587229,0.9783177702320317,0.9569854107199492,0.9971755804311774,0.9416004656896315,0.9968646351575455,0.9817634432074511,0.9385904996985227,0.9171530149715755,0.9669782582206208,0.0068682492893779035,-0.00022678785621599307
C1_b0.25_s1_lik0,C1,0.25,1,seen_baseline_wander_s1,seen_baseline_wander,1,False,0.8863657838109903,0.9637464671946488,0.9811731491485312,0.9566632968601333,0.9973483278054174,0.9373501917545543,0.9974001520176894,0.9812965388440176,0.9384680245703949,0.9173818847621209,0.9666366389889811,5.007105844279103e-05,-3.669079214196902e-05
C1_b0.25_s1_lik0,C1,0.25,1,seen_baseline_wander_s2,seen_baseline_wander,2,False,0.886159869073124,0.9639137743025503,0.981224597417297,0.9572133682207422,0.9973483278054174,0.9374614778797425,0.9974260641238254,0.9811752649833855,0.9385339727163099,0.9181150439216645,0.9667258516545686,0.00025598579630903284,-0.00020399790004343998
C1_b0.25_s1_lik0,C1,0.25,1,seen_baseline_wander_s3,seen_baseline_wander,3,False,0.885873544404932,0.9641118060768262,0.9812342439676905,0.9585315572470663,0.9972878662244333,0.9376412477742775,0.9974519762299613,0.9817058381236509,0.9386964877901719,0.9181402583901144,0.9663167789440702,0.000542310464501039,-0.00040202967431934855
C1_b0.25_s1_lik0,C1,0.25,1,seen_emg_bursts_s1,seen_emg_bursts,1,False,0.886416474608667,0.963759505710558,0.9813371405052219,0.9563263162067872,0.9973224156992814,0.93719182303794,0.9974001520176894,0.9812722840718912,0.9384798010250227,0.9176165732761548,0.9668890455550333,-6.197392339313268e-07,-4.972930805113851e-05
C1_b0.25_s1_lik0,C1,0.25,1,seen_emg_bursts_s2,seen_emg_bursts,2,False,0.8870962190753751,0.9639704683737919,0.9813532180892113,0.9571043450681891,0.9974001520176893,0.9379066223804957,0.9974433388612494,0.9814481311698077,0.9381830343684051,0.918489381799421,0.9664059916096577,-0.0006803642059419746,-0.00026069197128497645
C1_b0.25_s1_lik0,C1,0.25,1,seen_emg_bursts_s3,seen_emg_bursts,3,False,0.8864873346841815,0.9638844429169376,0.9807133302464371,0.9564997621313036,0.9973051409618574,0.9383303657033284,0.9973224156992814,0.9816148827281768,0.9380911780223093,0.9182896056263177,0.9667933051334273,-7.14798147484208e-05,-0.00017466651443076575
C1_b0.25_s1_lik0,C1,0.25,1,seen_lead_scaling_s1,seen_lead_scaling,1,False,0.8853524376449613,0.963492648144567,0.9807969336831814,0.9549635267998731,0.9972101299060254,0.9402778728941241,0.9974001520176894,0.9802687428751607,0.9358583622249022,0.9175079571043703,0.967150155795777,0.0010634172244717854,0.00021712825793984702
C1_b0.25_s1_lik0,C1,0.25,1,seen_lead_scaling_s2,seen_lead_scaling,2,False,0.8862493363396445,0.9632634971910203,0.9815075628955086,0.9569160323501427,0.9970546572692095,0.9361774072044926,0.9973483278054173,0.9818756215285357,0.9365343307205307,0.916117282190633,0.9658402527547131,0.00016651852978855075,0.00044627921148654437
C1_b0.25_s1_lik0,C1,0.25,1,seen_lead_scaling_s3,seen_lead_scaling,3,False,0.8830269232385777,0.9603093458339313,0.9814496835931471,0.9553302410402791,0.9977370093974571,0.9317816052595536,0.9971755804311775,0.9770095078706735,0.9274217101296353,0.910407174873976,0.9644715999094818,0.0033889316308554074,0.00340043056857553
C1_b0.25_s2_lik0,C1,0.25,2,clean,clean,0,False,0.8753453361192245,0.9629834969831533,0.9836426660492875,0.9652216143355534,0.9977456467661692,0.9428802561292974,0.9965536898839138,0.9754390113754882,0.9348926929454326,0.903308332218078,0.96716756314516,,
C1_b0.25_s2_lik0,C1,0.25,2,lead_dropout_s1,lead_dropout,1,True,0.8714248212109298,0.9577296871042995,0.9838902608427227,0.9635218442752933,0.9966400635710337,0.938916757978359,0.9962081951354339,0.9630235998932791,0.9198682921314439,0.892134443545775,0.9653637265653559,0.003920514908294703,0.005253809878853821
C1_b0.25_s2_lik0,C1,0.25,2,lead_dropout_s2,lead_dropout,2,True,0.8589534980203071,0.948453388712092,0.9817905283737203,0.9621887884554392,0.9950507877280266,0.9121995274619915,0.9953617330016583,0.9524636784787407,0.9008281202894182,0.8718911045294883,0.9643062300903442,0.01639183809891742,0.014530108271061382
C1_b0.25_s2_lik0,C1,0.25,2,lead_dropout_s3,lead_dropout,3,True,0.8489779180584731,0.9406354514083186,0.9805203992385656,0.9637696241674596,0.996009535655058,0.9083473154362416,0.9950248756218906,0.9489103543622208,0.8605785536629484,0.8611749554382759,0.9513834490922066,0.02636741806075138,0.02234804557483472
C1_b0.25_s2_lik0,C1,0.25,2,limb_reversal_s1,limb_reversal,1,True,0.8298233178322273,0.9444158298935693,0.9743755466378556,0.9546116793529972,0.9965623272526258,0.9327831803862484,0.9939279297954672,0.9566324674379685,0.9125056526982213,0.8638224746255166,0.9145212108552231,0.0455220182869972,0.018567667089584017
C1_b0.25_s2_lik0,C1,0.25,2,limb_reversal_s2,limb_reversal,2,True,0.8034665014173193,0.9200049467360023,0.9612176519010135,0.913732952743419,0.9934183250414593,0.9050258526229285,0.9813173714759535,0.9357612360231876,0.8823249547784143,0.8362999125251901,0.870946263512455,0.07187883470190515,0.042978550247151026
C1_b0.25_s2_lik0,C1,0.25,2,limb_reversal_s3,limb_reversal,3,True,0.7210430953898833,0.8701111488402984,0.9394968359314709,0.8706142959086584,0.9822070204532891,0.8432706136145733,0.9715916943062465,0.8623086904848529,0.8033920899909557,0.7768228606008415,0.7812962382717983,0.15430224072934118,0.09287234814285494
C1_b0.25_s2_lik0,C1,0.25,2,baseline_step_s1,baseline_step,1,True,0.8759918116856913,0.9632811528885408,0.9835301229613624,0.9645773866159214,0.9976592730790492,0.9435180112313382,0.9965968767274737,0.9759908074413641,0.9348361659632197,0.9050209764981758,0.9678007554789632,-0.0006464755664667976,-0.00029765590538743947
C1_b0.25_s2_lik0,C1,0.25,2,baseline_step_s2,baseline_step,2,True,0.8779383399661642,0.9628631857468428,0.9827069506611104,0.9643791627021884,0.9976419983416253,0.9442884536364882,0.9963982172470979,0.9756845909432681,0.9340330117576123,0.9031706224288516,0.9674656640033422,-0.002593003846939723,0.00012031123631051077
C1_b0.25_s2_lik0,C1,0.25,2,baseline_step_s3,baseline_step,3,True,0.872939725280616,0.9626046341287348,0.9810606060606061,0.9634425547098002,0.9973915146489774,0.943616456649774,0.9962168325041459,0.9756573043246258,0.9350151680735604,0.9045612973425889,0.9664799728445349,0.002405610838608463,0.00037886285441857126
C1_b0.25_s2_lik0,C1,0.25,2,seen_baseline_wander_s1,seen_baseline_wander,1,False,0.8753409360625917,0.9630383408002164,0.9837937953387869,0.9652265699333967,0.9977456467661692,0.9429102177783865,0.9965450525152018,0.97525710058454,0.9353142900211034,0.9034305254113352,0.9671218688530298,4.400056632825056e-06,-5.484381706311048e-05
C1_b0.25_s2_lik0,C1,0.25,2,seen_baseline_wander_s2,seen_baseline_wander,2,False,0.8753834692091429,0.9632882052611179,0.9836619591500747,0.96524639232477,0.9977370093974572,0.9443654978770031,0.9965105030403537,0.9755602852361203,0.9349963257461562,0.9042199322312672,0.9672959423468588,-3.813308991840181e-05,-0.00030470827796458266
C1_b0.25_s2_lik0,C1,0.25,2,seen_baseline_wander_s3,seen_baseline_wander,3,False,0.875242923907538,0.9630611780532681,0.9833725626382672,0.964066960038059,0.9977456467661692,0.9437577044240515,0.9964845909342178,0.9757907055713212,0.9354697392221888,0.9039018420138989,0.9669608508712378,0.00010241221168649783,-7.768107011474346e-05
C1_b0.25_s2_lik0,C1,0.25,2,seen_emg_bursts_s1,seen_emg_bursts,1,False,0.8753880850385829,0.9629979120633094,0.9838259505067655,0.9649986124326039,0.9977110972913212,0.9423709080947816,0.9965536898839138,0.9756057629338573,0.9350175233644861,0.9035255645616465,0.9673720995004089,-4.274891935840408e-05,-1.4415080156093829e-05
C1_b0.25_s2_lik0,C1,0.25,2,seen_emg_bursts_s2,seen_emg_bursts,2,False,0.8749771269025101,0.9632113279718632,0.9838066574059783,0.9658212416745956,0.9976851851851852,0.9425292768113958,0.9963982172470978,0.9753662470591089,0.9343580419053361,0.905895724595938,0.9670413598621339,0.0003682092167144324,-0.00022783098870982066
C1_b0.25_s2_lik0,C1,0.25,2,seen_emg_bursts_s3,seen_emg_bursts,3,False,0.874057500657198,0.962700542066278,0.9836941143180532,0.9654545274341897,0.9976938225538972,0.9397813655663607,0.9964932283029297,0.9751115719517816,0.9350387209828158,0.9050384326686411,0.9659990948178322,0.0012878354620264876,0.00028295491687535534
C1_b0.25_s2_lik0,C1,0.25,2,seen_lead_scaling_s1,seen_lead_scaling,1,False,0.8740778069763094,0.9625759615574512,0.9829867006225241,0.9648251665080876,0.9976419983416253,0.9413907341460075,0.9966314262023217,0.9752328458124135,0.9335760853180585,0.9039813645682411,0.9669173324977807,0.0012675291429150581,0.0004075354257021546
C1_b0.25_s2_lik0,C1,0.25,2,seen_lead_scaling_s2,seen_lead_scaling,2,False,0.875297454877265,0.9613515415801643,0.9837552091372125,0.9638687361243261,0.9974260641238254,0.9390537255170525,0.9963032061912659,0.9734743748332484,0.9295579589990957,0.903162864130867,0.9655617351645864,4.788124195953536e-05,0.0016319554029889938
C1_b0.25_s2_lik0,C1,0.25,2,seen_lead_scaling_s3,seen_lead_scaling,3,False,0.8740572216477152,0.9589940648368247,0.9847359417605598,0.9615693387250237,0.9977888336097291,0.93924633611834,0.9962859314538419,0.9701423755123821,0.9229560785348208,0.8941962112351792,0.9640255365815449,0.0012881144715093384,0.003989432146328631
C1_b0.25_s3_lik0,C1,0.25,3,clean,clean,0,False,0.8832471029013292,0.9623326075985046,0.9786393219118176,0.9542647875039645,0.9959749861802101,0.9455896452540749,0.9967177998894416,0.9790469087292925,0.9396409594513114,0.9059228786388841,0.9651961808275453,,
C1_b0.25_s3_lik0,C1,0.25,3,lead_dropout_s1,lead_dropout,1,True,0.8746952720572845,0.9572136177425468,0.978562149508669,0.949834483032033,0.9950594250967385,0.9362501712094232,0.9957936014372581,0.9722858909990542,0.9321511343081098,0.8933427984568745,0.961642905634759,0.008551830844044761,0.005118989855957823
C1_b0.25_s3_lik0,C1,0.25,3,lead_dropout_s2,lead_dropout,2,True,0.869977432947241,0.9487529595482886,0.9774785203477903,0.9406170710434506,0.9927791597567718,0.9145836186823723,0.9956640409065782,0.9616168231099468,0.9218820658727765,0.8757741326707746,0.9583812035441364,0.013269669954088292,0.013579648050215942
C1_b0.25_s3_lik0,C1,0.25,3,lead_dropout_s3,lead_dropout,3,True,0.8602531278437527,0.942960993052129,0.9747935638215773,0.9372175309229307,0.9936342592592593,0.9158676893576222,0.9887368711995578,0.9641453831041258,0.8941838445884837,0.868533701076658,0.9495360941389455,0.0229939750575765,0.019371614546375593
C1_b0.25_s3_lik0,C1,0.25,3,limb_reversal_s1,limb_reversal,1,True,0.8497749781270926,0.9488088110731125,0.9565294284097341,0.9376486679352997,0.9949039524599226,0.9384373715929324,0.994143864013267,0.9659493317810279,0.9161068925233644,0.8811409353016136,0.9544188556408516,0.03347212477423667,0.01352379652539204
C1_b0.25_s3_lik0,C1,0.25,3,limb_reversal_s2,limb_reversal,2,True,0.8256147057607931,0.934072834225772,0.9302136389360498,0.916334641611164,0.9939538419016032,0.9195829338446788,0.992044983416252,0.9564990661912732,0.8888161365691889,0.8675270619131574,0.9416832036485804,0.05763239714053614,0.028259773372732555
C1_b0.25_s3_lik0,C1,0.25,3,limb_reversal_s3,limb_reversal,3,True,0.7780929035521562,0.9027620772113925,0.8521569686680043,0.8761645654931811,0.986180210060807,0.8848102999589097,0.9881581674958542,0.9447173106308666,0.8221472716309918,0.8463546667132165,0.9241692342507006,0.10515419934917303,0.05957053038711213
C1_b0.25_s3_lik0,C1,0.25,3,baseline_step_s1,baseline_step,1,True,0.882217480693915,0.9622886213243604,0.978356356433606,0.9535363146209959,0.9959317993366501,0.9440359197370224,0.9967091625207297,0.9793258386087462,0.9394172068133857,0.9080583501591419,0.9652266436889654,0.0010296222074142047,4.3986274144147686e-05
C1_b0.25_s3_lik0,C1,0.25,3,baseline_step_s2,baseline_step,2,True,0.8825006690986057,0.9619097919849939,0.9781344857745536,0.9542300983190612,0.9958627003869541,0.9432483563895356,0.9967955362078496,0.9789195711756288,0.938432695206512,0.907408592702933,0.9641560917019166,0.0007464338027235451,0.000422815613510652
C1_b0.25_s3_lik0,C1,0.25,3,baseline_step_s3,baseline_step,3,True,0.8795148009095776,0.9623688130231672,0.9777839944435871,0.9518216777672058,0.9958367882808181,0.9476398780988906,0.9964414040906578,0.9796441824929054,0.9379639923123305,0.9093132548581492,0.9648741448639616,0.003732301991751674,-3.6205424662649754e-05
C1_b0.25_s3_lik0,C1,0.25,3,seen_baseline_wander_s1,seen_baseline_wander,1,False,0.8831426735260222,0.9623900531610867,0.9784560374543397,0.9543242546780843,0.9959749861802101,0.9458036570332831,0.9967264372581537,0.979192437362051,0.9398694226710883,0.9059888241717532,0.9651744216408169,0.00010442937530708019,-5.7445562582136844e-05
C1_b0.25_s3_lik0,C1,0.25,3,seen_baseline_wander_s2,seen_baseline_wander,2,False,0.8833020789007733,0.9625324409797629,0.9786875546637855,0.9549189264192832,0.9959490740740741,0.9468608752225722,0.9967264372581537,0.978992335492008,0.9398717779620139,0.905682371401362,0.9651026163246123,-5.497599944404019e-05,-0.00019983338125828531
C1_b0.25_s3_lik0,C1,0.25,3,seen_baseline_wander_s3,seen_baseline_wander,3,False,0.8831415797364167,0.9624927917269965,0.9780766064721922,0.9553500634316524,0.996009535655058,0.9456795302013423,0.9966832504145937,0.9790438768827767,0.9404017184202593,0.9065862131165665,0.9646043309485264,0.00010552316491252434,-0.00016018412849194696
C1_b0.25_s3_lik0,C1,0.25,3,seen_emg_bursts_s1,seen_emg_bursts,1,False,0.8831426856475858,0.9623889266615152,0.9784656840047333,0.9544283222327942,0.995940436705362,0.9459534652787288,0.9967005251520177,0.979146959664314,0.9395443925233645,0.9063049748146252,0.9650155795776978,0.00010441725374343847,-5.6319063010623616e-05
C1_b0.25_s3_lik0,C1,0.25,3,seen_emg_bursts_s2,seen_emg_bursts,2,False,0.8835960622143653,0.962331211452911,0.9786457529454133,0.9533876466856961,0.99601817302377,0.9454569579509656,0.9966832504145937,0.979146959664314,0.9397916980705457,0.9071525688694415,0.9646978954514598,-0.00034895931303602357,1.3961455935795897e-06
C1_b0.25_s3_lik0,C1,0.25,3,seen_emg_bursts_s3,seen_emg_bursts,3,False,0.8821685263198238,0.9618106252879708,0.9779994340690435,0.9512815176022835,0.9959317993366501,0.9444382618819339,0.9967177998894416,0.9790741953479347,0.9395019972867049,0.907201058231845,0.964149563945898,0.0010785765815054527,0.0005219823105337973
C1_b0.25_s3_lik0,C1,0.25,3,seen_lead_scaling_s1,seen_lead_scaling,1,False,0.882398897785893,0.9619103738478927,0.9782598909296703,0.9530209324452903,0.9958972498618021,0.9476056362142172,0.9963982172470979,0.9779008707463194,0.9369582830871269,0.9061323526844681,0.9650199314150435,0.0008482051154362624,0.00042223375061190005
C1_b0.25_s3_lik0,C1,0.25,3,seen_lead_scaling_s2,seen_lead_scaling,2,False,0.8827748495247172,0.9616867245370044,0.9795460976488142,0.9537097605455123,0.9959231619679381,0.946030509519244,0.9962859314538419,0.978504208202964,0.9359973243895087,0.9058608122550074,0.9633227148502099,0.0004722533766120529,0.0006458830615001521
C1_b0.25_s3_lik0,C1,0.25,3,seen_lead_scaling_s3,seen_lead_scaling,3,False,0.8799011374096816,0.9592702937065369,0.9787390029325513,0.9527186409768474,0.9964154919845218,0.9445153061224489,0.9963550304035379,0.9747447185233694,0.9273298537835393,0.9023773364599273,0.9602372621720889,0.0033459654916476733,0.0030623138919676496
C1_b0.25_s4_lik0,C1,0.25,4,clean,clean,0,False,0.8828929497953852,0.9624599194034827,0.982298580027782,0.9503102204249921,0.9970719320066335,0.9517146623750171,0.9968128109452736,0.9687234713429866,0.9397964086523968,0.9144841604648772,0.9609270283913868,,
C1_b0.25_s4_lik0,C1,0.25,4,lead_dropout_s1,lead_dropout,1,True,0.8747374722373301,0.9575894940041216,0.9839449246282863,0.9501367745004757,0.995966348811498,0.9424051499794549,0.9963636677722498,0.9612469378350191,0.9263924479951763,0.9029087798718718,0.9589404146430623,0.008155477558055124,0.004870425399361111
C1_b0.25_s4_lik0,C1,0.25,4,lead_dropout_s2,lead_dropout,2,True,0.8710240590288371,0.9484164945341603,0.9818741318104646,0.949482635585157,0.9942647871752349,0.9260674907546911,0.9977197346600332,0.9437865337505154,0.9132946751582754,0.8734078517854753,0.9558506101275959,0.011868890766548179,0.014043424869322418
C1_b0.25_s4_lik0,C1,0.25,4,lead_dropout_s3,lead_dropout,3,True,0.8568493788110151,0.9399858069359017,0.9791473735658796,0.9525947510307644,0.9949039524599226,0.9078764895219834,0.9953876451077943,0.9456117053530282,0.8829184880916491,0.8591481000898024,0.9422837572022907,0.026043570984370157,0.02247411246758102
C1_b0.25_s4_lik0,C1,0.25,4,limb_reversal_s1,limb_reversal,1,True,0.8503141362671908,0.9475191430886549,0.9736906415599116,0.9357159847764035,0.9966400635710337,0.9376070058896042,0.9877694859038142,0.9374984840767421,0.9326057054567379,0.8886916988151139,0.9374532177485335,0.03257881352819447,0.01494077631482782
C1_b0.25_s4_lik0,C1,0.25,4,limb_reversal_s2,limb_reversal,2,True,0.8288541881984708,0.9337724405738361,0.964667901425117,0.9124742308912146,0.9960354477611941,0.9052398644021367,0.9817924267551132,0.9202594047878921,0.9198188310220079,0.8785089327103421,0.925154925409508,0.05403876159691445,0.028687478829646618
C1_b0.25_s4_lik0,C1,0.25,4,limb_reversal_s3,limb_reversal,3,True,0.7919085104074947,0.9112089293267448,0.95171258424654,0.8862392959086585,0.9931073797678275,0.8387763662511984,0.9698901326699835,0.9006948992214218,0.9001921917395238,0.8544543298091264,0.9058131843264227,0.09098443938789058,0.051250990076737946
C1_b0.25_s4_lik0,C1,0.25,4,baseline_step_s1,baseline_step,1,True,0.88211426969911,0.9626347547593664,0.9822246231414313,0.9497056374881065,0.9970805693753455,0.9517574647308588,0.9967523493642897,0.9699483373353706,0.9391157295749171,0.9155548055867504,0.9615732762372275,0.0007786800962752416,-0.0001748353558836957
C1_b0.25_s4_lik0,C1,0.25,4,baseline_step_s2,baseline_step,2,True,0.8828215342395002,0.9623003629617164,0.9825268817204302,0.9505629559150016,0.9971669430624654,0.9518473496781263,0.9967609867330016,0.969590579446506,0.9385952102803738,0.9131148208705975,0.9605375389489441,7.141555588507931e-05,0.00015955644176635086
C1_b0.25_s4_lik0,C1,0.25,4,baseline_step_s3,baseline_step,3,True,0.8767753518206379,0.9614147441514161,0.9789640891084016,0.9450622423089121,0.9970892067440574,0.9535808450897137,0.9966400635710337,0.9706911397317423,0.9369017561049141,0.9148041902567415,0.9589991644472297,0.006117597974747313,0.0010451752520665991
C1_b0.25_s4_lik0,C1,0.25,4,seen_baseline_wander_s1,seen_baseline_wander,1,False,0.8828944835204114,0.9624666628660825,0.9824979420692493,0.9502011972724389,0.9970719320066335,0.9519201136830572,0.9968214483139856,0.9687083121104078,0.9397846321977691,0.9143348132286739,0.9608595749125279,-1.5337250262037472e-06,-6.743462599767547e-06
C1_b0.25_s4_lik0,C1,0.25,4,seen_baseline_wander_s2,seen_baseline_wander,2,False,0.8833497692708713,0.962567134792208,0.9821410197046869,0.9501565968918491,0.9970805693753455,0.9519971579235721,0.9967696241017135,0.9685476242450702,0.9398764885438649,0.9154209749465162,0.9611141573972533,-0.00045681947548603663,-0.00010721538872526803
C1_b0.25_s4_lik0,C1,0.25,4,seen_baseline_wander_s3,seen_baseline_wander,3,False,0.882639382166499,0.9624885452773567,0.9823435972629521,0.9500327069457659,0.9970805693753455,0.9520485207505821,0.9967782614704257,0.9690569744597249,0.9398246721435033,0.9147615196178264,0.9604700854700856,0.0002535676288862865,-2.8625873873977525e-05
C1_b0.25_s4_lik0,C1,0.25,4,seen_emg_bursts_s1,seen_emg_bursts,1,False,0.8827553849843591,0.9625335455836077,0.9823661058805371,0.9501367745004757,0.9970546572692095,0.9519928776879879,0.9968473604201216,0.9689114458269663,0.9399447919807055,0.9145229519548002,0.9610249447316658,0.00013756481102611406,-7.36261801249638e-05
C1_b0.25_s4_lik0,C1,0.25,4,seen_emg_bursts_s2,seen_emg_bursts,2,False,0.8830236640661231,0.9625718580915409,0.9826940885939188,0.9492299000951475,0.9970114704256495,0.952943089987673,0.9967177998894416,0.9694359552742001,0.940114372927344,0.9146082932326306,0.9603917523978622,-0.0001307142707378528,-0.00011193868805814411
C1_b0.25_s4_lik0,C1,0.25,4,seen_emg_bursts_s3,seen_emg_bursts,3,False,0.8819165793765167,0.9625925273164397,0.9834786746925965,0.9470890818268316,0.9970546572692095,0.953281228598822,0.9967091625207297,0.9703273181498461,0.9405406805848658,0.9151630115385287,0.9596889306665274,0.0009763704188685551,-0.0001326079129569946
C1_b0.25_s4_lik0,C1,0.25,4,seen_lead_scaling_s1,seen_lead_scaling,1,False,0.8819909679159471,0.9623092037717975,0.9820123990327725,0.9499435061845861,0.9969596462133775,0.9531699424736337,0.9970287451630736,0.9687295350360182,0.9381076650587881,0.9138673757751025,0.9609640190088256,0.0009019818794381296,0.0001507156316852276
C1_b0.25_s4_lik0,C1,0.25,4,seen_lead_scaling_s2,seen_lead_scaling,2,False,0.8814375983362963,0.9615150732117814,0.982575114472398,0.9517225658103393,0.9969250967385296,0.9499726064922613,0.9974519762299614,0.9693146814135682,0.934956285800422,0.9109696514778589,0.9597476804706948,0.0014553514590889272,0.0009448461917013207
C1_b0.25_s4_lik0,C1,0.25,4,seen_lead_scaling_s3,seen_lead_scaling,3,False,0.8772678144759203,0.9585362179739693,0.9823950455317179,0.944720306057723,0.9971237562189055,0.9510127037392138,0.995983623548922,0.9658341216134274,0.9248850618028338,0.9081960599483685,0.9566752833046113,0.005625135319464958,0.003923701429513482
C1_b0.5_s0_lik0,C1,0.5,0,clean,clean,0,False,0.9064784718606026,0.972205617209236,0.9804175027010341,0.9759257056771329,0.9975210751796573,0.9674873305026708,0.9969682835820896,0.9830732009022776,0.9481930208019295,0.9291454040812527,0.9711190314550804,,
C1_b0.5_s0_lik0,C1,0.5,0,lead_dropout_s1,lead_dropout,1,True,0.8994786519332464,0.9687939985010817,0.9815075628955086,0.9768970028544244,0.9971583056937535,0.9591922339405561,0.9965968767274738,0.9787012782264911,0.937728463219777,0.9209545809840236,0.9704096819677269,0.00699981992735621,0.003411618708154318
C1_b0.5_s0_lik0,C1,0.5,0,lead_dropout_s2,lead_dropout,2,True,0.8878306548199134,0.960095387764807,0.9797711838246643,0.9688441563590232,0.9956726782752903,0.93585638953568,0.9972965035931454,0.9601857915544884,0.9339199577931867,0.9011651023998355,0.9681467265479485,0.018647817040689185,0.012110229444429077
C1_b0.5_s0_lik0,C1,0.5,0,lead_dropout_s3,lead_dropout,3,True,0.8810754064105651,0.9533136906335362,0.9781055461233731,0.9632988423723438,0.9881927169707021,0.928122003835091,0.9968905472636816,0.9584242887288074,0.9105177871570697,0.8955228801905438,0.9607486030602121,0.025403065450037454,0.018891926575699824
C1_b0.5_s0_lik0,C1,0.5,0,limb_reversal_s1,limb_reversal,1,True,0.8731660563122724,0.9567674421560047,0.9712275556927509,0.9642998731366952,0.9968905472636816,0.947524311738118,0.9943943477059148,0.9786830871473963,0.9299112526379258,0.8833074400138097,0.9446685640677494,0.0333124155483302,0.015438175053231307
C1_b0.5_s0_lik0,C1,0.5,0,limb_reversal_s2,limb_reversal,2,True,0.8546385515716691,0.9411640237208443,0.9603848330503678,0.9506521566761813,0.9952926340519624,0.90948585810163,0.9899115533443892,0.9716734580028621,0.9116341950557734,0.8545066983205224,0.9269348268839104,0.05183992028893347,0.03104159348839175
C1_b0.5_s0_lik0,C1,0.5,0,limb_reversal_s3,limb_reversal,3,True,0.8111442312787979,0.9171231694338758,0.9484327571127232,0.9315582381858547,0.9897733554449972,0.8630410217778386,0.9816628662244333,0.9518755002546752,0.8507805434127222,0.8180698518359044,0.9189143906557349,0.09533424058180473,0.0550824477753602
C1_b0.5_s0_lik0,C1,0.5,0,baseline_step_s1,baseline_step,1,True,0.9061537101544925,0.9722529051835546,0.9815332870298914,0.9755639470345703,0.9974865257048092,0.9658308793315984,0.9970287451630735,0.9829822455068035,0.9476395274344287,0.9302955717574678,0.9719154176893485,0.00032476170611006605,-4.728797431852172e-05
C1_b0.5_s0_lik0,C1,0.5,0,baseline_step_s2,baseline_step,2,True,0.9076033150726798,0.9719110498583182,0.980443226835417,0.9759950840469394,0.9975469872857932,0.9659378852212026,0.9965968767274737,0.9824789589851803,0.9473780901416944,0.929888261113277,0.9709340783678869,-0.0011248432120771756,0.00029456735091781816
C1_b0.5_s0_lik0,C1,0.5,0,baseline_step_s3,baseline_step,3,True,0.9045785208991332,0.9719027757542276,0.9793821062921233,0.9752963447510308,0.9975469872857932,0.967132070949185,0.9966573383084577,0.9832247932280677,0.9472815232137474,0.9300744602649071,0.9705293574947342,0.0018999509614694432,0.0003028414550084735
C1_b0.5_s0_lik0,C1,0.5,0,seen_baseline_wander_s1,seen_baseline_wander,1,False,0.9064811403488379,0.9722456885037906,0.9804850285537892,0.9758711941008563,0.9975469872857932,0.9675729352143542,0.9969855583195136,0.9830913919813724,0.9483107853482062,0.9292152287631139,0.9711320869671175,-2.6684882352689954e-06,-4.0071294554522296e-05
C1_b0.5_s0_lik0,C1,0.5,0,seen_baseline_wander_s2,seen_baseline_wander,2,False,0.9063527777130339,0.9724557912404695,0.9806232957760971,0.97568288138281,0.9975383499170812,0.9688570058896042,0.9969941956882256,0.9829276722695189,0.9482872324389509,0.9298766236663001,0.9713148641356381,0.00012569414756868902,-0.0002501740312335077
C1_b0.5_s0_lik0,C1,0.5,0,seen_baseline_wander_s3,seen_baseline_wander,3,False,0.9058518604923396,0.9722305813008365,0.9806329423264908,0.9756581033935935,0.9974865257048092,0.9672990001369677,0.9971064814814815,0.9834067040190158,0.9480022422369611,0.9294033674892402,0.9710798649189688,0.0006266113682630303,-2.4964091600465643e-05
C1_b0.5_s0_lik0,C1,0.5,0,seen_emg_bursts_s1,seen_emg_bursts,1,False,0.9066049500920933,0.9722333866863306,0.9804689509697999,0.9757423485569299,0.9975124378109452,0.9672561977811258,0.9969423714759535,0.9832369206141308,0.9484709451311425,0.9292772951469906,0.9711930126899577,-0.00012647823149070092,-2.7769477094596873e-05
C1_b0.5_s0_lik0,C1,0.5,0,seen_emg_bursts_s2,seen_emg_bursts,2,False,0.9068303714976772,0.9723575972968328,0.981632968050625,0.9751972327941643,0.9974433388612493,0.9664900356115602,0.9970028330569375,0.9834127677120473,0.9489160951160688,0.9300628228179302,0.971060281650913,-0.00035189963707460414,-0.00015198008759675918
C1_b0.5_s0_lik0,C1,0.5,0,seen_emg_bursts_s3,seen_emg_bursts,3,False,0.9051196301869459,0.9722839466332631,0.9810734681277975,0.975316167142404,0.9974865257048093,0.9659592863991234,0.9970373825317855,0.9835370734191953,0.9493683109737715,0.9298649862193231,0.9709123191811584,0.001358841673656741,-7.832942402707932e-05
C1_b0.5_s0_lik0,C1,0.5,0,seen_lead_scaling_s1,seen_lead_scaling,1,False,0.9060907762183612,0.9717092842226135,0.9803146061635026,0.9753260783380907,0.9974951630735214,0.9664771949048077,0.9968473604201216,0.9823819398966748,0.9463558938800121,0.9288661053538074,0.9713192159729838,0.0003876956422413924,0.0004963329866225497
C1_b0.5_s0_lik0,C1,0.5,0,seen_lead_scaling_s2,seen_lead_scaling,2,False,0.9054108680919023,0.9718340019152107,0.9799190975973658,0.9752269663812243,0.9972965035931455,0.96762001780578,0.9971928551686015,0.9833551626282471,0.9465160536629484,0.9286411147122544,0.9707382456873291,0.0010676037687002982,0.0003716152940252959
C1_b0.5_s0_lik0,C1,0.5,0,seen_lead_scaling_s3,seen_lead_scaling,3,False,0.9028514781793355,0.9696873785020225,0.9813274939548284,0.9747660957817952,0.997935668877833,0.9679067935899192,0.9968732725262576,0.9797593926605059,0.9365720153753392,0.9233266805928115,0.9687189931589116,0.0036269936812670656,0.0025182387072135715
C1_b0.5_s1_lik0,C1,0.5,1,clean,clean,0,False,0.8995092714770322,0.9693281796242973,0.9810123733086382,0.9718175150650175,0.9977715588723052,0.9631214902068209,0.9983934494195688,0.9831520289116884,0.9511889508592101,0.9048192607505765,0.9726769892248507,,
C1_b0.5_s1_lik0,C1,0.5,1,lead_dropout_s1,lead_dropout,1,True,0.8929412781846913,0.9646273683795942,0.9823050110613778,0.9707718839200761,0.9969423714759535,0.9474729489111081,0.9974347014925373,0.978349584030658,0.9457458735302985,0.8923187031229088,0.9703052378714293,0.0065679932923409234,0.004700811244703118
C1_b0.5_s1_lik0,C1,0.5,1,lead_dropout_s2,lead_dropout,2,True,0.8811382174516567,0.954149225521541,0.9809062612543087,0.9687846891849033,0.9915872028745163,0.9063441651828515,0.9971410309563296,0.9675895607460769,0.932266543563461,0.8735106492337712,0.9692129266976517,0.018371054025375533,0.01517895410275627
C1_b0.5_s1_lik0,C1,0.5,1,lead_dropout_s3,lead_dropout,3,True,0.8717912082259217,0.9460956529203385,0.9795878993671863,0.9688392007611798,0.9917772249861802,0.885486577181208,0.9937810945273632,0.964509204686022,0.9088855705456739,0.8640959546294734,0.9578981495987607,0.02771806325111048,0.02323252670395881
C1_b0.5_s1_lik0,C1,0.5,1,limb_reversal_s1,limb_reversal,1,True,0.8602718039384288,0.9541148052106515,0.9734494778000721,0.9630659292737076,0.9973915146489774,0.9490951581975072,0.9830880320619126,0.9776371000994446,0.9301750452215858,0.8778863292970789,0.9352446602955768,0.039237467538603354,0.015213374413645786
C1_b0.5_s1_lik0,C1,0.5,1,limb_reversal_s2,limb_reversal,2,True,0.8354954731225153,0.9357194484851323,0.9645682204043835,0.9502457976530287,0.9966918877833058,0.9121909669908232,0.9521144278606964,0.9723465279293702,0.9072486433524269,0.8539539195891206,0.9121146448030358,0.06401379835451693,0.03360873113916496
C1_b0.5_s1_lik0,C1,0.5,1,limb_reversal_s3,limb_reversal,3,True,0.7860406306350523,0.9067204019216906,0.9476224468796625,0.9365633920076119,0.9947398424543947,0.8678648472811943,0.9132203565505804,0.9550286206311092,0.8540072919807056,0.7902757493061172,0.90116107020384,0.11346864084197994,0.06260777770260673
C1_b0.5_s1_lik0,C1,0.5,1,baseline_step_s1,baseline_step,1,True,0.8990405596642679,0.9696524702073138,0.9813082008540412,0.971644069140501,0.9978320204532891,0.9637934871935352,0.9983934494195688,0.9831459652186567,0.9510735416038589,0.9071176565285107,0.9725638414538618,0.00046871181276431084,-0.0003242905830165288
C1_b0.5_s1_lik0,C1,0.5,1,baseline_step_s2,baseline_step,2,True,0.9002087939298994,0.9695194510119419,0.9810477439934147,0.9725410323501428,0.9977974709784412,0.9626292631146418,0.9983070757324489,0.9834157995585632,0.9507932619837203,0.9068907263124617,0.9722526850836424,-0.0006995224528671962,-0.00019127138764463147
C1_b0.5_s1_lik0,C1,0.5,1,baseline_step_s3,baseline_step,3,True,0.896337071155897,0.9695926930181922,0.9793242269897617,0.9702713685379005,0.9978838446655611,0.9667682509245309,0.9983416252072969,0.9837189842101434,0.949958311350618,0.908163087181934,0.971904538095984,0.003172200321135188,-0.00026451339389488293
C1_b0.5_s1_lik0,C1,0.5,1,seen_baseline_wander_s1,seen_baseline_wander,1,False,0.8995916370949558,0.969371611851239,0.9810059422750425,0.9718868934348239,0.9977715588723052,0.9632327763320093,0.9983934494195688,0.9832763346188362,0.9512077931866144,0.9048231398995689,0.9727466186223824,-8.236561792362984e-05,-4.343222694169757e-05
C1_b0.5_s1_lik0,C1,0.5,1,seen_baseline_wander_s2,seen_baseline_wander,2,False,0.8992273403131075,0.9693373105428904,0.980877321603128,0.9713913336504916,0.9977629215035931,0.9635751951787427,0.9983934494195688,0.9831853792233622,0.9509440006029546,0.9050442513921295,0.972861942312044,0.0002819311639247202,-9.130918593114323e-06
C1_b0.5_s1_lik0,C1,0.5,1,seen_baseline_wander_s3,seen_baseline_wander,3,False,0.8991590130973801,0.9694678019994964,0.9805750630241292,0.9715945131620678,0.9977456467661692,0.9635495137652376,0.9983848120508568,0.9834339906376579,0.9512760966234549,0.9059888241717533,0.9726617577941408,0.00035025837965207973,-0.00013962237519915544
C1_b0.5_s1_lik0,C1,0.5,1,seen_emg_bursts_s1,seen_emg_bursts,1,False,0.8996399286023055,0.9694024862890467,0.9810991922621803,0.9716936251189343,0.9977974709784412,0.9630358854951376,0.9983848120508568,0.9832096339954886,0.9513349788965934,0.9054942326752357,0.9725725451285533,-0.00013065712527327022,-7.430666474939063e-05
C1_b0.5_s1_lik0,C1,0.5,1,seen_emg_bursts_s2,seen_emg_bursts,2,False,0.8992554027699154,0.9698270243535789,0.9816972783865823,0.9719116714240406,0.9977801962410172,0.9638362895493768,0.9984020867882808,0.9834097358655316,0.9512313460958697,0.9075172088747171,0.972657405956795,0.0002538687071167445,-0.0004988447292816334
C1_b0.5_s1_lik0,C1,0.5,1,seen_emg_bursts_s3,seen_emg_bursts,3,False,0.898210250905219,0.969567315998025,0.9807068992128416,0.9707570171265462,0.9977974709784412,0.9630487262018901,0.9983675373134328,0.9837129205171118,0.9514598093156467,0.9081572684584456,0.972098194857869,0.001299020571813192,-0.0002391363737277441
C1_b0.5_s1_lik0,C1,0.5,1,seen_lead_scaling_s1,seen_lead_scaling,1,False,0.8991947646076096,0.9690792587086735,0.9806329423264907,0.9712525769108786,0.9976160862354893,0.9636008765922477,0.9984884604754007,0.9820908826311577,0.9498487903225806,0.9054535016108166,0.9727292112729995,0.00031450686942258166,0.0002489209156237848
C1_b0.5_s1_lik0,C1,0.5,1,seen_lead_scaling_s2,seen_lead_scaling,2,False,0.8994993472508993,0.9692350159206408,0.9814400370427535,0.9719215826197273,0.9977370093974571,0.9627405492398301,0.9984366362631288,0.9833794174003736,0.9490479914078986,0.9068402973755618,0.9715716225390361,9.924226132884684e-06,9.316370365652915e-05
C1_b0.5_s1_lik0,C1,0.5,1,seen_lead_scaling_s3,seen_lead_scaling,3,False,0.8974612725494228,0.9669836056742622,0.981568657714668,0.9691315810339359,0.9980825041459369,0.9610883783043419,0.9983157131011609,0.9800747046981493,0.9431338558938801,0.9012562624011544,0.9702007937751318,0.002047998927609429,0.002344573950035067
C1_b0.5_s2_lik0,C1,0.5,2,clean,clean,0,False,0.9020121475469681,0.9688167078823174,0.9790380459947523,0.9664506026006977,0.9979702183526811,0.9645168470072593,0.9963032061912659,0.9812086152950593,0.9439299442267108,0.9210050099209235,0.9689278813515065,,
C1_b0.5_s2_lik0,C1,0.5,2,lead_dropout_s1,lead_dropout,1,True,0.895536218019981,0.9641084289498669,0.9793821062921232,0.967570567713289,0.9965191404090659,0.9520014381591563,0.996242744610282,0.9743020689320624,0.9311807544467893,0.9124495468184189,0.9673274931676153,0.0064759295269871675,0.004708278932450516
C1_b0.5_s2_lik0,C1,0.5,2,lead_dropout_s2,lead_dropout,2,True,0.885772071374887,0.9566245521112153,0.9798097700262386,0.9603205280685062,0.9944029850746269,0.9347264073414601,0.9967437119955777,0.9646729243978752,0.9170395877298765,0.8947005006041774,0.9672045537625986,0.01624007617208112,0.012192155771102109
C1_b0.5_s2_lik0,C1,0.5,2,lead_dropout_s3,lead_dropout,3,True,0.8708435582461176,0.9502637710404586,0.9768675721561969,0.957609816048208,0.9938674682144831,0.920049479523353,0.9944461719181868,0.9668315991171264,0.8919204100090442,0.8875783830543256,0.9632030393232023,0.031168589300850535,0.01855293684185888
C1_b0.5_s2_lik0,C1,0.5,2,limb_reversal_s1,limb_reversal,1,True,0.8718105941789759,0.950812425939504,0.9678544785717961,0.9559397795750079,0.9969423714759535,0.9565855704697986,0.9909653123272526,0.9743778650949575,0.9242891731986735,0.8526233714847637,0.9377339112573329,0.03020155336799224,0.01800428194281345
C1_b0.5_s2_lik0,C1,0.5,2,limb_reversal_s2,limb_reversal,2,True,0.8545454193681006,0.9318456958273459,0.959394453876627,0.9335999444973042,0.996268656716418,0.9286099506916862,0.9749516307352128,0.9655097140362366,0.9100561501356648,0.8059494508094814,0.912271310947482,0.047466728178867545,0.03697101205497155
C1_b0.5_s2_lik0,C1,0.5,2,limb_reversal_s3,limb_reversal,3,True,0.8106249604075852,0.8986103859933946,0.9529923599320883,0.8908281795115763,0.9946102819237148,0.8939871250513628,0.9456536760641239,0.9466819471731063,0.8653056225504974,0.7319430463344953,0.8654912353995856,0.09138718713938287,0.07020632188892284
C1_b0.5_s2_lik0,C1,0.5,2,baseline_step_s1,baseline_step,1,True,0.9015714765574147,0.968854895415584,0.9788901322220507,0.9665744925467807,0.997996130458817,0.9641359060402684,0.9962341072415699,0.9815178636396711,0.9433905826047633,0.921868120571709,0.9690867234146257,0.00044067098955347106,-3.818753326656488e-05
C1_b0.5_s2_lik0,C1,0.5,2,baseline_step_s2,baseline_step,2,True,0.9017682256394449,0.968546190158271,0.9784399598703503,0.9657766412940058,0.9979961304588171,0.9646152924256951,0.9961995577667219,0.9815239273327027,0.9424060709978896,0.9207800192793704,0.9691781119988859,0.00024392190752320353,0.00027051772404640406
C1_b0.5_s2_lik0,C1,0.5,2,baseline_step_s3,baseline_step,3,True,0.899478187487325,0.9691403338417097,0.9784303133199568,0.9661582223279417,0.9978061083471531,0.9667040473907684,0.9962513819789939,0.981902908147178,0.9437438762435937,0.921920489083105,0.9693456577366965,0.0025339600596431255,-0.0003236259593922819
C1_b0.5_s2_lik0,C1,0.5,2,seen_baseline_wander_s1,seen_baseline_wander,1,False,0.9018841409951055,0.9688428925438891,0.9790058908267736,0.9663960910244213,0.997952943615257,0.9645724900698533,0.9963377556661139,0.9812601566858279,0.9439322995176365,0.9211504780081345,0.9689779274809824,0.000128006551862625,-2.6184661571670986e-05
C1_b0.5_s2_lik0,C1,0.5,2,seen_baseline_wander_s2,seen_baseline_wander,2,False,0.901557354801487,0.9688983907462071,0.9789769511755928,0.9662722010783381,0.997952943615257,0.9650518764552801,0.9963982172470979,0.9813693031603969,0.9437603632800724,0.9211407801356539,0.9691628805681759,0.00045479274548110293,-8.168286388965385e-05
C1_b0.5_s2_lik0,C1,0.5,2,seen_baseline_wander_s3,seen_baseline_wander,3,False,0.9015236741210986,0.969103010290261,0.9794110459433039,0.9664654693942277,0.997961580983969,0.9653600534173401,0.9964586788280818,0.9818453030633777,0.9438851936991257,0.9213638312027107,0.9691759360802131,0.0004884734258695511,-0.00028630240794358386
C1_b0.5_s2_lik0,C1,0.5,2,seen_emg_bursts_s1,seen_emg_bursts,1,False,0.9020106444345576,0.9688939604106169,0.9793788907753254,0.966485291785601,0.9979788557213929,0.964765100671141,0.9963723051409619,0.9814693540954182,0.94379333735303,0.9208071733223167,0.9689953348303654,1.5031124105391314e-06,-7.725252829948737e-05
C1_b0.5_s2_lik0,C1,0.5,2,seen_emg_bursts_s2,seen_emg_bursts,2,False,0.9015703116696914,0.9691341959422276,0.9800219941348973,0.9660987551538217,0.9979961304588171,0.9654028557731819,0.9963204809286899,0.9817816342865457,0.9443067907747966,0.9212707316268957,0.9690083903424027,0.0004418358772767528,-0.0003174880599101648
C1_b0.5_s2_lik0,C1,0.5,2,seen_emg_bursts_s3,seen_emg_bursts,3,False,0.9005482613013954,0.9689823663873975,0.97982263209343,0.9671493418966064,0.9980220425649531,0.9647865018490618,0.9963809425096739,0.9812055834485436,0.94403593231836,0.9212959460953456,0.9681423747106028,0.0014638862455726986,-0.00016565850508010183
C1_b0.5_s2_lik0,C1,0.5,2,seen_lead_scaling_s1,seen_lead_scaling,1,False,0.9010821637778044,0.9684031030581178,0.9790927097803158,0.9655288614018395,0.997840657822001,0.9646966169017944,0.9966055140961858,0.980875112178321,0.9417324577931867,0.9199886728849426,0.9692673246644733,0.0009299837691637558,0.0004136048241996093
C1_b0.5_s2_lik0,C1,0.5,2,seen_lead_scaling_s2,seen_lead_scaling,2,False,0.9025280725670577,0.9678236714275497,0.9793370890569532,0.9650432128131937,0.9977715588723052,0.9631386111491577,0.9960959093421781,0.9813541439278178,0.9379498605667772,0.921301764818834,0.9684208923007294,-0.0005159250200895693,0.0009930364547677817
C1_b0.5_s2_lik0,C1,0.5,2,seen_lead_scaling_s3,seen_lead_scaling,3,False,0.8980790614943791,0.966566899215179,0.9786071667438391,0.9653256818902632,0.9983934494195689,0.963789206957951,0.9974606135986733,0.9777280554949187,0.9355686614410611,0.9157623400578381,0.9664669173324979,0.003933086052589019,0.00224980866713842
C1_b0.5_s3_lik0,C1,0.5,3,clean,clean,0,False,0.9129304856246935,0.9708685663066636,0.980330683747492,0.9749990088804313,0.9972360420121614,0.9643970004109026,0.9972792288557214,0.9830186276649931,0.9437297444980405,0.9236253750652181,0.9732013856250108,,
C1_b0.5_s3_lik0,C1,0.5,3,lead_dropout_s1,lead_dropout,1,True,0.905018104036306,0.9665130211191867,0.9804785975201934,0.974290358388836,0.9947225677169707,0.9493819339816464,0.9967955362078497,0.9768700429309466,0.9387223959903528,0.9150834889841867,0.9722722683516982,0.007912381588387474,0.004355545187476939
C1_b0.5_s3_lik0,C1,0.5,3,lead_dropout_s2,lead_dropout,2,True,0.8991433755028566,0.9563058695815863,0.981266399135669,0.9659897320012686,0.992114082365948,0.9234137446925079,0.9970287451630735,0.9604768488200053,0.9233494121193851,0.8967622682935817,0.9663515936428361,0.013787110121836865,0.014562696725077373
C1_b0.5_s3_lik0,C1,0.5,3,lead_dropout_s3,lead_dropout,3,True,0.8943151264048671,0.9502093974789277,0.9769994083449092,0.9704349032667301,0.9874326285240465,0.9041098822079167,0.9857224295190713,0.9672924397875281,0.9019186199879409,0.8937093780366463,0.9642648876355597,0.018615359219826377,0.020659168827735885
C1_b0.5_s3_lik0,C1,0.5,3,limb_reversal_s1,limb_reversal,1,True,0.8712419063655318,0.9579968634987117,0.9752340896228842,0.9610242229622582,0.9965191404090659,0.9542228804273387,0.9773700939745715,0.9731469354095418,0.9301373605667772,0.8907767413984721,0.9635403067174961,0.041688579259161695,0.012871702807951912
C1_b0.5_s3_lik0,C1,0.5,3,limb_reversal_s2,limb_reversal,2,True,0.8446586036839481,0.9425486468940919,0.9663849873951742,0.945642047256581,0.9945411829740188,0.9270305437611286,0.9510174820342732,0.9647456887142545,0.9065797407295748,0.869920496841403,0.9570756523404181,0.0682718819407454,0.028319919412571726
C1_b0.5_s3_lik0,C1,0.5,3,limb_reversal_s3,limb_reversal,3,True,0.800108190771525,0.9105498673823796,0.9511241446725318,0.9183515699333967,0.9870525843007186,0.8783428639912342,0.8666390270867883,0.9515116786727787,0.8562259760325596,0.841783089625798,0.9439178721256114,0.11282229485316853,0.06031869892428399
C1_b0.5_s3_lik0,C1,0.5,3,baseline_step_s1,baseline_step,1,True,0.9120352701291359,0.9707957255492118,0.9793724597417298,0.9749593640976847,0.9972965035931454,0.9640931036844268,0.9971151188501935,0.9831671881442674,0.9429454326198372,0.9248434278487987,0.9733689313628214,0.0008952154955575997,7.284075745184193e-05
C1_b0.5_s3_lik0,C1,0.5,3,baseline_step_s2,baseline_step,2,True,0.91088387610612,0.9705684519981104,0.9806522354272779,0.9753013003488741,0.9972101299060254,0.9625864607588,0.9972360420121614,0.9834067040190158,0.9421988053964426,0.9234818465525033,0.9730425435618919,0.0020466095185734945,0.0003001143085532565
C1_b0.5_s3_lik0,C1,0.5,3,baseline_step_s3,baseline_step,3,True,0.9111830027248915,0.9705075879455758,0.9784881926223182,0.976004995242626,0.9970978441127695,0.9642043898096152,0.9964414040906577,0.9828943219578452,0.9409787646970155,0.9242887095429003,0.9741696694344353,0.0017474828998019776,0.0003609783610878381
C1_b0.5_s3_lik0,C1,0.5,3,seen_baseline_wander_s1,seen_baseline_wander,1,False,0.9129504466962246,0.9708800764943852,0.9805396923393528,0.9748503409451317,0.9972360420121614,0.9647736611423093,0.9972705914870095,0.9828821945717819,0.9435978482062104,0.9234993027229685,0.9732710150225424,-1.996107153112714e-05,-1.151018772160839e-05
C1_b0.5_s3_lik0,C1,0.5,3,seen_baseline_wander_s2,seen_baseline_wander,2,False,0.9123427002320851,0.9710210388188715,0.980626511292895,0.9747264509990485,0.9972446793808735,0.9650047938638543,0.9973569651741293,0.9831368696791094,0.9440194452818813,0.923635072937699,0.9734385607603531,0.0005877853926083976,-0.0001524725122078463
C1_b0.5_s3_lik0,C1,0.5,3,seen_baseline_wander_s3,seen_baseline_wander,3,False,0.9127505024439777,0.970901580722245,0.9799641148325359,0.9752368775769108,0.9972274046434494,0.964251472401041,0.9972965035931454,0.9832823983118678,0.9438168902622853,0.9239764380490207,0.9730621268299475,0.00017998318071577035,-3.301441558134499e-05
C1_b0.5_s3_lik0,C1,0.5,3,seen_emg_bursts_s1,seen_emg_bursts,1,False,0.9128525846470452,0.9709322484248533,0.980443226835417,0.9747512289882652,0.9971755804311775,0.9639561361457334,0.9972705914870094,0.9832975575444469,0.9437815608984023,0.9242518576274736,0.9734624958657545,7.790097764825976e-05,-6.36821181896341e-05
C1_b0.5_s3_lik0,C1,0.5,3,seen_emg_bursts_s2,seen_emg_bursts,2,False,0.9131765795793534,0.9711915088326497,0.9808901836703195,0.9736857754519505,0.9972619541182974,0.9653985755375976,0.9973051409618573,0.9832793664653521,0.9438757725354237,0.925338019345316,0.9736887914077325,-0.00024609395465990946,-0.00032294252598608075
C1_b0.5_s3_lik0,C1,0.5,3,seen_emg_bursts_s3,seen_emg_bursts,3,False,0.9120037527710719,0.9709487972401385,0.9810863301949888,0.97393851094196,0.9972619541182974,0.9623467675660868,0.9973051409618574,0.9833218123165732,0.9437509421163701,0.926102211696798,0.9734255052483158,0.000926732853621548,-8.023093347486743e-05
C1_b0.5_s3_lik0,C1,0.5,3,seen_lead_scaling_s1,seen_lead_scaling,1,False,0.9123798067931043,0.9704914095118171,0.9799737613829295,0.9736609974627339,0.9972274046434494,0.9644612039446652,0.9973051409618574,0.9823213029663586,0.9425756519445282,0.9234042635726574,0.9734929587271747,0.000550678831589213,0.00037715679484651154
C1_b0.5_s3_lik0,C1,0.5,3,seen_lead_scaling_s2,seen_lead_scaling,2,False,0.9133731816442742,0.9699253411088719,0.9809641405566704,0.9740326673009831,0.9971237562189055,0.9628689563073551,0.9973051409618574,0.982973149967256,0.9409269482966536,0.9207043758740208,0.9724289344961443,-0.0004426960195806906,0.0009432251977917749
C1_b0.5_s3_lik0,C1,0.5,3,seen_lead_scaling_s3,seen_lead_scaling,3,False,0.9104567005435377,0.9689043362837653,0.9817390801049545,0.9736560418648905,0.9977370093974571,0.9678982331187508,0.9978492951907131,0.9809600038807635,0.9315905750678324,0.9187473452074084,0.969961442721117,0.0024737850811558104,0.001964230022898361
C1_b0.5_s4_lik0,C1,0.5,4,clean,clean,0,False,0.9063211865728431,0.9721158434056432,0.9842343211400936,0.9752467887725975,0.9974347014925373,0.9730730379400081,0.998091141514649,0.982148487714958,0.9479716234549291,0.9195580873467979,0.9712844012742181,,
C1_b0.5_s4_lik0,C1,0.5,4,lead_dropout_s1,lead_dropout,1,True,0.8991797324783545,0.9665753315672974,0.9842278901064979,0.9768970028544244,0.9957763266998342,0.9556524791124504,0.9968473604201216,0.9752965145892454,0.9390120967741935,0.9077654744102239,0.9677028391386844,0.007141454094488631,0.005540511838345807
C1_b0.5_s4_lik0,C1,0.5,4,lead_dropout_s2,lead_dropout,2,True,0.8887760846511499,0.9565397448350215,0.9833918557390544,0.9711385981604821,0.9934442371475954,0.9254725380084919,0.9975728993919293,0.9569962890198647,0.9258201123002714,0.8889089311586824,0.966112242588821,0.01754510192169323,0.0155760985706217
C1_b0.5_s4_lik0,C1,0.5,4,lead_dropout_s3,lead_dropout,3,True,0.8721738906618367,0.9483630816713631,0.9808355198847559,0.9677241912464319,0.9971323935876174,0.9084286399123408,0.9955603924820343,0.9608012563971962,0.8945018088634309,0.8731382509305109,0.9571452817379497,0.0341472959110064,0.023752761734280092
C1_b0.5_s4_lik0,C1,0.5,4,limb_reversal_s1,limb_reversal,1,True,0.8691154099939641,0.9590291076765846,0.9773370376086843,0.9712327545195052,0.9974606135986733,0.9669565812902342,0.9951803482587065,0.9793288704552621,0.9330343684051854,0.8639543656912547,0.9467770292617543,0.037205776578879024,0.013086735729058607
C1_b0.5_s4_lik0,C1,0.5,4,limb_reversal_s2,limb_reversal,2,True,0.8408667922687489,0.9473132213078481,0.9719060297370994,0.9623473675864257,0.9969164593698175,0.9527676003287221,0.9872426064123826,0.97678818307502,0.9178498078082604,0.8296782051953443,0.9303227322575591,0.06545439430409417,0.024802622097795046
C1_b0.5_s4_lik0,C1,0.5,4,limb_reversal_s3,limb_reversal,3,True,0.7947221425940322,0.9283322490054429,0.9666325821886094,0.9522131699968285,0.9964154919845218,0.8895057183947405,0.9750466417910447,0.9661706565766814,0.8834460732589688,0.8060406108108003,0.9195192960467911,0.11159904397881093,0.0437835944002003
C1_b0.5_s4_lik0,C1,0.5,4,baseline_step_s1,baseline_step,1,True,0.9063452094549095,0.9723088603270627,0.9838002263723825,0.9754004123057407,0.9974951630735213,0.9731714833584441,0.998073866777225,0.9824152902083485,0.9476301062707266,0.9216741631220943,0.9711190314550804,-2.4022882066376816e-05,-0.00019301692141948656
C1_b0.5_s4_lik0,C1,0.5,4,baseline_step_s2,baseline_step,2,True,0.9065704217848631,0.9725705073773864,0.9848324072644955,0.9759058832857596,0.9975728993919293,0.9730216751129983,0.998082504145937,0.982224283877853,0.9488006858607175,0.9215577886523255,0.9711364388044632,-0.00024923521202002696,-0.0004546639717432077
C1_b0.5_s4_lik0,C1,0.5,4,baseline_step_s3,baseline_step,3,True,0.9035675273032132,0.9717454446014799,0.9819384421464217,0.9743448699651125,0.9974951630735214,0.9725294480208191,0.9979443062465451,0.9826790608552232,0.9456233984021707,0.9223355580252804,0.9708187546782252,0.0027536592696298934,0.00037039880416323
C1_b0.5_s4_lik0,C1,0.5,4,seen_baseline_wander_s1,seen_baseline_wander,1,False,0.9064268573857717,0.97209821038627,0.9842246745897,0.9753558119251506,0.9974260641238253,0.9729617518148199,0.998091141514649,0.9820757233985786,0.9479080305999398,0.9196085162836978,0.9712321792260693,-0.00010567081292855995,1.763301937318662e-05
C1_b0.5_s4_lik0,C1,0.5,4,seen_baseline_wander_s2,seen_baseline_wander,2,False,0.9062159787362474,0.9722451330298606,0.983973864279467,0.9752071439898509,0.9975038004422333,0.973916244350089,0.9981084162520729,0.9823182711198429,0.9483414041302382,0.9196026975602092,0.971234355144742,0.00010520783659573318,-0.0001292896242174324
C1_b0.5_s4_lik0,C1,0.5,4,seen_baseline_wander_s3,seen_baseline_wander,3,False,0.905580642826585,0.9721607295593644,0.98408962288419,0.9748206073580716,0.9974087893864013,0.9733170113683056,0.9980479546710891,0.9822060927987581,0.9481765337654507,0.9202543945909146,0.9711255592110989,0.0007405437462580933,-4.4886153721224176e-05
C1_b0.5_s4_lik0,C1,0.5,4,seen_emg_bursts_s1,seen_emg_bursts,1,False,0.9063468825571608,0.9721635683483303,0.9845976745382518,0.9751526324135743,0.9974087893864013,0.9732014450075333,0.998117053620785,0.9822364112639163,0.9481812443473018,0.9193272779817563,0.9712495865754524,-2.569598431767517e-05,-4.7724942687121796e-05
C1_b0.5_s4_lik0,C1,0.5,4,seen_emg_bursts_s2,seen_emg_bursts,2,False,0.9063116777278626,0.9723970949912937,0.9848195451973041,0.9743944259435459,0.9974865257048093,0.9736465895082866,0.9980652294085129,0.9829003856508767,0.9482990088935787,0.9206907988525478,0.9712713457621809,9.508844980521403e-06,-0.00028125158565051045
C1_b0.5_s4_lik0,C1,0.5,4,seen_emg_bursts_s3,seen_emg_bursts,3,False,0.9046095747172628,0.9722611736100166,0.9850253382723672,0.9740277117031398,0.9975038004422333,0.9725208875496507,0.9981602404643449,0.9833005893909628,0.9494389697015374,0.9202679716123877,0.9701050533535259,0.0017116118555803306,-0.00014533020437346167
C1_b0.5_s4_lik0,C1,0.5,4,seen_lead_scaling_s1,seen_lead_scaling,1,False,0.9061094673845709,0.9715926667725916,0.9834883212429901,0.9746471614335553,0.9974174267551134,0.9735267429119299,0.9981170536207851,0.9808569210992264,0.945915454476937,0.9195309333038518,0.9708339861089352,0.00021171918827223024,0.0005231766330515697
C1_b0.5_s4_lik0,C1,0.5,4,seen_lead_scaling_s2,seen_lead_scaling,2,False,0.9063789303063561,0.971146119548444,0.9841732263209343,0.9753558119251506,0.9971669430624654,0.97106132721545,0.9978492951907132,0.9821879017196633,0.9438592854989447,0.9186193332906628,0.9700419517120129,-5.7743733512971573e-05,0.0009697238571991784
C1_b0.5_s4_lik0,C1,0.5,4,seen_lead_scaling_s3,seen_lead_scaling,3,False,0.902185998596382,0.969580972945266,0.9851925451458559,0.9754251902949571,0.9977542841348811,0.9710270853307766,0.9977024599226091,0.9793652526134515,0.9366002788664456,0.9154675247344237,0.967694135463993,0.004135187976461063,0.0025348704603771477
C1_b1_s0_lik0,C1,1.0,0,clean,clean,0,False,0.9182957090873166,0.9759158571605818,0.9863983639450533,0.983136100539169,0.9972965035931454,0.9675258526229283,0.9977283720287452,0.9861535569623323,0.9501738204703044,0.9396443208288965,0.9751858234546626,,
C1_b1_s0_lik0,C1,1.0,0,lead_dropout_s1,lead_dropout,1,True,0.9114019587937653,0.971064156790082,0.9860478726140864,0.9834681255946717,0.9968387230514096,0.9520014381591563,0.9974174267551134,0.9811328191321642,0.9389814779921617,0.9308580483613504,0.9728314794506241,0.006893750293551326,0.004851700370499867
C1_b1_s0_lik0,C1,1.0,0,lead_dropout_s2,lead_dropout,2,True,0.9053430115110843,0.9634869574087657,0.9821699593558676,0.9793648905803997,0.9952062603648424,0.9313150595808793,0.997909756771697,0.9672075480850857,0.9263476974675913,0.9180529775377877,0.9738084669347399,0.012952697576232297,0.012428899751816158
C1_b1_s0_lik0,C1,1.0,0,lead_dropout_s3,lead_dropout,3,True,0.8992984716413793,0.9576580097790727,0.9828709420178011,0.9766987789406915,0.9943943477059148,0.9233880632790028,0.9968473604201217,0.9701817895170876,0.8998082793186615,0.9078217220706122,0.966910804741762,0.018997237445937287,0.01825784738150915
C1_b1_s0_lik0,C1,1.0,0,limb_reversal_s1,limb_reversal,1,True,0.8908094714275231,0.9634616644255866,0.9772180634871637,0.9780169679670155,0.9968819098949695,0.9598599506916861,0.9955949419568823,0.9814026534720706,0.9390521367199277,0.8730994594405879,0.9700288961999756,0.027486237659793522,0.012454192734995262
C1_b1_s0_lik0,C1,1.0,0,limb_reversal_s2,limb_reversal,2,True,0.872689351631487,0.9534788377075061,0.9681599526675927,0.9674268553758325,0.9968559977888336,0.9413479317901657,0.9944893587617468,0.9781252273884887,0.9270754823635815,0.8401868198154689,0.967641913415844,0.04560635745582964,0.022437019453075746
C1_b1_s0_lik0,C1,1.0,0,limb_reversal_s3,limb_reversal,3,True,0.837820031429335,0.9359609081572801,0.9548670062252406,0.9465984776403426,0.9955776672194583,0.9047176756608684,0.9852560116086235,0.9731620946421208,0.8799178474525173,0.8206029361278722,0.9629484568384772,0.08047567765798158,0.039954949003301765
C1_b1_s0_lik0,C1,1.0,0,baseline_step_s1,baseline_step,1,True,0.9181570300812635,0.9758556502140076,0.98605751916448,0.9832798128766255,0.9973051409618574,0.9672818791946308,0.9976938225538972,0.9862111620461326,0.9500466347603256,0.9394910944437009,0.9753337859244172,0.00013867900605313288,6.0206946574270503e-05
C1_b1_s0_lik0,C1,1.0,0,baseline_step_s2,baseline_step,2,True,0.9179776166845695,0.9754606330120499,0.9854497864896846,0.9824720504281637,0.9972187672747375,0.9658608409806876,0.9975988114980653,0.9859989327900265,0.9499100278866446,0.9395551004020738,0.975081379358365,0.000318092402747161,0.0004552241485319408
C1_b1_s0_lik0,C1,1.0,0,baseline_step_s3,baseline_step,3,True,0.9166334431960382,0.9756985100327289,0.985118588259505,0.9826207183634634,0.9971669430624654,0.9687414395288316,0.9974433388612493,0.9862717989764487,0.9492199276454628,0.9395201880611431,0.9751836475359899,0.0016622658912783805,0.0002173471278529293
C1_b1_s0_lik0,C1,1.0,0,seen_baseline_wander_s1,seen_baseline_wander,1,False,0.9183462223548073,0.9759066783675622,0.9862568812059473,0.9830568109736759,0.9972792288557214,0.9674916107382551,0.9977197346600332,0.9861656843483957,0.9503410461260176,0.9395958314664928,0.9752532769335213,-5.0513267490726044e-05,9.178793019648523e-06
C1_b1_s0_lik0,C1,1.0,0,seen_baseline_wander_s2,seen_baseline_wander,2,False,0.9181819593986253,0.9759695208233032,0.9862826053403302,0.9829180542340628,0.9972619541182974,0.9683048554992467,0.9976938225538972,0.9862808945159961,0.9501832416340066,0.9397645744476577,0.975035685066235,0.000113749688691267,-5.366366272141487e-05
C1_b1_s0_lik0,C1,1.0,0,seen_baseline_wander_s3,seen_baseline_wander,3,False,0.917652381429978,0.9760305637351274,0.9861957863867881,0.9828734538534729,0.9972878662244334,0.9686857964662375,0.997883844665561,0.9863779136045017,0.9503810860717515,0.939638502105408,0.9749508242379934,0.0006433276573386548,-0.00011470657454559774
C1_b1_s0_lik0,C1,1.0,0,seen_emg_bursts_s1,seen_emg_bursts,1,False,0.9183198132709225,0.975944163356637,0.9865655708185419,0.9831212337456391,0.9972792288557214,0.9671919942473634,0.9977110972913212,0.986311212981154,0.9503481119987942,0.9395938918919967,0.9753751283792017,-2.4104183605877516e-05,-2.8306196055205568e-05
C1_b1_s0_lik0,C1,1.0,0,seen_emg_bursts_s2,seen_emg_bursts,2,False,0.9183089915518003,0.9759180312892776,0.9864980449657869,0.9829180542340628,0.9973137783305693,0.9673332420216408,0.9977024599226092,0.9863930728370807,0.9506966950557733,0.9391710646518366,0.9752358695841383,-1.3282464483732603e-05,-2.1741286957421835e-06
C1_b1_s0_lik0,C1,1.0,0,seen_emg_bursts_s3,seen_emg_bursts,3,False,0.9170383489636612,0.9758691856327835,0.9862986829243195,0.9827941642879797,0.9972792288557214,0.9671363511847693,0.9977370093974571,0.9863657862184384,0.9507979725655713,0.9398673718959534,0.9745461033648406,0.0012573601236554044,4.66715277983587e-05
C1_b1_s0_lik0,C1,1.0,0,seen_lead_scaling_s1,seen_lead_scaling,1,False,0.9181521163962055,0.9754769205984746,0.9864208725626382,0.9826801855375833,0.9972965035931454,0.9667896521024517,0.9976851851851851,0.9858200538455941,0.9479904657823335,0.9394561821027703,0.9751531846745696,0.00014359269111108297,0.0004389365621072505
C1_b1_s0_lik0,C1,1.0,0,seen_lead_scaling_s2,seen_lead_scaling,2,False,0.9178527923234229,0.9750397533585805,0.9862729587899366,0.983180700919759,0.9972533167495854,0.9657495548554993,0.997840657822001,0.9859564869388053,0.9457364523665963,0.939200158269279,0.9741674935157623,0.00044291676389374146,0.0008761038020013157
C1_b1_s0_lik0,C1,1.0,0,seen_lead_scaling_s3,seen_lead_scaling,3,False,0.9142571078118035,0.9735163363591395,0.9867327776920305,0.9816940215667618,0.9977629215035931,0.9671705930694425,0.997901119402985,0.9843768949040723,0.9385528150437142,0.9355556977910185,0.9719001862586384,0.004038601275513143,0.0023995208014423453
C1_b1_s1_lik0,C1,1.0,1,clean,clean,0,False,0.9252111383272341,0.9766353191858976,0.98757524309307,0.9826653187440533,0.9972792288557214,0.9739462059991781,0.998289800995025,0.9877574037691915,0.9500607665058788,0.9356003080044301,0.9765435967065296,,
C1_b1_s1_lik0,C1,1.0,1,lead_dropout_s1,lead_dropout,1,True,0.9174189491630886,0.9722362646624583,0.9877713896177394,0.9820260466222646,0.9969250967385296,0.958006608683742,0.9978061083471531,0.9829246404230032,0.9408916189327706,0.9282648372600019,0.9755100353369192,0.00779218916414548,0.004399054523439361
C1_b1_s1_lik0,C1,1.0,1,lead_dropout_s2,lead_dropout,2,True,0.9081837607918104,0.9623409530889967,0.9861604157020116,0.979875317158262,0.9937810945273632,0.9176397068894672,0.9985834715312327,0.9709276237599748,0.9255115691890261,0.9136559621550225,0.9749334168886103,0.017027377535423716,0.014294366096900935
C1_b1_s1_lik0,C1,1.0,1,lead_dropout_s3,lead_dropout,3,True,0.8984685402724354,0.9570542263846485,0.9836233729485003,0.9778187440532825,0.9914749170812603,0.9234351458704286,0.9907493781094527,0.9722798273060225,0.8987625301477239,0.9080525314356536,0.9672915905095131,0.026742598054798727,0.01958109280124909
C1_b1_s1_lik0,C1,1.0,1,limb_reversal_s1,limb_reversal,1,True,0.8879920147192119,0.9625802456112965,0.9802760199619283,0.9762626863304789,0.9967091625207296,0.9570435556773045,0.9895833333333334,0.9821181692497999,0.9335007160084413,0.887650147310683,0.96007842010897,0.037219123608022264,0.014055073574601118
C1_b1_s1_lik0,C1,1.0,1,limb_reversal_s2,limb_reversal,2,True,0.8619771178941822,0.948305360603023,0.9723144003704275,0.964785521725341,0.9956985903814263,0.9316703191343652,0.9749516307352128,0.9757391641805525,0.9074417772083209,0.8640881963314889,0.948058645360071,0.06323402043305193,0.02832995858287468
C1_b1_s1_lik0,C1,1.0,1,limb_reversal_s3,limb_reversal,3,True,0.8050625001651741,0.9213283372789847,0.96748790965684,0.9430899143672692,0.9933665008291874,0.8739556225174634,0.9616068960751797,0.9592732057532319,0.8314224072957492,0.840320650455703,0.9214319285602381,0.12014863816206,0.055306981906912966
C1_b1_s1_lik0,C1,1.0,1,baseline_step_s1,baseline_step,1,True,0.9247892429010565,0.9765476854607444,0.9869096311159129,0.9827693862987632,0.9972705914870095,0.9734582591425832,0.9982725262576009,0.9875967159038541,0.9502138604160386,0.9358815463063713,0.9765566522185666,0.0004218954261776542,8.763372515319112e-05
C1_b1_s1_lik0,C1,1.0,1,baseline_step_s2,baseline_step,2,True,0.9239930555478268,0.976258520532433,0.9862022174203838,0.9825711623850302,0.9974174267551134,0.9722212710587591,0.9982898009950248,0.987827136239055,0.950096095869762,0.9355518186420263,0.9761497554267412,0.0012180827794072702,0.00037679865346462726
C1_b1_s1_lik0,C1,1.0,1,baseline_step_s3,baseline_step,3,True,0.9223809909997099,0.976487100650686,0.9855430364768225,0.9823927608626705,0.9973569651741294,0.9758808724832215,0.998117053620785,0.9880363336486453,0.9480846774193549,0.9370705054725095,0.9759017006980347,0.0028301473275241795,0.00014821853521163053
C1_b1_s1_lik0,C1,1.0,1,seen_baseline_wander_s1,seen_baseline_wander,1,False,0.9248918959127418,0.9766311260267592,0.9875109327571128,0.9826554075483667,0.9972965035931454,0.9740104095329407,0.9982898009950248,0.9877270853040335,0.9500748982514321,0.935586730982957,0.9765283652758194,0.0003192424144923267,4.193159138465852e-06
C1_b1_s1_lik0,C1,1.0,1,seen_baseline_wander_s2,seen_baseline_wander,2,False,0.9247918460575022,0.9767340716922871,0.9875141482739106,0.9826306295591499,0.9973224156992814,0.9745625599232982,0.9983157131011609,0.9879029324019502,0.9502232815797407,0.9356022475789262,0.9765327171131651,0.000419292269731919,-9.875250638946564e-05
C1_b1_s1_lik0,C1,1.0,1,seen_baseline_wander_s3,seen_baseline_wander,3,False,0.9245960581112215,0.9768601960200924,0.9874401913875598,0.9829130986362195,0.9973051409618574,0.9746952472264074,0.9982552515201769,0.987842295471634,0.9510994498040398,0.9358737880083867,0.9763173011645516,0.0006150802160126423,-0.0002248768341948093
C1_b1_s1_lik0,C1,1.0,1,seen_emg_bursts_s1,seen_emg_bursts,1,False,0.925387412731808,0.9766621391480554,0.9879257344240366,0.9826801855375832,0.9972533167495854,0.973710793042049,0.998289800995025,0.9878968687089185,0.9502939403075067,0.935495570981638,0.9764130415861577,-0.0001762744045739062,-2.681996215780913e-05
C1_b1_s1_lik0,C1,1.0,1,seen_emg_bursts_s2,seen_emg_bursts,2,False,0.9257713274011014,0.9765844600035913,0.9872601224468797,0.9814710196638122,0.9973569651741294,0.9741045747157924,0.9982466141514649,0.9879635693322661,0.9507390902924329,0.9357399573681525,0.976378226887392,-0.0005601890738672344,5.085918230629538e-05
C1_b1_s1_lik0,C1,1.0,1,seen_emg_bursts_s3,seen_emg_bursts,3,False,0.9251353136948616,0.9766436689332476,0.9861668467356074,0.9823977164605138,0.9973396904367053,0.9746010820435557,0.9982811636263129,0.9881667030488249,0.9505836410913476,0.9364110501438195,0.9758451268125403,7.582463237254533e-05,-8.349747349978287e-06
C1_b1_s1_lik0,C1,1.0,1,seen_lead_scaling_s1,seen_lead_scaling,1,False,0.9255248006513096,0.9761873060875512,0.9874144672531769,0.9825265620044402,0.9971755804311775,0.9723539583618681,0.9982898009950248,0.9873814548012321,0.9480069528188123,0.9360173165211015,0.9765196616011279,-0.000313662324075481,0.00044801309834641145
C1_b1_s1_lik0,C1,1.0,1,seen_lead_scaling_s2,seen_lead_scaling,2,False,0.9256086827613291,0.9762852658732845,0.9876556310130165,0.9826801855375833,0.9971669430624654,0.9722597931790165,0.9982898009950248,0.9878513910111815,0.9478326612903226,0.9362830382270738,0.9765479485438753,-0.0003975444340950096,0.0003500533126131744
C1_b1_s1_lik0,C1,1.0,1,seen_lead_scaling_s3,seen_lead_scaling,3,False,0.9230918567281662,0.9741760553420019,0.9870221742038381,0.9818922454804948,0.9974433388612494,0.9743913504999315,0.9983329878385849,0.9858624996968154,0.9364730931564667,0.9324562577461757,0.973710550594461,0.002119281599067935,0.0024592638438957204
C1_b1_s2_lik0,C1,1.0,2,clean,clean,0,False,0.9222527057154308,0.9758794500748706,0.9832632350671401,0.9830667221693625,0.9974692509673854,0.9764672647582524,0.9976765478164732,0.9876118751364331,0.9475759345794393,0.9361976969492433,0.9735865232301077,,
C1_b1_s2_lik0,C1,1.0,2,lead_dropout_s1,lead_dropout,1,True,0.9151834474930199,0.9710111917143625,0.9835043988269795,0.9824076276562004,0.9955085682697622,0.9602066497740037,0.9973051409618574,0.9835643600378375,0.9385716573711187,0.9280708798103872,0.969961442721117,0.00706925822241089,0.004868258360508193
C1_b1_s2_lik0,C1,1.0,2,lead_dropout_s2,lead_dropout,2,True,0.9056778355215026,0.9625839302601802,0.981883778360858,0.9819219790675547,0.9931246545052514,0.9271760717709904,0.9974347014925373,0.9706214072618786,0.9271932469098583,0.9154655851599276,0.9684339478127667,0.016574870193928226,0.01329551981469046
C1_b1_s2_lik0,C1,1.0,2,lead_dropout_s3,lead_dropout,3,True,0.8944257441745189,0.9574373592035504,0.9801666923908009,0.9802668093878846,0.9916649391929242,0.9167408574167923,0.9963636677722499,0.9722949865386015,0.9037816551100392,0.9132021017229242,0.9624545232997372,0.02782696154091191,0.018442090871320205
C1_b1_s2_lik0,C1,1.0,2,limb_reversal_s1,limb_reversal,1,True,0.8887866362979017,0.9646847284344544,0.9772212790039615,0.9739781557247066,0.9973656025428413,0.968621592932475,0.9970892067440574,0.9801565645540761,0.9312443473017786,0.8992817755640766,0.9572040315421171,0.033466069417529165,0.011194721640416239
C1_b1_s2_lik0,C1,1.0,2,limb_reversal_s2,limb_reversal,2,True,0.8723794563606991,0.9551107203380513,0.9710860729536451,0.9674417221693624,0.9974347014925373,0.9542656827831804,0.9954826561636263,0.9706305028014262,0.917315156768164,0.8766857326839638,0.9456542552265566,0.0498732493547317,0.020768729736819314
C1_b1_s2_lik0,C1,1.0,2,limb_reversal_s3,limb_reversal,3,True,0.8368745960509112,0.9363958807618784,0.9685265215825488,0.9516531874405328,0.9972792288557214,0.9362330502670867,0.9919758844665562,0.9422099735622984,0.8605550007536931,0.8452083781859935,0.9339217017424757,0.08537810966451964,0.03948356931299224
C1_b1_s2_lik0,C1,1.0,2,baseline_step_s1,baseline_step,1,True,0.9219122887268987,0.9757845378761052,0.9822953645109842,0.9832847684744688,0.9974087893864014,0.9759835981372416,0.9977888336097291,0.9877392126900967,0.9473828007235455,0.9365060892941306,0.9736713840583494,0.0003404169885321551,9.49121987654511e-05
C1_b1_s2_lik0,C1,1.0,2,baseline_step_s2,baseline_step,2,True,0.9215083002199621,0.975770853331913,0.9850092606883778,0.9828536314620996,0.9974260641238254,0.9748835775921106,0.9974778883360973,0.9875967159038541,0.9468599261380766,0.9361026577989321,0.9737279579438438,0.0007444054954687251,0.00010859674295760069
C1_b1_s2_lik0,C1,1.0,2,baseline_step_s3,baseline_step,3,True,0.9206131027529046,0.9757946380699524,0.9817390801049545,0.9831261893434824,0.9975728993919293,0.9771392617449663,0.9974087893864013,0.9873390089500109,0.9462357740428098,0.9376756527153073,0.9739150869497101,0.0016396029625261876,8.481200491827767e-05
C1_b1_s2_lik0,C1,1.0,2,seen_baseline_wander_s1,seen_baseline_wander,1,False,0.9222555852290419,0.9758206680632063,0.9831378299120235,0.9829626546146528,0.9974692509673854,0.9765400287631831,0.9976765478164732,0.987536078973538,0.9474134195055773,0.9360832620539706,0.9735669399620521,-2.8795136111092745e-06,5.8782011664315625e-05
C1_b1_s2_lik0,C1,1.0,2,seen_baseline_wander_s2,seen_baseline_wander,2,False,0.9218846984895438,0.9758705911241695,0.9832246488655657,0.9830468997779892,0.9974347014925373,0.9766470346527872,0.9976938225538972,0.9876361299085595,0.9475782898703649,0.9359067607748213,0.9736670322210036,0.00036800722588703483,8.858950701129409e-06
C1_b1_s2_lik0,C1,1.0,2,seen_baseline_wander_s3,seen_baseline_wander,3,False,0.9212872553101442,0.9758902137142701,0.9826426403251531,0.9828189422771962,0.9974087893864014,0.9772762292836599,0.9977456467661692,0.9875573018991486,0.9475123417244498,0.9364091105693233,0.9736409211969292,0.0009654504052866164,-1.0763639399447023e-05
C1_b1_s2_lik0,C1,1.0,2,seen_emg_bursts_s1,seen_emg_bursts,1,False,0.922351942826314,0.975883808974825,0.9832535885167464,0.9830468997779892,0.9974260641238254,0.9760991644980139,0.9976679104477613,0.9876967668388755,0.9479339388001207,0.9360367122660631,0.9737932355040299,-9.923711088322129e-05,-4.358899954315376e-06
C1_b1_s2_lik0,C1,1.0,2,seen_emg_bursts_s2,seen_emg_bursts,2,False,0.9220152125007238,0.9760908593465027,0.9842568297576786,0.982140025372661,0.9974865257048093,0.9768910080810848,0.9976333609729132,0.9878574547042132,0.9480187292734399,0.9370103786631289,0.9735234215885948,0.00023749321470700746,-0.00021140927163210144
C1_b1_s2_lik0,C1,1.0,2,seen_emg_bursts_s3,seen_emg_bursts,3,False,0.9215907141113155,0.9759926365855569,0.9836619591500746,0.9825810735807168,0.9975815367606413,0.9749777427749624,0.9978061083471531,0.9878877731693712,0.949634458848357,0.9365429412095574,0.9732601354291783,0.0006619916041152862,-0.0001131865106862584
C1_b1_s2_lik0,C1,1.0,2,seen_lead_scaling_s1,seen_lead_scaling,1,False,0.9222381790074071,0.9754271173476587,0.9829770540721305,0.9825216064065969,0.9973828772802654,0.9753201616216957,0.9978752072968491,0.9869266778238619,0.9452300648176063,0.9367388382336683,0.9738715685762529,1.4526708023709922e-05,0.00045233272721190154
C1_b1_s2_lik0,C1,1.0,2,seen_lead_scaling_s2,seen_lead_scaling,2,False,0.9234232333759202,0.9754248479756052,0.9830606575088748,0.98261576276562,0.9974692509673854,0.9757096630598548,0.9970373825317855,0.9877816585413179,0.9463299856798312,0.9359203377962941,0.9728989329294828,-0.0011705276604894177,0.00045460209926539985
C1_b1_s2_lik0,C1,1.0,2,seen_lead_scaling_s3,seen_lead_scaling,3,False,0.9181652516408773,0.9736927429330474,0.9834947522765859,0.9833888360291785,0.9978147457158651,0.9744427133269415,0.998030679933665,0.9851318246865071,0.9370100994874887,0.9336723709552598,0.9702486639859349,0.004087454074553576,0.0021867071418232298
C1_b1_s3_lik0,C1,1.0,3,clean,clean,0,False,0.9245777412154605,0.9764343759898355,0.9860446570972886,0.982447272438947,0.9976679104477612,0.9775801260101357,0.9983502625760089,0.9854562322636979,0.9565755012059091,0.9322332066791188,0.971554215189653,,
C1_b1_s3_lik0,C1,1.0,3,lead_dropout_s1,lead_dropout,1,True,0.9168577433737535,0.9715569338271065,0.9853115192673766,0.9816741991753886,0.9971064814814815,0.9616490891658677,0.9982725262576009,0.978640641296175,0.9489584903527284,0.9239589818785555,0.9684404755687851,0.007719997841707071,0.0048774421627290065
C1_b1_s3_lik0,C1,1.0,3,lead_dropout_s2,lead_dropout,2,True,0.908490862463388,0.965106752601529,0.984983536553995,0.9797613384078655,0.996009535655058,0.9385828996027941,0.998168877833057,0.9702545538334667,0.9401473470003016,0.9098776710365281,0.9681750134906958,0.016086878752072598,0.011327623388306507
C1_b1_s3_lik0,C1,1.0,3,lead_dropout_s3,lead_dropout,3,True,0.8983458952836811,0.9602742653000207,0.9823950455317179,0.9800933634633682,0.9944979961304589,0.9350217435967676,0.9973569651741293,0.9699483373353707,0.9174564742236961,0.9042296301037478,0.9614688321409298,0.026231845931779407,0.01616011068981482
C1_b1_s3_lik0,C1,1.0,3,limb_reversal_s1,limb_reversal,1,True,0.8902982281609038,0.9636715945836928,0.9792920718217832,0.9711336425626388,0.9963895798783858,0.974455554033694,0.9781388197899393,0.9798382206699169,0.9447990465782334,0.8963976282883062,0.9525997876303376,0.03427951305455679,0.012762781406142731
C1_b1_s3_lik0,C1,1.0,3,limb_reversal_s2,limb_reversal,2,True,0.8654078149443616,0.9520679000872369,0.9738835725677831,0.9548991040279099,0.9952926340519623,0.9690881386111493,0.9514407131011609,0.9736289990055543,0.9318543676514923,0.8788987871840676,0.9396247845840514,0.05916992627109896,0.02436647590259866
C1_b1_s3_lik0,C1,1.0,3,limb_reversal_s3,limb_reversal,3,True,0.8179233437213084,0.932588193448452,0.9695844266090445,0.9309883444338725,0.9918549613045882,0.9482177099027531,0.9269105859590934,0.9589912440272622,0.8734478632800723,0.8689487700188333,0.9243498355005483,0.10665439749415218,0.043846182541383505
C1_b1_s3_lik0,C1,1.0,3,baseline_step_s1,baseline_step,1,True,0.9242789409335326,0.9764969739789218,0.9863308380922983,0.9827049635267999,0.9976074488667772,0.9769937337351048,0.9983329878385849,0.9854622959567295,0.9564271178776002,0.9328655079648627,0.9717478719515379,0.0002988002819279689,-6.259798908625491e-05
C1_b1_s3_lik0,C1,1.0,3,baseline_step_s2,baseline_step,2,True,0.9236572341806587,0.9761264431829476,0.9855398209600247,0.9822044481446242,0.9976592730790492,0.9766983974797973,0.9982466141514649,0.9858200538455941,0.9555839237262587,0.9318355939074087,0.9715498633523073,0.0009205070348018429,0.0003079328068879006
C1_b1_s3_lik0,C1,1.0,3,baseline_step_s3,baseline_step,3,True,0.9229188135298185,0.9766707416704183,0.9852761485826003,0.9819616238503013,0.9975124378109453,0.980828824818518,0.9983243504698729,0.9849104998908536,0.9556710694905035,0.933396951376807,0.9721547687433635,0.0016589276856420199,-0.00023636568058282847
C1_b1_s3_lik0,C1,1.0,3,seen_baseline_wander_s1,seen_baseline_wander,1,False,0.9244479463114663,0.9764150767558295,0.9861732777692032,0.9823878052648272,0.9976419983416251,0.9775672853033831,0.9983502625760089,0.9854107545659608,0.956509553059994,0.9322079922106689,0.9714867617107945,0.00012979490399422922,1.9299234006009414e-05
C1_b1_s3_lik0,C1,1.0,3,seen_baseline_wander_s2,seen_baseline_wander,2,False,0.9244272001013415,0.9764163938720358,0.9860125019293101,0.9823184268950207,0.9976419983416251,0.9778540610875223,0.9983588999447208,0.9854016590264134,0.9564812895688877,0.9320896781664039,0.971589029888419,0.00015054111411905158,1.7982117799686392e-05
C1_b1_s3_lik0,C1,1.0,3,seen_baseline_wander_s3,seen_baseline_wander,3,False,0.9235727779526438,0.9765791067442018,0.9857488295518856,0.9827941642879797,0.9976592730790491,0.9779739076838789,0.9983243504698729,0.9855926653569089,0.9567662797708772,0.9326851275367211,0.971667362960642,0.0010049632628167382,-0.00014473075436627347
C1_b1_s3_lik0,C1,1.0,3,seen_emg_bursts_s1,seen_emg_bursts,1,False,0.9243708038811567,0.9763614236072331,0.9862793898235325,0.9820706470028544,0.9976506357103372,0.9770579372688672,0.9983416252072969,0.9854380411846031,0.9564436049140791,0.9324950492360986,0.9714758821174299,0.0002069373343038805,7.295238260240922e-05
C1_b1_s3_lik0,C1,1.0,3,seen_emg_bursts_s2,seen_emg_bursts,2,False,0.9241573818026284,0.97636680074175,0.9864723208314039,0.9818278227085315,0.9976679104477612,0.9767797219558965,0.9983675373134329,0.9854380411846031,0.9566838445884835,0.9323204875314454,0.9717435201141922,0.0004203594128321386,6.75752480855385e-05
C1_b1_s3_lik0,C1,1.0,3,seen_emg_bursts_s3,seen_emg_bursts,3,False,0.922606255813076,0.9764721822344704,0.9863533467098833,0.9820756026006978,0.9976333609729132,0.9783933707711273,0.9983329878385849,0.9855199010405298,0.9563352615315044,0.9325629343434636,0.9710428743015301,0.001971485402384565,-3.780624463489701e-05
C1_b1_s3_lik0,C1,1.0,3,seen_lead_scaling_s1,seen_lead_scaling,1,False,0.9247508355731467,0.9761297263263707,0.9858903122909913,0.9821648033618775,0.9975469872857933,0.9773789549376798,0.9984279988944168,0.9849104998908534,0.9547689930660235,0.9321439862522959,0.9719350009574041,-0.00017309435768619874,0.0003046496634647733
C1_b1_s3_lik0,C1,1.0,3,seen_lead_scaling_s2,seen_lead_scaling,2,False,0.9240549191099403,0.9757997693247236,0.9865591397849462,0.982140025372661,0.9975901741293531,0.9767583207779756,0.9984452736318409,0.9850560285236121,0.9534217666566175,0.9311625615572456,0.9710646334882587,0.0005228221055202376,0.0006346066651119475
C1_b1_s3_lik0,C1,1.0,3,seen_lead_scaling_s3,seen_lead_scaling,3,False,0.9201788310090767,0.9739309251372712,0.9864208725626383,0.9817386219473517,0.9977801962410171,0.9780423914532256,0.9984366362631288,0.9842980668946615,0.9427428776002411,0.9287206372665965,0.96719802600658,0.0043989102063838326,0.002503450852564315
C1_b1_s4_lik0,C1,1.0,4,clean,clean,0,False,0.9225007776786672,0.9755340531881074,0.9821667438390698,0.9844889787503964,0.9980911415146491,0.9763174565128065,0.9984625483692648,0.9857533532222464,0.9498205268314743,0.9292326849335792,0.9754730447194806,,
C1_b1_s4_lik0,C1,1.0,4,lead_dropout_s1,lead_dropout,1,True,0.9153746095958669,0.970080332855621,0.9831764161135977,0.9847367586425626,0.997952943615257,0.9563843993973429,0.9978492951907132,0.9818907807611148,0.9348338106722943,0.9203882252311487,0.9735103660765575,0.0071261680828003104,0.005453720332486367
C1_b1_s4_lik0,C1,1.0,4,lead_dropout_s2,lead_dropout,2,True,0.9078694781120658,0.9599226935816638,0.9809062612543088,0.9819764906438313,0.996156370923162,0.9135948842624297,0.9984884604754007,0.9671802614664435,0.924651888001206,0.9041578658473903,0.9721917593608022,0.014631299566601474,0.015611359606443553
C1_b1_s4_lik0,C1,1.0,4,lead_dropout_s3,lead_dropout,3,True,0.9024401751483753,0.9529630676749724,0.9793499511241447,0.979800983190612,0.9952494472084024,0.8968506026571703,0.9956726782752903,0.970682044192195,0.898204326198372,0.8978503695859203,0.9630072066426446,0.02006060253029196,0.022570985513134967
C1_b1_s4_lik0,C1,1.0,4,limb_reversal_s1,limb_reversal,1,True,0.8908588842286713,0.9657340649847129,0.9763016411997737,0.9797662940057089,0.9978492951907131,0.9641273455691001,0.9915699281370923,0.9820454049334205,0.9384538928248417,0.89001254904699,0.9714802339547757,0.031641893449995906,0.00979998820339445
C1_b1_s4_lik0,C1,1.0,4,limb_reversal_s2,limb_reversal,2,True,0.8722188414542725,0.9563063435024213,0.97097352986572,0.9707768395179194,0.9968819098949696,0.9469892822900973,0.9803758982863461,0.9774855077736546,0.9259567191739524,0.8696276210924847,0.967689783626647,0.0502819362243947,0.0192277096856861
C1_b1_s4_lik0,C1,1.0,4,limb_reversal_s3,limb_reversal,3,True,0.8408345563590146,0.9412764293081239,0.970655193702732,0.9546810577228038,0.9963377556661139,0.911133748801534,0.9640944582642345,0.9641362875645783,0.9004347867048538,0.852033740837935,0.9579808345083294,0.08166622131965262,0.034257623879983434
C1_b1_s4_lik0,C1,1.0,4,baseline_step_s1,baseline_step,1,True,0.9214987662754801,0.9755295716004149,0.9817519421721458,0.984573223913733,0.998047954671089,0.975482810573894,0.9983934494195689,0.9858473404642363,0.9497828421766656,0.9302024721816529,0.9756841088307484,0.0010020114031871197,4.481587692506395e-06
C1_b1_s4_lik0,C1,1.0,4,baseline_step_s2,baseline_step,2,True,0.921603748120031,0.9754097638448292,0.9818741318104646,0.9845781795115763,0.998004767827529,0.9755042117518149,0.9984020867882808,0.9860444104877635,0.9494954966837504,0.9298533487723463,0.9749312409699374,0.000897029558636242,0.0001242893432781278
C1_b1_s4_lik0,C1,1.0,4,baseline_step_s3,baseline_step,3,True,0.9200063543902306,0.9753117177427539,0.9807808560991922,0.9841173089121471,0.998004767827529,0.9779910286262156,0.9984366362631288,0.9852864488588129,0.9475688687066626,0.9305903870808822,0.9750291573102163,0.0024944232884366313,0.00022233544535343874
C1_b1_s4_lik0,C1,1.0,4,seen_baseline_wander_s1,seen_baseline_wander,1,False,0.9224751871997742,0.9755463846405343,0.982047769717549,0.9844889787503964,0.998082504145937,0.9763260169839747,0.9984625483692648,0.9858321812316574,0.9498393691588786,0.929360696850325,0.9754773965568263,2.55904788930561e-05,-1.233145242696132e-05
C1_b1_s4_lik0,C1,1.0,4,seen_baseline_wander_s2,seen_baseline_wander,2,False,0.9221383326377433,0.9755734877413911,0.9820156145495703,0.9846178242943229,0.998030679933665,0.9767540405423913,0.9985316473189607,0.9857927672269519,0.9496674329213145,0.9293044491899367,0.9754469336954062,0.00036244504092397545,-3.943455328370149e-05
C1_b1_s4_lik0,C1,1.0,4,seen_baseline_wander_s3,seen_baseline_wander,3,False,0.9220626048345795,0.9756902119036704,0.9820509852343468,0.9846227798921662,0.9980220425649531,0.9765571497055197,0.9986093836373687,0.9861474932693007,0.9499571337051553,0.9298611070703309,0.9753838320538931,0.0004381728440877586,-0.0001561587155630706
C1_b1_s4_lik0,C1,1.0,4,seen_emg_bursts_s1,seen_emg_bursts,1,False,0.9228498953505574,0.9755911656387057,0.98252688172043,0.9844295115762765,0.998056592039801,0.9760178400219148,0.9984711857379768,0.9858443086177205,0.9498794091046125,0.9294150049362171,0.9756797569934026,-0.0003491176718901645,-5.711245059836223e-05
C1_b1_s4_lik0,C1,1.0,4,seen_emg_bursts_s2,seen_emg_bursts,2,False,0.9230956233272657,0.9757112798700412,0.9830413644080876,0.9835523707580083,0.997987493090105,0.9764929461717573,0.9984625483692647,0.9858564360037838,0.9502232815797408,0.9303033300554523,0.9754817483941721,-0.0005948456485984632,-0.00017722668193387303
C1_b1_s4_lik0,C1,1.0,4,seen_emg_bursts_s3,seen_emg_bursts,3,False,0.9213660260690512,0.9756276580091766,0.9823821834645264,0.9830915001585792,0.9979443062465451,0.9756197781125874,0.9984539110005528,0.9859868054039632,0.9509369347301778,0.9308018007009623,0.9754317022646962,0.0011347516096160692,-9.360482106923751e-05
C1_b1_s4_lik0,C1,1.0,4,seen_lead_scaling_s1,seen_lead_scaling,1,False,0.9221558596451535,0.9751614228501276,0.9821667438390698,0.9841718204884238,0.998151603095633,0.9760777633200932,0.9984711857379768,0.9855653787382668,0.9478891882725354,0.9288777428007843,0.9750813793583651,0.0003449180335137747,0.0003726303379797402
C1_b1_s4_lik0,C1,1.0,4,seen_lead_scaling_s2,seen_lead_scaling,2,False,0.9220972136755663,0.9750839544694053,0.9826844420435252,0.9844443783698065,0.9979270315091211,0.974815093822764,0.9984970978441128,0.9861869072740062,0.946417131444076,0.9293800925952864,0.975403415321949,0.0004035640031009313,0.0004500987187020522
C1_b1_s4_lik0,C1,1.0,4,seen_lead_scaling_s3,seen_lead_scaling,3,False,0.9192088927827609,0.973471126041465,0.9832310798991614,0.9850142721217887,0.9983157131011609,0.9752088754965074,0.9987562189054727,0.9849074680443377,0.9368263867952971,0.9258461878633066,0.9731339321461522,0.003291884895906372,0.002062927146642357
S0_b0.01_s0_lik0,S0,0.01,0,clean,clean,0,False,0.6841903227992879,0.8044430890258804,0.6718340021608273,0.6054699888994609,0.8996251381978994,0.7929008012601014,0.9192146904367055,0.9344029687841082,0.82913777509798,0.7367357349144744,0.8506667014813656,,
S0_b0.01_s0_lik0,S0,0.01,0,lead_dropout_s1,lead_dropout,1,True,0.6647869629204519,0.7875766099682466,0.6685863301949889,0.6088447510307644,0.8670363460475401,0.7847769141213533,0.9069928137092316,0.9034751024764122,0.8069368028338862,0.7119518520027075,0.8295885772973349,0.019403359878836013,0.01686647905763372
S0_b0.01_s0_lik0,S0,0.01,0,lead_dropout_s2,lead_dropout,2,True,0.6690685105244432,0.7666596011525867,0.649257858723054,0.6135327465905487,0.785249101713654,0.7693124229557594,0.9095667495854064,0.8700944723374324,0.7839797821826952,0.7141144775659115,0.8048287987188192,0.01512181227484477,0.037783487873293664
S0_b0.01_s0_lik0,S0,0.01,0,lead_dropout_s3,lead_dropout,3,True,0.6416157035336979,0.7527800821027131,0.6186815094922057,0.5819606327307326,0.8714673161967939,0.7429290508149569,0.8694548092868988,0.8548442843629483,0.7558528979499548,0.6999614024675267,0.7798688356223998,0.04257461926559003,0.051663006923167276
S0_b0.01_s0_lik0,S0,0.01,0,limb_reversal_s1,limb_reversal,1,True,0.660039746731577,0.7848568815783942,0.6743581828471472,0.6012379083412623,0.8336788280818132,0.7646940487604437,0.9279384328358209,0.915650998083873,0.8222721020500452,0.7152491286461575,0.8086323045589848,0.024150576067710983,0.01958620744748618
S0_b0.01_s0_lik0,S0,0.01,0,limb_reversal_s2,limb_reversal,2,True,0.6404312233605417,0.7647426214312733,0.6687020887997118,0.629286592134475,0.7300304035378662,0.7338720723188604,0.9573486733001658,0.8856993863542653,0.8199544957793186,0.7010010143974615,0.7567888662593346,0.04375909943874623,0.0397004675946071
S0_b0.01_s0_lik0,S0,0.01,0,limb_reversal_s3,limb_reversal,3,True,0.6221773452801229,0.7067054007621226,0.6692165714873695,0.6125416270218839,0.45302998894416807,0.6296397753732366,0.9703479132117192,0.8534435712726479,0.8257414455833585,0.6775864710799746,0.6688012428847459,0.06201297751916501,0.09773768826375773
S0_b0.01_s0_lik0,S0,0.01,0,baseline_step_s1,baseline_step,1,True,0.6809187746407089,0.8040967871744308,0.6651167875700983,0.6140283063748811,0.8942181453841902,0.7937140460210931,0.9207089552238806,0.9337602173227583,0.8264810069339765,0.7358280140502776,0.8530156056887219,0.0032715481585789963,0.0003463018514495708
S0_b0.01_s0_lik0,S0,0.01,0,baseline_step_s2,baseline_step,2,True,0.6713780975294907,0.8010069567094497,0.6733838812573957,0.5941811370123691,0.896446586511885,0.7907906451171072,0.9207348673300165,0.9344514783283611,0.8198296653602652,0.7323833297451205,0.8468610197225267,0.012812225269797195,0.0034361323164306956
S0_b0.01_s0_lik0,S0,0.01,0,baseline_step_s3,baseline_step,3,True,0.6756865330427341,0.7965082296878254,0.660811210577764,0.5992209800190295,0.8938381011608623,0.7778771743596766,0.923827045328911,0.9310376191515681,0.7990465782333434,0.7328992565610956,0.8500161017981792,0.008503789756553859,0.007934859338054934
S0_b0.01_s0_lik0,S0,0.01,0,seen_baseline_wander_s1,seen_baseline_wander,1,False,0.6845308953178308,0.8048562236063095,0.6712905798219889,0.6038643751982239,0.9011107656163626,0.7946171757293522,0.919931592039801,0.9350851342501637,0.8287573956135061,0.7389371519676013,0.8501118422197853,-0.00034057251854291426,-0.00041313458042913087
S0_b0.01_s0_lik0,S0,0.01,0,seen_baseline_wander_s2,seen_baseline_wander,2,False,0.6799244528334236,0.80291332485818,0.6642196583834955,0.5985123295274343,0.8952459922609177,0.7999803109163127,0.921935461580984,0.9333418225035776,0.8255907069641243,0.7389507289890744,0.8484429125976988,0.004265869965864311,0.0015297641677003426
S0_b0.01_s0_lik0,S0,0.01,0,seen_baseline_wander_s3,seen_baseline_wander,3,False,0.6700897944920564,0.7991515178521242,0.6506598240469208,0.5840072946400254,0.8979235765616362,0.7989915764963704,0.9193615257048092,0.9311497974726528,0.8248558561953573,0.7328740420926457,0.852540167458701,0.014100528307231519,0.0052915711737561155
S0_b0.01_s0_lik0,S0,0.01,0,seen_emg_bursts_s1,seen_emg_bursts,1,False,0.6829141174681331,0.8044263961271302,0.670168364459536,0.6043450681890263,0.9005320619126589,0.7915867689357622,0.9197847567716972,0.9359431468141356,0.8285819264395539,0.7375542353518485,0.8513412362699532,0.0012762053311548005,1.6692898750170215e-05
S0_b0.01_s0_lik0,S0,0.01,0,seen_emg_bursts_s2,seen_emg_bursts,2,False,0.6781195524535903,0.8043986749396433,0.6633611153984669,0.6041617110688233,0.9006788971807628,0.7932817422270921,0.9190333056937535,0.9378804967377331,0.8291801703346396,0.7397925043204021,0.8522181314951172,0.006070770345697585,4.441408623701015e-05
S0_b0.01_s0_lik0,S0,0.01,0,seen_emg_bursts_s3,seen_emg_bursts,3,False,0.6700840762279652,0.8031384631164639,0.6520617893707876,0.6022488503013004,0.9069755389718076,0.7921431995617039,0.9229978579325594,0.9419340755293605,0.8259369347301778,0.7328449484752035,0.8511029731752746,0.014106246571322756,0.0013046259094164903
S0_b0.01_s0_lik0,S0,0.01,0,seen_lead_scaling_s1,seen_lead_scaling,1,False,0.6838955239718977,0.7994202586882647,0.6640974687451767,0.5953011021249603,0.8907372857932561,0.7910431790165731,0.9068718905472637,0.9316924979989814,0.8321125075369311,0.7358086183053162,0.8471177781259246,0.0002947988273902524,0.005022830337615636
S0_b0.01_s0_lik0,S0,0.01,0,seen_lead_scaling_s2,seen_lead_scaling,2,False,0.6750875250852866,0.7975583211607149,0.659367443535525,0.6090776641294006,0.876736111111111,0.798443706341597,0.8994005666113877,0.9292094157025395,0.8273665963219778,0.733709998700485,0.8447133879924105,0.009102797714001354,0.006884767865165453
S0_b0.01_s0_lik0,S0,0.01,0,seen_lead_scaling_s3,seen_lead_scaling,3,False,0.6751013587278832,0.793261609646378,0.6706121057776405,0.5831995321915635,0.8865049751243781,0.7822301739487741,0.9060858899944721,0.9248617477988793,0.8106357872324389,0.7332677757153636,0.8419564990338921,0.009088964071404693,0.011181479379502313
S0_b0.01_s1_lik0,S0,0.01,1,clean,clean,0,False,0.6888561994359682,0.8113410797929965,0.8222269383135259,0.6945567713288932,0.961054104477612,0.7274645596493631,0.7664800995024875,0.8930819326202432,0.8250984511606874,0.7784928342420241,0.8336140268421328,,
S0_b0.01_s1_lik0,S0,0.01,1,lead_dropout_s1,lead_dropout,1,True,0.6766619966806852,0.7969561152239424,0.8144035859443329,0.6612551538217569,0.9586788280818132,0.7268054033694015,0.7817164179104478,0.8629211234810449,0.8119135325595418,0.753454867071262,0.8014561247758805,0.012194202755283046,0.014384964569054137
S0_b0.01_s1_lik0,S0,0.01,1,lead_dropout_s2,lead_dropout,2,True,0.6561936449933408,0.7831017845134043,0.8207670936872975,0.6502685934031083,0.9351074488667772,0.698885426653883,0.796866362631288,0.8335789129011133,0.7912929605064817,0.7432779196899785,0.777871342280711,0.032662554442627445,0.028239295279592236
S0_b0.01_s1_lik0,S0,0.01,1,lead_dropout_s3,lead_dropout,3,True,0.6633780600200552,0.7631809031641361,0.767537428615527,0.6703684982556295,0.9463101160862355,0.6522308587864676,0.790854754007739,0.8101366756409324,0.7592350957190233,0.7071649821462167,0.7647897192194544,0.025478139415913037,0.04816017662886041
S0_b0.01_s1_lik0,S0,0.01,1,limb_reversal_s1,limb_reversal,1,True,0.6635934347950299,0.7794707407031329,0.7607719812728303,0.6306741595306057,0.9068114289662798,0.6982262703739214,0.783288419016031,0.8801814256955056,0.8176486659632198,0.7488289818979512,0.7888053336118509,0.02526276464093835,0.031870339089863586
S0_b0.01_s1_lik0,S0,0.01,1,limb_reversal_s2,limb_reversal,2,True,0.6365366635371812,0.7484853918863764,0.705773781962237,0.5562509911195687,0.841642482034273,0.6593317696206,0.8209818960751797,0.8580519779766668,0.8165887850467288,0.7162732239801233,0.7614736191620102,0.05231953589878702,0.0628556879066201
S0_b0.01_s1_lik0,S0,0.01,1,limb_reversal_s3,limb_reversal,3,True,0.5782724037610338,0.6770906321434192,0.586802875958224,0.3727997145575642,0.6503679519071309,0.5833961101219011,0.8501502902155887,0.8298467098401611,0.8257602879107627,0.667937087961643,0.7267546608177974,0.11058379567493437,0.13425044764957728
S0_b0.01_s1_lik0,S0,0.01,1,baseline_step_s1,baseline_step,1,True,0.6844582333444518,0.8094606614565124,0.8115224828934505,0.6943932366000636,0.9564072001105584,0.7265485892343515,0.7647439883913765,0.8893133474011012,0.8273006481760626,0.7786673959466772,0.8362490643549706,0.0043979660915164365,0.0018804183364841132
S0_b0.01_s1_lik0,S0,0.01,1,baseline_step_s2,baseline_step,2,True,0.6763488895837396,0.7997176253967071,0.781663193908525,0.6757205439264193,0.9600608070757324,0.7224181618956308,0.7473224156992814,0.8939914865749835,0.8277222452517334,0.7719157371255895,0.8166440371124689,0.012507309852228587,0.011623454396289423
S0_b0.01_s1_lik0,S0,0.01,1,baseline_step_s3,baseline_step,3,True,0.6687172191984662,0.7906183459311142,0.7691258939136699,0.6814442594354582,0.9472343145384191,0.7128646760717711,0.7489030541735765,0.8952284799534309,0.7911987488694604,0.7711340886036421,0.7984315978205999,0.020138980237502047,0.02072273386188228
S0_b0.01_s1_lik0,S0,0.01,1,seen_baseline_wander_s1,seen_baseline_wander,1,False,0.6861918672627315,0.8089589357877663,0.8148794824304161,0.6918857040913416,0.9611145660585959,0.7251575126694974,0.7628351299060254,0.8915114361250577,0.8263962164606574,0.7759170793111406,0.8309332950371646,0.0026643321732366942,0.00238214400523018
S0_b0.01_s1_lik0,S0,0.01,1,seen_baseline_wander_s2,seen_baseline_wander,2,False,0.6835274242026217,0.8068960950850228,0.8083198281627823,0.6930601807802094,0.9599485212824764,0.7224994863717298,0.7560547954671089,0.8921178054282181,0.8244342591196864,0.7755039499434614,0.8301260292095323,0.005328775233346517,0.00444498470797372
S0_b0.01_s1_lik0,S0,0.01,1,seen_baseline_wander_s3,seen_baseline_wander,3,False,0.6748456679847818,0.8019689657962058,0.7997183207285076,0.6846901760228353,0.9590243228302929,0.724404191206684,0.7424768518518519,0.8924027990007034,0.8166099826650589,0.7716015260572134,0.826792521802705,0.014010531451186359,0.00937211399679072
S0_b0.01_s1_lik0,S0,0.01,1,seen_emg_bursts_s1,seen_emg_bursts,1,False,0.689002392225686,0.811141180349052,0.8200532489581727,0.693223715509039,0.960838170259812,0.7290610875222572,0.7668946932006633,0.8921845060515655,0.824234059391016,0.7791096189317988,0.8346715233171444,-0.0001461927897178361,0.00019989944394449566
S0_b0.01_s1_lik0,S0,0.01,1,seen_emg_bursts_s2,seen_emg_bursts,2,False,0.6883698377074144,0.8109680636183227,0.813876241189484,0.6928570012686331,0.9600521697070205,0.7296346390905356,0.767464759535655,0.8947858303621238,0.8244059956285802,0.7814235313057022,0.8342124044771702,0.0004863617285537636,0.00037301617467377923
S0_b0.01_s1_lik0,S0,0.01,1,seen_emg_bursts_s3,seen_emg_bursts,3,False,0.686618359890369,0.8108150571412541,0.8062361732777693,0.6965390104662227,0.9603199281370923,0.7310128749486372,0.7673783858485351,0.8935700599092872,0.8277717063611696,0.779613908300797,0.8348934670217765,0.002237839545599196,0.0005260226517423972
S0_b0.01_s1_lik0,S0,0.01,1,seen_lead_scaling_s1,seen_lead_scaling,1,False,0.6898467577744931,0.809699807795783,0.8226546020476411,0.6863304789089756,0.9555002763957988,0.7300669428845363,0.767456122166943,0.8888494748841835,0.8275126243593609,0.7779400555106221,0.8309876930039863,-0.000990558338524905,0.0016412719972135337
S0_b0.01_s1_lik0,S0,0.01,1,seen_lead_scaling_s2,seen_lead_scaling,2,False,0.6831005335676482,0.8067956072323419,0.8242334207953903,0.6943337694259436,0.9587738391376451,0.7311798041364197,0.7408184770591488,0.8864664435227632,0.8352191362677117,0.765501564266831,0.8246340104792244,0.005755665868319992,0.004545472560654629
S0_b0.01_s1_lik0,S0,0.01,1,seen_lead_scaling_s3,seen_lead_scaling,3,False,0.6688594047512397,0.7971824900799773,0.8123681638112878,0.6630738582302569,0.9495836788280818,0.7106432338035885,0.7557265754560532,0.8874912076451041,0.8289116671691287,0.7584880628887636,0.8083559628875311,0.01999679468472848,0.014158589713019198
S0_b0.01_s2_lik0,S0,0.01,2,clean,clean,0,False,0.683362329314589,0.8134447996426721,0.7501446982559036,0.5979622581668254,0.8643846738529576,0.784464456923709,0.951034756771697,0.9125858012563971,0.8549046578233345,0.8032476235363486,0.8022742701968772,,
S0_b0.01_s2_lik0,S0,0.01,2,lead_dropout_s1,lead_dropout,1,True,0.6657345986544564,0.7940247618880034,0.7517556721716314,0.6010842848081192,0.8491138059701492,0.7501241268319407,0.9143000276395797,0.8925786460986198,0.8422732325896894,0.7768480750692913,0.7681449858130102,0.017627730660132568,0.019420037754668718
S0_b0.01_s2_lik0,S0,0.01,2,lead_dropout_s2,lead_dropout,2,True,0.6494582639490682,0.7650471970846539,0.7051210320522714,0.5987254202346971,0.7779418877833058,0.6743254348719353,0.9298645660585959,0.8779014771156226,0.8218387285197468,0.7582902262901565,0.7414160008355527,0.03390406536552071,0.04839760255801828
S0_b0.01_s2_lik0,S0,0.01,2,lead_dropout_s3,lead_dropout,3,True,0.6558104904969618,0.753957512569281,0.7207066419714977,0.6145684665398033,0.8348707849640685,0.6426773729626079,0.8594440989496959,0.8700641538722743,0.7956243405185408,0.7234942598292786,0.7241674935157624,0.027551838817627128,0.059487287073391126
S0_b0.01_s2_lik0,S0,0.01,2,limb_reversal_s1,limb_reversal,1,True,0.6568463241438414,0.7845111991361396,0.7319191490456346,0.5821786790358389,0.8455811221669431,0.7463403985755377,0.9253644969596463,0.8676568677387275,0.847433675007537,0.7646442723395341,0.7494821313558585,0.026516005170747592,0.028933600506532486
S0_b0.01_s2_lik0,S0,0.01,2,limb_reversal_s2,limb_reversal,2,True,0.6308828231170298,0.7590072245519289,0.7247935638215774,0.5320379400570885,0.8617157269209507,0.6866225517052459,0.9146887092316197,0.8098395546823837,0.8679294166415437,0.7373350634337839,0.6961024944731666,0.052479506197559145,0.05443757509074321
S0_b0.01_s2_lik0,S0,0.01,2,limb_reversal_s3,limb_reversal,3,True,0.5824330888292456,0.7007506394879908,0.7247710552039923,0.46321459720900726,0.8351212686567165,0.5560026023832353,0.8757428137092316,0.6783332120594727,0.8948056413928249,0.6732825552730242,0.6054820095044127,0.10092924048534335,0.11269416015468137
S0_b0.01_s2_lik0,S0,0.01,2,baseline_step_s1,baseline_step,1,True,0.6808033755208821,0.8120537099246181,0.7391637083912127,0.6097119806533461,0.8563173714759537,0.7810659498698809,0.9506978993919293,0.9104847316209463,0.8564049781429003,0.8027258779968851,0.8019108917785089,0.002558953793706853,0.0013910897180540172
S0_b0.01_s2_lik0,S0,0.01,2,baseline_step_s2,baseline_step,2,True,0.6868672582947758,0.8058643773001397,0.735189329629058,0.588392998731367,0.8427739773355445,0.7774662717435967,0.9477007324488668,0.9108909990540639,0.8546856157672597,0.8072179325299615,0.7884615384615383,-0.003504928980186839,0.007580422342532422
S0_b0.01_s2_lik0,S0,0.01,2,baseline_step_s3,baseline_step,3,True,0.6808012338095516,0.7968121784626709,0.7205394350980089,0.5836554471931493,0.808803206191266,0.7713498150938227,0.9503955914870094,0.9060006306240752,0.845857985378354,0.8034047290705365,0.7813027660278169,0.0025610955050373585,0.016632621180001195
S0_b0.01_s2_lik0,S0,0.01,2,seen_baseline_wander_s1,seen_baseline_wander,1,False,0.6820309399292402,0.8134321490907483,0.7471221124659155,0.5987749762131304,0.8644019485903814,0.7843574510341048,0.950991569928137,0.9111699289335176,0.8556654167922821,0.8054897716538947,0.8029161662053719,0.0013313893853487135,1.265055192378739e-05
S0_b0.01_s2_lik0,S0,0.01,2,seen_baseline_wander_s2,seen_baseline_wander,2,False,0.68412076289314,0.8117267244125976,0.7479292071821783,0.5998850301300349,0.8582175925925926,0.7869726749760306,0.9494627556661138,0.9101936743554294,0.8560446186312933,0.8032708984303023,0.7935640677494038,-0.0007584335785510987,0.0017180752300745006
S0_b0.01_s2_lik0,S0,0.01,2,seen_baseline_wander_s3,seen_baseline_wander,3,False,0.68073829666163,0.8141202256925415,0.7515338015125792,0.6137458372978116,0.859513197899392,0.7878415627996165,0.9524426478717523,0.907995585631473,0.8574365955682844,0.8074758959379491,0.7890969067140148,0.002624032652958963,-0.0006754260498693654
S0_b0.01_s2_lik0,S0,0.01,2,seen_emg_bursts_s1,seen_emg_bursts,1,False,0.6818789215854789,0.8131060562077371,0.7453407161599013,0.5984726847446875,0.8649979270315092,0.7842376044377483,0.9511815920398009,0.912773775740377,0.8546785498944831,0.8034338226879787,0.8028378331331488,0.0014834077291100423,0.00033874343493500714
S0_b0.01_s2_lik0,S0,0.01,2,seen_emg_bursts_s2,seen_emg_bursts,2,False,0.6779041912764056,0.8132581276671331,0.7337809332715954,0.6029897121788772,0.8689020176893312,0.7855387960553348,0.9518898562741847,0.9128404763637246,0.8549988694603557,0.8045393801507824,0.803843107560012,0.005458138038183402,0.00018667197553901005
S0_b0.01_s2_lik0,S0,0.01,2,seen_emg_bursts_s3,seen_emg_bursts,3,False,0.6746548461008336,0.8117141825188111,0.7172981941657663,0.6035719949254679,0.8664317302377004,0.7858469730173949,0.9538850884466555,0.912925368066167,0.855286214953271,0.8063063325167724,0.8038757463401047,0.008707483213755363,0.0017306171238610224
S0_b0.01_s2_lik0,S0,0.01,2,seen_lead_scaling_s1,seen_lead_scaling,1,False,0.682016893409201,0.8134324485813482,0.752135103153779,0.6006085474151601,0.8656975538971807,0.7814939734282975,0.95299543946932,0.9124614955492494,0.8558090895387397,0.7986372549590071,0.8010535798214005,0.0013454359053879372,1.235106132391195e-05
S0_b0.01_s2_lik0,S0,0.01,2,seen_lead_scaling_s2,seen_lead_scaling,2,False,0.6781303863250164,0.8103700693983975,0.7556914647322117,0.5916636933079606,0.8556954809286897,0.7764818175592385,0.9527622305140963,0.9112123747847389,0.8574978331323486,0.7975627306881417,0.7947629989381518,0.0052319429895725245,0.003074730244274626
S0_b0.01_s2_lik0,S0,0.01,2,seen_lead_scaling_s3,seen_lead_scaling,3,False,0.6652007436009532,0.7983636286385315,0.7375141482739106,0.6006977481763399,0.8329187396351576,0.7745642720175318,0.9265910033167495,0.8935852191418662,0.8451137134458848,0.7896841790847925,0.7846036346545511,0.018161585713635797,0.015081171004140637
S0_b0.01_s3_lik0,S0,0.01,3,clean,clean,0,False,0.6643739622102243,0.7928521951016275,0.7373147862324433,0.646269425943546,0.8950559701492538,0.6455237296260787,0.9550597705914871,0.7973059011860584,0.8762553700633102,0.7187752750801529,0.8641095270423174,,
S0_b0.01_s3_lik0,S0,0.01,3,lead_dropout_s1,lead_dropout,1,True,0.635888969343663,0.7748164034813763,0.737803544785718,0.5880213288931176,0.8878437672747375,0.6220637583892618,0.9346323935876174,0.7802335734555773,0.8705838295146217,0.6999342484245806,0.8522311870071544,0.028484992866561254,0.018035791620251262
S0_b0.01_s3_lik0,S0,0.01,3,lead_dropout_s2,lead_dropout,2,True,0.6402817077534407,0.7668618711342584,0.6916448011524412,0.6206638518870917,0.8717696241017135,0.6121935351321737,0.9362907683803205,0.7851421329646608,0.8545631406391319,0.6893907214635253,0.8400982644872667,0.024092254456783535,0.02599032396736911
S0_b0.01_s3_lik0,S0,0.01,3,lead_dropout_s3,lead_dropout,3,True,0.6185110950268067,0.7548475184564378,0.683303750578793,0.5703447113859815,0.8525255666113875,0.630731235447199,0.9174008430071863,0.7903811637439666,0.8529733192643956,0.6688351109533591,0.8271319651156718,0.04586286718341759,0.038004676645189694
S0_b0.01_s3_lik0,S0,0.01,3,limb_reversal_s1,limb_reversal,1,True,0.6392613476453737,0.7731183996484601,0.6860015691721973,0.641328694893752,0.8873600746268656,0.6278634776058074,0.9584715312327252,0.7676029008707463,0.8694721321977691,0.7066742697986915,0.8132909464375859,0.02511261456485059,0.019733795453167446
S0_b0.01_s3_lik0,S0,0.01,3,limb_reversal_s2,limb_reversal,2,True,0.6307974033188413,0.7564277109879368,0.6499009620826259,0.6344651918807485,0.8909013957987838,0.618446959320641,0.9596894002211167,0.7446457590530937,0.8612168375037683,0.6839890064917558,0.7645938865388968,0.033576558891383,0.0364244841136907
S0_b0.01_s3_lik0,S0,0.01,3,limb_reversal_s3,limb_reversal,3,True,0.5943653137061696,0.7146068152450754,0.549936975870762,0.5749385505867427,0.8410896904367053,0.5900347555129434,0.9567267827529022,0.7248265783792962,0.8610307695206513,0.6600527176348052,0.6728245165108709,0.07000864850405464,0.07824537985655211
S0_b0.01_s3_lik0,S0,0.01,3,baseline_step_s1,baseline_step,1,True,0.6603022847248476,0.7927514789224068,0.7331571230128107,0.6422306137012368,0.8951077943615258,0.6410680043829613,0.9553793532338308,0.8014868175313493,0.878556489297558,0.7225361100281821,0.8652410047522063,0.0040716774853766236,0.00010071617922069453
S0_b0.01_s3_lik0,S0,0.01,3,baseline_step_s2,baseline_step,2,True,0.6539364719490307,0.7885480489464413,0.7180216854452848,0.6401244846178242,0.894364980652294,0.630114881523079,0.954878385848535,0.803969899827791,0.8684475806451613,0.7275770641436682,0.8594334778143331,0.01043749026119356,0.004304146155186261
S0_b0.01_s3_lik0,S0,0.01,3,baseline_step_s3,baseline_step,3,True,0.642629945291713,0.7763315262650545,0.7166904614909708,0.6502933713923247,0.8822208402432284,0.6133748801534037,0.9165889303482587,0.8006257731208615,0.852535235152246,0.7209553568138222,0.8336988876703744,0.021744016918511244,0.016520668836572994
S0_b0.01_s3_lik0,S0,0.01,3,seen_baseline_wander_s1,seen_baseline_wander,1,False,0.6660176111912683,0.792490420771334,0.7389804239337348,0.6447232794164288,0.8948918601437258,0.6432594850020545,0.9554657269209508,0.7967025637294138,0.8761258290624058,0.7182399525192162,0.8640246662140755,-0.0016436489810440769,0.00036177433029349615
S0_b0.01_s3_lik0,S0,0.01,3,seen_baseline_wander_s2,seen_baseline_wander,2,False,0.6620581060501841,0.7910750269994011,0.7389450532489582,0.6438164050111004,0.8942699695964621,0.6388465621147787,0.954852473742399,0.7940496980280871,0.8765568473017787,0.7183912393299159,0.859946994621129,0.002315856160040153,0.0017771681022263897
S0_b0.01_s3_lik0,S0,0.01,3,seen_baseline_wander_s3,seen_baseline_wander,3,False,0.6596422999669833,0.7875373278092864,0.734636260739826,0.6365316761814145,0.8887506909894969,0.6285440350636899,0.9535395936981758,0.7930219020592303,0.8775342930358758,0.7203133576555975,0.8549641408602713,0.004731662243240953,0.005314867292341097
S0_b0.01_s3_lik0,S0,0.01,3,seen_emg_bursts_s1,seen_emg_bursts,1,False,0.6664924053778432,0.7932954805012137,0.7380640016463446,0.6479345068189026,0.8951768933112217,0.6470774551431311,0.9564676616915424,0.7973756336559218,0.8762035536629484,0.7176134699569608,0.863746148623949,-0.0021184431676188886,-0.0004432853995861574
S0_b0.01_s3_lik0,S0,0.01,3,seen_emg_bursts_s2,seen_emg_bursts,2,False,0.667234875791136,0.7925636881082929,0.7394338118022328,0.6483854662226451,0.8949609590934218,0.6446034789754829,0.9573573106688779,0.7971421814742051,0.8761752901718419,0.7106310017708315,0.8643836927950981,-0.0028609135809117836,0.00028850699333460295
S0_b0.01_s3_lik0,S0,0.01,3,seen_emg_bursts_s3,seen_emg_bursts,3,False,0.6686034490607634,0.793534989672445,0.7429708802798786,0.6502884157944814,0.8956864980652295,0.6459988357759212,0.9582901464897733,0.7985459264110213,0.8775931753090142,0.7092345081336057,0.8632065207930788,-0.004229486850539144,-0.0006827945708174354
S0_b0.01_s3_lik0,S0,0.01,3,seen_lead_scaling_s1,seen_lead_scaling,1,False,0.6614374475261626,0.7926963003236733,0.7374273293203684,0.6432613780526482,0.9103268380320619,0.6432851664155594,0.9551979684908789,0.7886924252346649,0.877781598583057,0.7183078376265815,0.8599861611572406,0.002936514684061642,0.00015589477795419082
S0_b0.01_s3_lik0,S0,0.01,3,seen_lead_scaling_s2,seen_lead_scaling,2,False,0.6573571863404981,0.7912743489287546,0.7423277769203066,0.6327406438312717,0.8977508291873963,0.6385555060950555,0.9557853095632947,0.8065378738266754,0.8792277472113356,0.7091404387705426,0.8594030149529132,0.007016775869726155,0.001577846172872932
S0_b0.01_s3_lik0,S0,0.01,3,seen_lead_scaling_s3,seen_lead_scaling,3,False,0.6367948638400673,0.7830767074913109,0.7244977362761742,0.6315364335553442,0.9184200525152018,0.6295070880701273,0.9496527777777778,0.7861941837056441,0.8606138830268315,0.7009011263109098,0.8463670861837868,0.02757909837015693,0.009775487610316658
S0_b0.01_s4_lik0,S0,0.01,4,clean,clean,0,False,0.6749852795360997,0.8104566551067005,0.754813628646396,0.6086217491278147,0.8609297263681592,0.7959269278181071,0.8917305831951354,0.8926210919498411,0.8665421502864035,0.7613625122920533,0.8615615262763939,,
S0_b0.01_s4_lik0,S0,0.01,4,lead_dropout_s1,lead_dropout,1,True,0.6715283315958629,0.7860543518190029,0.7229639347635951,0.5936112432603868,0.8596773079049198,0.7521187166141625,0.8382998203427308,0.8810970433432779,0.8619987940910461,0.7311866122809976,0.8335356937699098,0.0034569479402367653,0.024402303287697658
S0_b0.01_s4_lik0,S0,0.01,4,lead_dropout_s2,lead_dropout,2,True,0.6431975245918307,0.7614907397888417,0.6975452744765138,0.5681543371392325,0.8196690160309563,0.7240489316531982,0.8175787728026533,0.8295768755002547,0.8535951160687367,0.7146498001268482,0.8285985343011819,0.031787754944269,0.048965915317858766
S0_b0.01_s4_lik0,S0,0.01,4,lead_dropout_s3,lead_dropout,3,True,0.6297873083237476,0.744098289690056,0.6723549158820805,0.5831995321915635,0.8764510779436152,0.7021854882892754,0.7271282476506358,0.8211483421863252,0.8333066400361772,0.6811882609193195,0.7999221021115115,0.04519797121235203,0.06635836541664453
S0_b0.01_s4_lik0,S0,0.01,4,limb_reversal_s1,limb_reversal,1,True,0.6584783071565748,0.7856516891380374,0.7248996758759068,0.585454329210276,0.8306384742951907,0.8017608889193261,0.9034860420121613,0.85564469184312,0.8458462089237262,0.7401164132612588,0.78301847790137,0.01650697237952481,0.024804965968663106
S0_b0.01_s4_lik0,S0,0.01,4,limb_reversal_s2,limb_reversal,2,True,0.6452586405231411,0.7532099118144623,0.6960082574471369,0.5353433238185855,0.8089759535655058,0.7742946171757293,0.9161570619126589,0.803281670668704,0.810493292131444,0.7188450997620143,0.7154899298483821,0.029726639012958578,0.05724674329223822
S0_b0.01_s4_lik0,S0,0.01,4,limb_reversal_s3,limb_reversal,3,True,0.6146244045782009,0.6924293629158188,0.6449780058651027,0.4695577624484618,0.6823348535102267,0.7464388439939734,0.9412486180210061,0.7191721846273254,0.7842506406391317,0.7015421556818865,0.5423412014552544,0.06036087495789877,0.1180272921908817
S0_b0.01_s4_lik0,S0,0.01,4,baseline_step_s1,baseline_step,1,True,0.6706133311331595,0.8092483128413217,0.7473954313937335,0.6065106644465589,0.8621389579878386,0.7938510135597864,0.888439745715865,0.8953497538140629,0.8671168412722341,0.7622721727307462,0.8601602346510697,0.004371948402940196,0.0012083422653788034
S0_b0.01_s4_lik0,S0,0.01,4,baseline_step_s2,baseline_step,2,True,0.6677654642845327,0.8037548215536578,0.7405206564799094,0.619628131937837,0.834032960199005,0.789164155595124,0.8785240464344941,0.8914871813529313,0.8619987940910462,0.761727152297329,0.8567103155952444,0.007219815251567008,0.006701833553042658
S0_b0.01_s4_lik0,S0,0.01,4,baseline_step_s3,baseline_step,3,True,0.663215775660404,0.7957290363858555,0.7144653238668519,0.5906031953694894,0.8206104892205638,0.7940778660457471,0.8824540491984522,0.8910900094593611,0.8510066513415738,0.7647005199999224,0.8525532229707383,0.011769503875695642,0.014727618720845048
S0_b0.01_s4_lik0,S0,0.01,4,seen_baseline_wander_s1,seen_baseline_wander,1,False,0.6732225324295704,0.8103415762252794,0.7537525081031022,0.6083045908658421,0.8550390409065782,0.8005453020134229,0.8896489773355445,0.8949889640786824,0.8665704137775099,0.7635658689196765,0.8606585200271555,0.0017627471065292388,0.00011507888142114897
S0_b0.01_s4_lik0,S0,0.01,4,seen_baseline_wander_s2,seen_baseline_wander,2,False,0.6627479942462472,0.8056590919464951,0.747983870967742,0.6000981208372977,0.8419361525704809,0.8060368442679086,0.8815125760088447,0.894231002449732,0.8651760815495931,0.758718872253805,0.855238306613052,0.012237285289852462,0.004797563160205409
S0_b0.01_s4_lik0,S0,0.01,4,seen_baseline_wander_s3,seen_baseline_wander,3,False,0.6667014872027502,0.804290121258275,0.7433856819468025,0.6009058832857596,0.8414351851851852,0.8046072455827968,0.8783858485351023,0.9018015231996895,0.8593278941814891,0.7618377080436095,0.8469241213640399,0.008283792333349416,0.006166533848425471
S0_b0.01_s4_lik0,S0,0.01,4,seen_emg_bursts_s1,seen_emg_bursts,1,False,0.6764044511759539,0.8108522477022169,0.7536560425991665,0.6092659768474469,0.861430693753455,0.7973351253252978,0.8912296158098397,0.8931880472482961,0.8673405939101598,0.7622644144327617,0.861959719393528,-0.0014191716398542775,-0.0003955925955163586
S0_b0.01_s4_lik0,S0,0.01,4,seen_emg_bursts_s2,seen_emg_bursts,2,False,0.677120254815431,0.8115314080408051,0.7524630858671606,0.610123295274342,0.8646265201768932,0.7990729009724695,0.8891566473189607,0.8952042251813045,0.8695875414531204,0.7627202144393563,0.8608282416836389,-0.0021349752793313748,-0.0010747529341046391
S0_b0.01_s4_lik0,S0,0.01,4,seen_emg_bursts_s3,seen_emg_bursts,3,False,0.6770279289877387,0.8119645498303468,0.7514855687606111,0.6086118379321281,0.8687983692647872,0.7991285440350636,0.8828081813156439,0.8997004535642388,0.8708829514621647,0.7654259208614813,0.8608391212770032,-0.0020426494516390115,-0.0015078947236463192
S0_b0.01_s4_lik0,S0,0.01,4,seen_lead_scaling_s1,seen_lead_scaling,1,False,0.6767178117513586,0.8095904086567409,0.7499421206976385,0.6077545195052331,0.8739462410171366,0.793277461991508,0.8802169707020453,0.8925756142521041,0.8660051439553814,0.7612364399498038,0.8613591658398174,-0.0017325322152589306,0.0008662464499595846
S0_b0.01_s4_lik0,S0,0.01,4,seen_lead_scaling_s2,seen_lead_scaling,2,False,0.6762440158231099,0.8019967003706824,0.7432281216237074,0.5876248810656518,0.8688501934770592,0.7713070127379811,0.8876710199004975,0.8910657546872348,0.8652231873681037,0.7400155553874591,0.8629845770884468,-0.0012587362870102314,0.008459954736018127
S0_b0.01_s4_lik0,S0,0.01,4,seen_lead_scaling_s3,seen_lead_scaling,3,False,0.6633757428048778,0.7991542759854815,0.7340510366826156,0.6134088566444655,0.8614738805970149,0.7580768045473223,0.8974226091763405,0.8819944699119552,0.8663395952668074,0.7418794864782562,0.8377417445645551,0.011609536731221892,0.011302379121219008
S0_b0.05_s0_lik0,S0,0.05,0,clean,clean,0,False,0.8123645335895776,0.9090223161500748,0.9507800843751607,0.8004479860450364,0.990308872305141,0.8483854951376524,0.9916908512990602,0.9597946833539499,0.8934560596924933,0.8088161419147868,0.9375206712273922,,
S0_b0.05_s0_lik0,S0,0.05,0,lead_dropout_s1,lead_dropout,1,True,0.8015569338248563,0.898211403243525,0.9429728095899573,0.805368894703457,0.98446137368712,0.8237655800575264,0.9809373272526258,0.9481887748914599,0.8685794769369913,0.806473135923441,0.9231552561491462,0.010807599764721343,0.010810912906549786
S0_b0.05_s0_lik0,S0,0.05,0,lead_dropout_s2,lead_dropout,2,True,0.7938384343825398,0.875753914699486,0.9313744405000773,0.7612690294957184,0.9631616224433388,0.7914669223394055,0.9719199143173024,0.9279239127798395,0.8479848130841121,0.7779012640206991,0.9087833133148814,0.01852609920703785,0.033268401450588736
S0_b0.05_s0_lik0,S0,0.05,0,lead_dropout_s3,lead_dropout,3,True,0.7728074505584035,0.8529621304751885,0.9262263981067037,0.7602729543292102,0.9775342039800995,0.6929787015477332,0.9654332504145937,0.912940527298746,0.8110161667169131,0.748772734237563,0.8814842376451337,0.03955708303117411,0.05606018567488624
S0_b0.05_s0_lik0,S0,0.05,0,limb_reversal_s1,limb_reversal,1,True,0.7722446856188517,0.8866019449233945,0.8879360240777898,0.7732417538851887,0.9788557213930349,0.8310591014929462,0.978631149806523,0.9457299473671444,0.8775437141995778,0.7934372557348368,0.9129828363535084,0.040119847970725875,0.02242037122668028
S0_b0.05_s0_lik0,S0,0.05,0,limb_reversal_s2,limb_reversal,2,True,0.7490474755544798,0.8652637968358793,0.8374202551834131,0.7462981684110371,0.9544897042564953,0.8078345432132584,0.9744938501934771,0.9307192752674088,0.8609977954476937,0.791142739105895,0.8839778404442356,0.0633170580350978,0.0437585193141955
S0_b0.05_s0_lik0,S0,0.05,0,limb_reversal_s3,limb_reversal,3,True,0.6878838139957003,0.818945384118126,0.7437233112105777,0.6545155407548366,0.9107241569928137,0.7817636282700999,0.9582296849087893,0.8994639695360063,0.8347103934277962,0.7582591930982182,0.8291185788639963,0.1244807195938773,0.09007693203194878
S0_b0.05_s0_lik0,S0,0.05,0,baseline_step_s1,baseline_step,1,True,0.8118856215933147,0.9083076935992646,0.9502591706539075,0.7903831668252458,0.9900670259812051,0.8540996096425147,0.9915440160309563,0.9579179703606684,0.8931710694905035,0.8091167759616895,0.93821043744669,0.0004789119962629318,0.0007146225508102289
S0_b0.05_s0_lik0,S0,0.05,0,baseline_step_s2,baseline_step,2,True,0.8119966908807605,0.9076276456801415,0.9496643000463034,0.7941890659689185,0.9902224986180209,0.8500676277222299,0.9913971807628524,0.9585122122777656,0.8933006104914079,0.8051367690955958,0.9361585461381795,0.0003678427088170677,0.0013946704699332457
S0_b0.05_s0_lik0,S0,0.05,0,baseline_step_s3,baseline_step,3,True,0.805106127711522,0.9072058499845933,0.9470243607552608,0.7843720266412941,0.990352059148701,0.8576350842350364,0.9907580154781648,0.9579300977467317,0.8911290322580645,0.8078114423257826,0.9378405312723032,0.007258405878055596,0.0018164661654814784
S0_b0.05_s0_lik0,S0,0.05,0,seen_baseline_wander_s1,seen_baseline_wander,1,False,0.8132333123667027,0.9097827165536958,0.9522527910685805,0.8012854820805583,0.990179311774461,0.8507267840021916,0.9918376865671642,0.9587668873850931,0.892261927193247,0.8125187896279313,0.9382147892840357,-0.000868778777125101,-0.0007604004036210199
S0_b0.05_s0_lik0,S0,0.05,0,seen_baseline_wander_s2,seen_baseline_wander,2,False,0.8088794213228933,0.9091451508759659,0.9533750064310336,0.7915972882968602,0.9907407407407407,0.8546774414463771,0.9912762576008844,0.9600918043124985,0.8934207303286104,0.8103484057667429,0.9367786829599456,0.0034851122666843537,-0.00012283472589114108
S0_b0.05_s0_lik0,S0,0.05,0,seen_baseline_wander_s3,seen_baseline_wander,3,False,0.8074137222848629,0.9075654528711313,0.9456352574985851,0.788777553124009,0.9906025428413487,0.8529653472127106,0.9915267412935324,0.9592065051298843,0.8975919505577329,0.8049544490929581,0.9368287290894216,0.004950811304714753,0.0014568632789434544
S0_b0.05_s0_lik0,S0,0.05,0,seen_emg_bursts_s1,seen_emg_bursts,1,False,0.8110817667398875,0.9094737063854986,0.9504746102793642,0.8046899777989217,0.9901793117744611,0.8486679906862074,0.9919845218352681,0.9595703267117806,0.892596378504673,0.809479476392469,0.9376207634863439,0.0012827668496900868,-0.00045139023542384304
S0_b0.05_s0_lik0,S0,0.05,0,seen_emg_bursts_s2,seen_emg_bursts,2,False,0.8072368131602723,0.9087049877233778,0.9495260328239956,0.8049873136695211,0.9893414870093975,0.8490532118887824,0.9925805002763959,0.9594672439302433,0.8890822844437746,0.8060115171933582,0.9382952982749316,0.005127720429305316,0.00031732842669696115
S0_b0.05_s0_lik0,S0,0.05,0,seen_emg_bursts_s3,seen_emg_bursts,3,False,0.8007028835267845,0.907600752466907,0.9416126459844626,0.8056166745956231,0.9898424543946932,0.8498193740583482,0.9927273355444997,0.9592125688229158,0.8863006858607175,0.8036219614141049,0.9396530715267986,0.011661650062793072,0.0014215636831678147
S0_b0.05_s0_lik0,S0,0.05,0,seen_lead_scaling_s1,seen_lead_scaling,1,False,0.8141776412473615,0.9072859173199562,0.9499922827596852,0.7936984617824294,0.9897474433388612,0.8511804889741131,0.9892983001658374,0.9599674986053506,0.8877868744347304,0.8081915989270275,0.9357103068915695,-0.0018131076577838634,0.0017363988301185573
S0_b0.05_s0_lik0,S0,0.05,0,seen_lead_scaling_s2,seen_lead_scaling,2,False,0.8047468353198697,0.9051972284330547,0.9476964037660133,0.7951355851569933,0.9904988944168048,0.8410063689905493,0.9874844527363185,0.9544737927187175,0.8856506255652699,0.8091730236220778,0.935655908924748,0.007617698269707929,0.0038250877170200592
S0_b0.05_s0_lik0,S0,0.05,0,seen_lead_scaling_s3,seen_lead_scaling,3,False,0.8065632515926416,0.8975035890091986,0.948185162319288,0.7760714002537267,0.9910862354892206,0.8359728119435694,0.9822242951907132,0.952460646632225,0.8655529280976786,0.7973707128130229,0.9286081083433426,0.00580128199693597,0.011518727140876206
S0_b0.05_s1_lik0,S0,0.05,1,clean,clean,0,False,0.8213090096262055,0.9158598867774495,0.955931342285332,0.8449988106565175,0.9939106550580431,0.8673126968908369,0.9803067993366501,0.9390568531858643,0.9015040887850467,0.8182347156680767,0.9414830191306771,,
S0_b0.05_s1_lik0,S0,0.05,1,lead_dropout_s1,lead_dropout,1,True,0.8099556829472703,0.9041314734620209,0.9535229202037351,0.8499444973041548,0.9919067855168602,0.8473111560060266,0.9650532061912659,0.9139349729559292,0.8891529431715405,0.7953225221450917,0.9310342576635856,0.011353326678935183,0.01172841331542851
S0_b0.05_s1_lik0,S0,0.05,1,lead_dropout_s2,lead_dropout,2,True,0.795095069507429,0.8821922507611448,0.943461568143232,0.8001456945765938,0.9848932421227197,0.8123758731680591,0.9597844112769485,0.894476582017512,0.8696158049442266,0.7636065999840954,0.9113704806169165,0.026213940118776424,0.033667636016304625
S0_b0.05_s1_lik0,S0,0.05,1,lead_dropout_s3,lead_dropout,3,True,0.7884237724369809,0.8745842092961638,0.9299628286258168,0.8111867665715191,0.98805451907131,0.7710887207231887,0.9562258153676063,0.8889373984331418,0.8648557619837203,0.7475857146459209,0.9133603582432503,0.03288523718922454,0.04127567748128569
S0_b0.05_s1_lik0,S0,0.05,1,limb_reversal_s1,limb_reversal,1,True,0.7926717660974996,0.8896478949266857,0.9296895096979987,0.8083918093878845,0.9918722360420121,0.8366662101082043,0.966892965726921,0.9013285551432244,0.8902293111245101,0.7722764979818728,0.9094839591275437,0.02863724352870589,0.026211991850763727
S0_b0.05_s1_lik0,S0,0.05,1,limb_reversal_s2,limb_reversal,2,True,0.772506575252818,0.8596489992746152,0.9028528065030611,0.7847932524579766,0.9535741431730238,0.8118451239556226,0.9625224571586513,0.8558387300201314,0.8724445093457943,0.7212055619238252,0.8717644089334516,0.04880243437338749,0.056210887502834206
S0_b0.05_s1_lik0,S0,0.05,1,limb_reversal_s3,limb_reversal,3,True,0.7340162493367244,0.8016588093801252,0.8586619591500746,0.7431761417697431,0.9288108070757325,0.7260948842624299,0.9534359452736318,0.7568731960513231,0.8690576009948748,0.594489280941547,0.7843294689017704,0.08729276028948108,0.11420107739732421
S0_b0.05_s1_lik0,S0,0.05,1,baseline_step_s1,baseline_step,1,True,0.8199842741570574,0.9165171683710592,0.9540148942738076,0.8488344433872502,0.9932023908236596,0.8696111833995342,0.978544776119403,0.9392569550559073,0.9017372625866747,0.8210121863465593,0.9424404233467369,0.0013247354691480195,-0.000657281593609782
S0_b0.05_s1_lik0,S0,0.05,1,baseline_step_s2,baseline_step,2,True,0.8144490622039701,0.9149694000556584,0.9550824458506971,0.8379123057405645,0.9927705223880597,0.8693928913847419,0.9733882669983416,0.9361280894515998,0.9034660461260174,0.826902674091358,0.9396813584695459,0.006859947422235391,0.0008904867217910395
S0_b0.05_s1_lik0,S0,0.05,1,baseline_step_s3,baseline_step,3,True,0.8103103108930245,0.9104984346027373,0.9498315069197921,0.8327089280050746,0.9904384328358209,0.8751926106012875,0.9638871614151465,0.931925950180698,0.9030962654507084,0.8094600806475075,0.9379449753686007,0.010998698733180934,0.005361452174712178
S0_b0.05_s1_lik0,S0,0.05,1,seen_baseline_wander_s1,seen_baseline_wander,1,False,0.8199955779151001,0.9163205674335201,0.9553364716777281,0.8479473913732952,0.9935651603095632,0.8670944048760445,0.9795553482587065,0.939044725799801,0.9016760250226108,0.8208996910257828,0.9417658885581492,0.0013134317111053173,-0.00046068065607063335
S0_b0.05_s1_lik0,S0,0.05,1,seen_baseline_wander_s2,seen_baseline_wander,2,False,0.8176089565617192,0.9164017348707743,0.95240392035808,0.8407023073263559,0.9929087202874516,0.8725431447746883,0.9813260088446656,0.9410093623420409,0.9036144294543261,0.8214854425236192,0.9416222779257404,0.003700053064486286,-0.0005418480933248038
S0_b0.05_s1_lik0,S0,0.05,1,seen_baseline_wander_s3,seen_baseline_wander,3,False,0.8097086243828129,0.915543958554118,0.9541885321808921,0.8374762131303519,0.9915872028745163,0.8585296534721271,0.9814210199004975,0.9411366998957045,0.9050181828459452,0.8293096860410762,0.9412284366459519,0.011600385243392575,0.0003159282233314853
S0_b0.05_s1_lik0,S0,0.05,1,seen_emg_bursts_s1,seen_emg_bursts,1,False,0.8204533116083914,0.9158897825287381,0.9556226526727376,0.84537543609261,0.9938415561083471,0.8668761128612519,0.9801686014372581,0.9387051589900313,0.9018927117877601,0.8188708961028129,0.9416549167058332,0.0008556980178140439,-2.9895751288644412e-05
S0_b0.05_s1_lik0,S0,0.05,1,seen_emg_bursts_s2,seen_emg_bursts,2,False,0.8184748574322636,0.9158081532842925,0.9550181355147399,0.8431900174437044,0.9936428966279713,0.8646846322421585,0.9796762714206744,0.9383898469523879,0.9029855667772083,0.8230506791420099,0.9416353334377773,0.0028341521939418968,5.1733493156902455e-05
S0_b0.05_s1_lik0,S0,0.05,1,seen_emg_bursts_s3,seen_emg_bursts,3,False,0.817124265919467,0.9142879982854875,0.9543235838864023,0.8367328734538535,0.9932628524046434,0.8603958361868238,0.976445895522388,0.936228140386621,0.904370477841423,0.8247400485281539,0.9420922763590788,0.004184743706738492,0.0015718884919619924
S0_b0.05_s1_lik0,S0,0.05,1,seen_lead_scaling_s1,seen_lead_scaling,1,False,0.8205613202995704,0.9138719707772248,0.9543911097391574,0.843581509673327,0.9934874239911554,0.8657375701958635,0.9767309286898839,0.936364573479832,0.8984704740729574,0.8161438543612303,0.9399402927916166,0.0007476893266350482,0.001987916000224632
S0_b0.05_s1_lik0,S0,0.05,1,seen_lead_scaling_s2,seen_lead_scaling,2,False,0.8160934333045408,0.9118857357689465,0.9529376961465246,0.8437400888043133,0.994325248756219,0.8620565675934804,0.9717558043117746,0.9341786121419389,0.8975519106119989,0.813688353049108,0.9367373405051613,0.005215576321664694,0.0039741510085029574
S0_b0.05_s1_lik0,S0,0.05,1,seen_lead_scaling_s3,seen_lead_scaling,3,False,0.8113449373903965,0.9084769973457938,0.9509440757318517,0.8335216460513797,0.9909825870646766,0.8622448979591837,0.984521835268104,0.9322897717625942,0.8867740993367499,0.8019888396883491,0.9330252232492559,0.009964072235808974,0.007382889431655659
S0_b0.05_s2_lik0,S0,0.05,2,clean,clean,0,False,0.7996126185393305,0.9135567034959696,0.9334806040026753,0.8871461703139867,0.9945584577114428,0.8471998698808383,0.9920190713101161,0.9568507603871061,0.8970243254446789,0.8085271453148608,0.9052039270980209,,
S0_b0.05_s2_lik0,S0,0.05,2,lead_dropout_s1,lead_dropout,1,True,0.7758524842723021,0.898419438081807,0.9234288984925657,0.8703714716143356,0.990127487562189,0.8107622243528284,0.986275221116639,0.9434742535593879,0.8867764546276756,0.7799843670295611,0.8945745643810817,0.023760134267028388,0.015137265414162604
S0_b0.05_s2_lik0,S0,0.05,2,lead_dropout_s2,lead_dropout,2,True,0.7642382178011625,0.8766266505629621,0.9202165972115038,0.8467084919124643,0.9667202183526811,0.7904182646212848,0.9828548231066887,0.9240946906303815,0.8605267372625869,0.746782730804516,0.8513173011645516,0.035374400738168,0.03693005293300755
S0_b0.05_s2_lik0,S0,0.05,2,lead_dropout_s3,lead_dropout,3,True,0.7542510651231082,0.8553254767980233,0.8915888511601584,0.8308109340310815,0.9848414179104478,0.7693637857827694,0.9729391238253179,0.8970475878629119,0.8170033162496232,0.7197334248812495,0.8146008494786499,0.04536155341622228,0.05823122669794634
S0_b0.05_s2_lik0,S0,0.05,2,limb_reversal_s1,limb_reversal,1,True,0.7745303788797884,0.8725722970396588,0.8664820960024696,0.819095900729464,0.9924423023770038,0.8350354403506369,0.9549733969043671,0.9206505129884304,0.8854198070545675,0.7579857130942614,0.8210655038557279,0.02508223965954215,0.04098440645631085
S0_b0.05_s2_lik0,S0,0.05,2,limb_reversal_s2,limb_reversal,2,True,0.7376789732150076,0.8294441821134376,0.7972680969285383,0.7146764985727879,0.9775946655610835,0.8318167031913436,0.9253472222222222,0.8821703170098716,0.8661370402472115,0.7195801984960539,0.7504068967918254,0.061933645324322883,0.084112521382532
S0_b0.05_s2_lik0,S0,0.05,2,limb_reversal_s3,limb_reversal,3,True,0.6618546761629952,0.7367288393073933,0.6085172608941708,0.556607794164288,0.9446603786622444,0.8011402547596219,0.8263457020453289,0.7903387178927455,0.8516496457642447,0.6587318674029291,0.5925679321809668,0.13775794237633532,0.17682786418857632
S0_b0.05_s2_lik0,S0,0.05,2,baseline_step_s1,baseline_step,1,True,0.7987099799046912,0.9137201706994527,0.932454854144158,0.8868537900412305,0.9945757324488668,0.8480773181755924,0.9914662797125484,0.9568871425452957,0.8962093947844437,0.808106257649197,0.9088507667937403,0.0009026386346393522,-0.00016346720348303645
S0_b0.05_s2_lik0,S0,0.05,2,baseline_step_s2,baseline_step,2,True,0.7976960017029808,0.9110468661674176,0.9316477594278952,0.8735975658103393,0.9938329187396351,0.8403514929461717,0.990352059148701,0.9567931553033059,0.8969206926439555,0.8101913002325549,0.9057348512541994,0.0019166168363496938,0.0025098373285520337
S0_b0.05_s2_lik0,S0,0.05,2,baseline_step_s3,baseline_step,3,True,0.7867346111125918,0.9075143567246273,0.9207568040335443,0.8676756263875675,0.994057490326147,0.8382541775099301,0.9860938363736871,0.955628926241238,0.892864881670184,0.8122744032414169,0.9000230647379324,0.012878007426738725,0.0060423467713423
S0_b0.05_s2_lik0,S0,0.05,2,seen_baseline_wander_s1,seen_baseline_wander,1,False,0.799552540037903,0.9134468867281176,0.9320207593764469,0.8862244291151284,0.9945498203427309,0.8472555129434323,0.9916908512990603,0.9569780979407698,0.8966733870967742,0.8110932023732634,0.9045359200654516,6.0078501427529574e-05,0.00010981676785204453
S0_b0.05_s2_lik0,S0,0.05,2,seen_baseline_wander_s2,seen_baseline_wander,2,False,0.7979546340048178,0.9134848942394931,0.9303744147759428,0.8869281240088803,0.9946102819237147,0.8457488700178059,0.9924595771144278,0.958230250551796,0.8990757838408199,0.8112677640779167,0.9026689818441347,0.001657984534512713,7.180925647654046e-05
S0_b0.05_s2_lik0,S0,0.05,2,seen_baseline_wander_s3,seen_baseline_wander,3,False,0.7928096274966264,0.912185846378383,0.9273743376035396,0.8845841262289882,0.9934442371475953,0.8402658882344884,0.9925200386954118,0.9578027601930679,0.9019657258064516,0.8122647053689361,0.8994507981269693,0.0068029910427040985,0.0013708571175866657
S0_b0.05_s2_lik0,S0,0.05,2,seen_emg_bursts_s1,seen_emg_bursts,1,False,0.7986160337112634,0.9131898259321893,0.931676699079076,0.8841381224230892,0.9945325456053068,0.8467590056156691,0.992200456053068,0.9566385311310001,0.8976013717214351,0.8086435197846297,0.9065181819764304,0.000996584828067082,0.0003668775637802879
S0_b0.05_s2_lik0,S0,0.05,2,seen_emg_bursts_s2,seen_emg_bursts,2,False,0.7957255937085942,0.9114995182101023,0.9261556567371507,0.8799209086584205,0.9946275566611387,0.8438313244760992,0.9921918186843559,0.9572297412015814,0.8985034481459151,0.8042406856783759,0.9067945236478842,0.0038870248307363298,0.002057185285867291
S0_b0.05_s2_lik0,S0,0.05,2,seen_emg_bursts_s3,seen_emg_bursts,3,False,0.7919473501227869,0.9105541133136228,0.9188114163708392,0.8791627021883921,0.994394347705915,0.8407495548554992,0.9926755113322278,0.9598431928982027,0.8995703949351824,0.8043105103602372,0.9054693891761102,0.00766526841654358,0.0030025901823468315
S0_b0.05_s2_lik0,S0,0.05,2,seen_lead_scaling_s1,seen_lead_scaling,1,False,0.7956533567891569,0.9127570882759346,0.9302618716880177,0.8845940374246749,0.9935219734660033,0.8517326393644705,0.9908184770591487,0.9555258434597007,0.8996858041905337,0.807964668710978,0.9007084791198844,0.003959261750173582,0.0007996152200350215
S0_b0.05_s2_lik0,S0,0.05,2,seen_lead_scaling_s2,seen_lead_scaling,2,False,0.7917173234548187,0.907672018452399,0.9298052683027215,0.8626407389787504,0.9928828081813157,0.8489376455280098,0.9868971116639027,0.9548224550680345,0.8941602916792282,0.7986372549590072,0.9002645917106203,0.00789529508451181,0.005884685043570648
S0_b0.05_s2_lik0,S0,0.05,2,seen_lead_scaling_s3,seen_lead_scaling,3,False,0.7872549187692428,0.9012363368733626,0.9346928538354684,0.8547638162067872,0.9937551824212272,0.8319622312012054,0.9905334438916529,0.9470730553736448,0.8823861923424782,0.7760198767594364,0.8999403798283635,0.012357699770087716,0.012320366622607049
S0_b0.05_s3_lik0,S0,0.05,3,clean,clean,0,False,0.8172609719365911,0.9161498824431666,0.9462333436229872,0.826593720266413,0.992131357103372,0.9030355430762907,0.9899547401879492,0.9381654903102185,0.9125221397347,0.8020315103272644,0.9346810973593052,,
S0_b0.05_s3_lik0,S0,0.05,3,lead_dropout_s1,lead_dropout,1,True,0.800072160541644,0.9057260990665559,0.9421785769408859,0.8187737868696479,0.9830275704809286,0.8963797767429119,0.986171572692095,0.9277480656819229,0.8927753806150136,0.7890363612030793,0.9154438003725173,0.0171888113949471,0.010423783376610762
S0_b0.05_s3_lik0,S0,0.05,3,lead_dropout_s2,lead_dropout,2,True,0.7842427024029045,0.8834209217051785,0.9242134845912434,0.7751298366634951,0.9731377833056938,0.8562311669634297,0.9710820895522387,0.898105702296927,0.889656975429605,0.7605905616425869,0.9026406949013875,0.033018269533686584,0.032728960737988144
S0_b0.05_s3_lik0,S0,0.05,3,lead_dropout_s3,lead_dropout,3,True,0.7676893850954274,0.8682750710614175,0.9040843494366415,0.7780784173802728,0.9810237009397458,0.8150467401725792,0.9587133775566612,0.9099268718620389,0.8614029054868857,0.7386539740911638,0.8675453026267691,0.049571586841163695,0.047874811381749094
S0_b0.05_s3_lik0,S0,0.05,3,limb_reversal_s1,limb_reversal,1,True,0.789075661816282,0.8826527240824964,0.8842253176930597,0.7806900174437044,0.9868539248203427,0.8811207368853582,0.9324212271973465,0.9227455189308498,0.8986800949653302,0.7463133537764485,0.9108243250300276,0.028185310120309115,0.03349715836067024
S0_b0.05_s3_lik0,S0,0.05,3,limb_reversal_s2,limb_reversal,2,True,0.7517545437707963,0.8475199122403064,0.823368446776766,0.7181553282588011,0.9796935461580984,0.8415799205588276,0.8931643864013266,0.9220209076135729,0.8792089048839313,0.6946217538796339,0.8758660156317998,0.06550642816579477,0.06862997020286021
S0_b0.05_s3_lik0,S0,0.05,3,limb_reversal_s3,limb_reversal,3,True,0.6787063703462809,0.7558906585764761,0.663058856819468,0.5840370282270853,0.9620646766169154,0.7843274893850157,0.6987501727473742,0.9139501321885082,0.8536940382876093,0.5579554557321215,0.7851780771841871,0.1385546015903102,0.16025922386669056
S0_b0.05_s3_lik0,S0,0.05,3,baseline_step_s1,baseline_step,1,True,0.8145907457165643,0.9168199922013078,0.9466159901219324,0.8272726371709482,0.9918290491984522,0.9024405903300917,0.9900670259812051,0.9413398336122633,0.9124114410612,0.8041456465280645,0.935257715807614,0.0026702262200267723,-0.0006701097581411908
S0_b0.05_s3_lik0,S0,0.05,3,baseline_step_s2,baseline_step,2,True,0.8126979270968272,0.9147253751855544,0.9448506713999074,0.8160928084364097,0.9919586097291322,0.9002362690042461,0.9905161691542289,0.9416975915011278,0.9126587466083812,0.8007067809463961,0.9338107298901597,0.004563044839763886,0.0014245072576122286
S0_b0.05_s3_lik0,S0,0.05,3,baseline_step_s3,baseline_step,3,True,0.8094236126359345,0.9128085637314225,0.9434133353912639,0.8144475499524263,0.9919672470978441,0.9056978496096426,0.9889528054173576,0.9363918600984744,0.9040171842025927,0.7981756362289241,0.9322136055842777,0.007837359300656543,0.0033413187117441456
S0_b0.05_s3_lik0,S0,0.05,3,seen_baseline_wander_s1,seen_baseline_wander,1,False,0.8165718837887351,0.9158918334734947,0.9451432834285126,0.8240217649857278,0.9921054449972361,0.9027102451718942,0.9897560807075731,0.9397663052705619,0.9128024193548387,0.802855829488127,0.9338651278569814,0.0006890881478559541,0.00025804896967196456
S0_b0.05_s3_lik0,S0,0.05,3,seen_baseline_wander_s2,seen_baseline_wander,2,False,0.8120666899855342,0.9152231701912211,0.9423329217471832,0.8212069854107199,0.9921486318407959,0.9007028146829201,0.990067025981205,0.9397996555822358,0.9124373492613808,0.8037713086503083,0.9345418385642418,0.005194281951056867,0.0009267122519455162
S0_b0.05_s3_lik0,S0,0.05,3,seen_baseline_wander_s3,seen_baseline_wander,3,False,0.8078971101975522,0.9137905992543338,0.9398280341616504,0.8125545115762766,0.992217730790492,0.9011479591836734,0.9892723880597015,0.9406728273787869,0.910541340066325,0.8041960754649644,0.9336845266071336,0.009363861739038915,0.002359283188832828
S0_b0.05_s3_lik0,S0,0.05,3,seen_emg_bursts_s1,seen_emg_bursts,1,False,0.8168734643708664,0.9163860655770036,0.9451046972269382,0.8250723517285125,0.992070895522388,0.9047176756608684,0.9899374654505252,0.9395722670935507,0.9133771103406693,0.8034958890718554,0.9341262380977249,0.00038750756572469847,-0.00023618313383699796
S0_b0.05_s3_lik0,S0,0.05,3,seen_emg_bursts_s2,seen_emg_bursts,2,False,0.8146760258182038,0.9165185737092365,0.9432332664505839,0.8208452267681574,0.9918376865671642,0.9068706341597041,0.9900929380873411,0.9391569041208856,0.9147761531504371,0.8091381112811471,0.9327162427977091,0.0025849461183873323,-0.0003686912660698649
S0_b0.05_s3_lik0,S0,0.05,3,seen_emg_bursts_s3,seen_emg_bursts,3,False,0.8119046702889309,0.9147161330746442,0.9392588876884292,0.8124653108150967,0.9919586097291322,0.9011907615395152,0.9899806522940852,0.9441533871789275,0.9144181489297558,0.8077784695593481,0.9312409699375075,0.005356301647660211,0.0014337493685224745
S0_b0.05_s3_lik0,S0,0.05,3,seen_lead_scaling_s1,seen_lead_scaling,1,False,0.8156005481701334,0.9152269880230715,0.9452172403148633,0.8205231129083412,0.9917858623548922,0.9021110121901109,0.9901620370370371,0.9363342550146742,0.9135678889056377,0.8051561648405571,0.9321853186415305,0.001660423766457697,0.0009228944200951883
S0_b0.05_s3_lik0,S0,0.05,3,seen_lead_scaling_s2,seen_lead_scaling,2,False,0.8115536028327408,0.9128080086458348,0.9421399907393117,0.8202555106248017,0.990075663349917,0.898772428434461,0.9889096185737977,0.9424131072788571,0.9069471661139584,0.8002315851948398,0.9255270075025677,0.005707369103850279,0.0033418737973318624
S0_b0.05_s3_lik0,S0,0.05,3,seen_lead_scaling_s3,seen_lead_scaling,3,False,0.8056899683504329,0.9077908599805949,0.9377379482430417,0.8143187044084998,0.9898942786069652,0.8964653814545953,0.9878126727473743,0.9313802178078536,0.8876267146517937,0.79785560643706,0.9270262154681707,0.011571003586158146,0.008359022462571697
S0_b0.05_s4_lik0,S0,0.05,4,clean,clean,0,False,0.8054640343476278,0.914131158915377,0.9385579050264959,0.8489285997462734,0.984711857379768,0.9030013011916176,0.9853510226644555,0.9286667151762109,0.9094791038589086,0.8099546721440251,0.918529253050638,,
S0_b0.05_s4_lik0,S0,0.05,4,lead_dropout_s1,lead_dropout,1,True,0.7923483200298017,0.8990916454415024,0.9396447497041724,0.8088923247700602,0.9847118573797679,0.8787580468428982,0.9779833471531233,0.9048394334085232,0.9004347867048538,0.7821935423806725,0.9143667206294499,0.0131157143178261,0.015039513473874555
S0_b0.05_s4_lik0,S0,0.05,4,lead_dropout_s2,lead_dropout,2,True,0.7949222747049502,0.8880820955832385,0.9290978546071924,0.830112194735173,0.9730341348811498,0.8515229078208464,0.9736128385848535,0.8876791821290839,0.8909688724751283,0.7589050714054351,0.8978058036102843,0.010541759642677562,0.026049063332138522
S0_b0.05_s4_lik0,S0,0.05,4,lead_dropout_s3,lead_dropout,3,True,0.7595407089059857,0.8651535364957732,0.9280946133662602,0.8130946717411989,0.9686895384190161,0.8048683399534311,0.9500760088446656,0.8583824492468893,0.8492119196563159,0.7376609119491366,0.8763033752850454,0.04592332544164213,0.048977622419603795
S0_b0.05_s4_lik0,S0,0.05,4,limb_reversal_s1,limb_reversal,1,True,0.7849010481796732,0.8898297302153352,0.928194294386994,0.8389975816682523,0.9771455223880597,0.854005444459663,0.9559494195688225,0.9159147687307477,0.8844824012662045,0.7749550503610518,0.8788230891082214,0.0205629861679546,0.024301428700041816
S0_b0.05_s4_lik0,S0,0.05,4,limb_reversal_s2,limb_reversal,2,True,0.7588346724497721,0.8681036984930421,0.921107295364511,0.8037731921979067,0.9779315229408512,0.8068072866730586,0.9541873963515755,0.9211386402774746,0.8524198258968949,0.7295709467257072,0.8459971800093999,0.046629361897855715,0.046027460422334854
S0_b0.05_s4_lik0,S0,0.05,4,limb_reversal_s3,limb_reversal,3,True,0.7062538710717953,0.8205674526686625,0.9004829706230385,0.7363721059308596,0.9213567578772802,0.7708490275304754,0.8912641652846877,0.9382412864731136,0.7933750376846548,0.6493889370549889,0.7837767855588629,0.09921016327583254,0.0935637062467145
S0_b0.05_s4_lik0,S0,0.05,4,baseline_step_s1,baseline_step,1,True,0.8034066100419659,0.9139127394101327,0.9372266810721818,0.8472288296860133,0.9831484936428967,0.9023592658539926,0.9849882531785517,0.9306434791045138,0.9091163890563762,0.8109360968390754,0.9195671662575938,0.0020574243056619146,0.00021841950524426057
S0_b0.05_s4_lik0,S0,0.05,4,baseline_step_s2,baseline_step,2,True,0.8011974992800313,0.9126851184324765,0.9337989401656634,0.8471445845226769,0.9840726920950801,0.9010923161210792,0.9852473742399116,0.9281240146498824,0.9098182657521858,0.8034163665175134,0.9214515118282939,0.004266535067596555,0.0014460404829005347
S0_b0.05_s4_lik0,S0,0.05,4,baseline_step_s3,baseline_step,3,True,0.798260187112227,0.9083209772516064,0.9312426043113649,0.8291210751665081,0.9806263819789939,0.8971673400903986,0.9849882531785517,0.9260502316330738,0.9060356685257763,0.7971786949379045,0.9224785454418856,0.007203847235400795,0.005810181663770564
S0_b0.05_s4_lik0,S0,0.05,4,seen_baseline_wander_s1,seen_baseline_wander,1,False,0.804626301092798,0.9142208992142036,0.9372073879713947,0.8495926498572788,0.9850573521282477,0.9030526640186276,0.9851178137092316,0.9284453903805575,0.9095426967138981,0.8102591853399201,0.9197129528086758,0.0008377332548298311,-8.974029882657941e-05
S0_b0.05_s4_lik0,S0,0.05,4,seen_baseline_wander_s2,seen_baseline_wander,2,False,0.8081676437419457,0.9144897923862317,0.9375418017183721,0.8460989533777356,0.984375,0.9054410354745925,0.9853596600331674,0.928387785296757,0.9102539945734097,0.8126429223956847,0.9203069786063676,-0.0027036093943179074,-0.0003586334708547412
S0_b0.05_s4_lik0,S0,0.05,4,seen_baseline_wander_s3,seen_baseline_wander,3,False,0.8037891719677214,0.9116625631417057,0.9346092503987241,0.8459155962575325,0.9847291321171918,0.886976099164498,0.9850055279159756,0.9313286764170849,0.9081295221585769,0.8088413563832367,0.9194279074625307,0.0016748623799064388,0.0024685957736713116
S0_b0.05_s4_lik0,S0,0.05,4,seen_emg_bursts_s1,seen_emg_bursts,1,False,0.8055011237081493,0.9137580623040209,0.9375385862015743,0.8483537503964479,0.9843922747374241,0.90255187645528,0.9855064953012713,0.9282240655849038,0.9098041340066325,0.8091070780892088,0.9183442999634446,-3.70893605214917e-05,0.00037309661135609407
S0_b0.05_s4_lik0,S0,0.05,4,seen_emg_bursts_s2,seen_emg_bursts,2,False,0.8063107729826574,0.9131339274080443,0.9370176724803211,0.8448996986996512,0.984305901050304,0.9032923572113409,0.9855755942509674,0.9268415435736982,0.9102280863732288,0.8078851461566362,0.9181593468762512,-0.000846738635029598,0.0009972315073326632
S0_b0.05_s4_lik0,S0,0.05,4,seen_emg_bursts_s3,seen_emg_bursts,3,False,0.8047219117272552,0.9122849175368225,0.9323616041570201,0.8370797653028862,0.9837876589275844,0.9068920353376251,0.9853337479270314,0.9282725751291566,0.9099077668073561,0.810125354699686,0.916803749543057,0.0007421226203726539,0.0018462413785544918
S0_b0.05_s4_lik0,S0,0.05,4,seen_lead_scaling_s1,seen_lead_scaling,1,False,0.8048111380382085,0.9122832665895986,0.9362330863816433,0.8481010149064383,0.9802895245992261,0.8985969387755103,0.9842195273631841,0.9268051614155086,0.9104824577931866,0.811035015138379,0.9147866729333124,0.0006528963094193374,0.0018478923257784219
S0_b0.05_s4_lik0,S0,0.05,4,seen_lead_scaling_s2,seen_lead_scaling,2,False,0.8034209320444764,0.9108155308874295,0.9369308535267789,0.8402017919441801,0.9874326285240465,0.8935633817285303,0.9868280127142067,0.9299855684105847,0.9035296389810069,0.7993529579480854,0.9195149442094454,0.0020431023031514117,0.0033156280279474926
S0_b0.05_s4_lik0,S0,0.05,4,seen_lead_scaling_s3,seen_lead_scaling,3,False,0.7953919573227236,0.9048608933257276,0.9407669650666255,0.8360291785601015,0.9772405334438916,0.8848317011368306,0.9833989773355445,0.9232336462198937,0.8926081549593006,0.7890092071601333,0.916629676049228,0.010072077024904202,0.009270265589649385
S0_b0.1_s0_lik0,S0,0.1,0,clean,clean,0,False,0.855197215912379,0.9384578402555243,0.9719574780058652,0.9141690453536315,0.996121821448314,0.8801576838789207,0.9936256218905473,0.9546769264352761,0.9216300497437444,0.8601159477633796,0.9536659877800407,,
S0_b0.1_s0_lik0,S0,0.1,0,lead_dropout_s1,lead_dropout,1,True,0.8442624373163098,0.9275194951643192,0.9736874260431136,0.909847764034253,0.9899547401879492,0.8545319134365155,0.9910948728579325,0.9371346624948458,0.9042550685860717,0.8430030819838743,0.944165926854318,0.010934778596069172,0.01093834509120506
S0_b0.1_s0_lik0,S0,0.1,0,lead_dropout_s2,lead_dropout,2,True,0.820340969465421,0.9117258442361167,0.9615681432319801,0.876897993973993,0.9811359867330017,0.8261325503355704,0.9873894416804864,0.9198349462756796,0.8973540661742538,0.815757879036497,0.9394615906835866,0.03485624644695795,0.026731996019407567
S0_b0.1_s0_lik0,S0,0.1,0,lead_dropout_s3,lead_dropout,3,True,0.8141980202007087,0.8942090966089804,0.9552785923753666,0.8642017522993973,0.9841677031509122,0.8050352691412135,0.9751762023217249,0.8956650658517062,0.860839990955683,0.7914685876212476,0.9160487057635733,0.04099919571167021,0.04424874364654385
S0_b0.1_s0_lik0,S0,0.1,0,limb_reversal_s1,limb_reversal,1,True,0.8097555468300971,0.9099753770827266,0.9533235581622678,0.8843611243260387,0.9839344941956882,0.8582899602794138,0.9603717523493642,0.9329052366053021,0.8730309767862526,0.8208259871949292,0.9227353038452834,0.045441669082281866,0.02848246317279768
S0_b0.1_s0_lik0,S0,0.1,0,limb_reversal_s2,limb_reversal,2,True,0.7744795343283444,0.8810908944682674,0.9358536553994957,0.8217967015540755,0.9682403952459923,0.8282341460073962,0.947147940851299,0.9123099032234593,0.8280166566174253,0.7904541901597628,0.8977644611554999,0.08071768158403458,0.05736694578725687
S0_b0.1_s0_lik0,S0,0.1,0,limb_reversal_s3,limb_reversal,3,True,0.7009606417937008,0.8091572510849329,0.8649290013891033,0.7538405883285759,0.9149823797678276,0.7885777633200932,0.8677532476506358,0.8639792379150598,0.6782601936991258,0.7534781419652157,0.7966147057287586,0.1542365741186782,0.1293005891705914
S0_b0.1_s0_lik0,S0,0.1,0,baseline_step_s1,baseline_step,1,True,0.8548621954003159,0.9380817352280337,0.9708031074754335,0.9103532350142721,0.9961390961857379,0.880911005341734,0.994325248756219,0.9544434742535594,0.9212649796502864,0.8609208711792806,0.9535745991957805,0.0003350205120630223,0.0003761050274905253
S0_b0.1_s0_lik0,S0,0.1,0,baseline_step_s2,baseline_step,2,True,0.8546825199153528,0.9371438666090168,0.9710121160672944,0.912816167142404,0.9963463930348259,0.8793487193535132,0.9940056661138751,0.9533823279730287,0.9205819452818813,0.8548849153472713,0.9519165491670583,0.0005146959970261378,0.001313973646507427
S0_b0.1_s0_lik0,S0,0.1,0,baseline_step_s3,baseline_step,3,True,0.8530303879243146,0.9361196724313383,0.9698320214024798,0.9048227878211228,0.9959404367053621,0.8828970346527873,0.9914144555002764,0.9565809260471997,0.9203110868254447,0.8508699961402467,0.9524083067871255,0.002166827988064335,0.002338167824185944
S0_b0.1_s0_lik0,S0,0.1,0,seen_baseline_wander_s1,seen_baseline_wander,1,False,0.8549363499654443,0.938346507583593,0.9712854349951124,0.9128805899143674,0.9964068546158099,0.8793059169976716,0.9938329187396351,0.9535945572291348,0.9214769558335847,0.8618751418313849,0.954460198095636,0.0002608659469346408,0.00011133267193130791
S0_b0.1_s0_lik0,S0,0.1,0,seen_baseline_wander_s2,seen_baseline_wander,2,False,0.8530613615430183,0.938209256398894,0.9708963574625714,0.9085989533777354,0.9967523493642896,0.8793358786467607,0.994273424543947,0.9540250794343788,0.9218019859813085,0.8638282933490052,0.9543709854300486,0.0021358543693607013,0.00024858385663029114
S0_b0.1_s0_lik0,S0,0.1,0,seen_baseline_wander_s3,seen_baseline_wander,3,False,0.8519337117875512,0.938256882798515,0.9701182023974895,0.9061607992388202,0.9966832504145937,0.8842709902753048,0.994256149806523,0.9570205437919911,0.9224520462767563,0.860053881379503,0.9532960816056539,0.0032635041248277874,0.00020095745700920986
S0_b0.1_s0_lik0,S0,0.1,0,seen_emg_bursts_s1,seen_emg_bursts,1,False,0.854849312088833,0.9386372623420693,0.9720893141945773,0.9143672692673644,0.9961650082918739,0.8802475688261882,0.9936428966279713,0.9549528244682142,0.9218938423274043,0.8602711137230714,0.9541055233519592,0.0003479038235459919,-0.00017942208654508907
S0_b0.1_s0_lik0,S0,0.1,0,seen_emg_bursts_s2,seen_emg_bursts,2,False,0.854520919149077,0.9384853188738107,0.971796702165972,0.9128359895337773,0.9962427446102818,0.8800849198739898,0.9938501934770592,0.9551923403429625,0.9225533237865542,0.8602827511700484,0.9535289049036503,0.0006762967633019423,-2.7478618286447265e-05
S0_b0.1_s0_lik0,S0,0.1,0,seen_emg_bursts_s3,seen_emg_bursts,3,False,0.8530212489216624,0.938589502240123,0.9705008488964346,0.9125981208372977,0.996294568822554,0.8822978016710039,0.9937379076838032,0.9551165441800673,0.9226192719324692,0.8602808115955523,0.9538596445419256,0.002175966990716538,-0.00013166198459879652
S0_b0.1_s0_lik0,S0,0.1,0,seen_lead_scaling_s1,seen_lead_scaling,1,False,0.8557474552746981,0.937494616394718,0.9710989350208366,0.9144267364414843,0.9958367882808181,0.8784541501164224,0.9936774461028193,0.9533762642799971,0.9172350768766958,0.8597280328641502,0.9536181175692379,-0.0005502393623191271,0.0009632238608062726
S0_b0.1_s0_lik0,S0,0.1,0,seen_lead_scaling_s2,seen_lead_scaling,2,False,0.8518885840868271,0.9358561024423007,0.9707002109379018,0.9085543529971456,0.9948694029850745,0.8764724010409534,0.9931332918739635,0.9537400858618934,0.9182666943020802,0.8564249374972119,0.9505435444844813,0.0033086318255518554,0.0026017378132235924
S0_b0.1_s0_lik0,S0,0.1,0,seen_lead_scaling_s3,seen_lead_scaling,3,False,0.8467316982678718,0.9313322433373499,0.9681953233523692,0.8997779892166191,0.9953185461580984,0.8754066223804959,0.9925373134328359,0.9463636032889471,0.9108051326499849,0.8474505263035395,0.9461351332532596,0.008465517644507203,0.007125596918174382
S0_b0.1_s1_lik0,S0,0.1,1,clean,clean,0,False,0.8457754889303968,0.9315291121289201,0.9706455471523384,0.8613968839200762,0.9936688087341072,0.8518910080810848,0.9912503454947484,0.9632418928424168,0.9303022309315647,0.8894345558471384,0.9319307361568054,,
S0_b0.1_s1_lik0,S0,0.1,1,lead_dropout_s1,lead_dropout,1,True,0.836772436865107,0.921810506329432,0.9708384781602099,0.854003131937837,0.9888664317302377,0.8438313244760991,0.9848327805417358,0.9431831962938708,0.9187966347603256,0.8645595129340524,0.9273830661305202,0.00900305206528973,0.009718605799488134
S0_b0.1_s1_lik0,S0,0.1,1,lead_dropout_s2,lead_dropout,2,True,0.8293584509027734,0.9094089967992266,0.9682757112723157,0.8444140501110055,0.9856619679380874,0.8255375975893714,0.978397940851299,0.922939557107861,0.9171243782031957,0.847467982474005,0.8948617856458998,0.0164170380276234,0.02212011532969349
S0_b0.1_s1_lik0,S0,0.1,1,lead_dropout_s3,lead_dropout,3,True,0.8267333907756217,0.9005052659412611,0.9555599500951791,0.8455637488106565,0.9900324765063571,0.810933433776195,0.980488184079602,0.9132255208712315,0.9004701160687367,0.8166869352201515,0.89158702804324,0.01904209815477509,0.031023846187658966
S0_b0.1_s1_lik0,S0,0.1,1,limb_reversal_s1,limb_reversal,1,True,0.8106718271324338,0.9096402530883076,0.9377283016926481,0.8278028861401839,0.9894105859590934,0.8355319476784002,0.9710820895522387,0.9420644449295399,0.9230667772083208,0.8671391470139281,0.8929360976204153,0.03510366179796298,0.02188885904061244
S0_b0.1_s1_lik0,S0,0.1,1,limb_reversal_s2,limb_reversal,2,True,0.7926583427014942,0.8827502888268334,0.9106825899058497,0.776552093244529,0.9741138059701493,0.8003869332968087,0.9582469596462134,0.9167485265225932,0.9111819791980706,0.8472740250243902,0.8495656866328966,0.05311714622890262,0.048778823302086716
S0_b0.1_s1_lik0,S0,0.1,1,limb_reversal_s3,limb_reversal,3,True,0.7317415181023457,0.8160030736238075,0.8370858414364356,0.6730891214716144,0.921823175787728,0.7317490754691138,0.9261245854063018,0.8352282374057095,0.8930038438347905,0.8013080490402016,0.7246157327623722,0.11403397082805111,0.11552603850511256
S0_b0.1_s1_lik0,S0,0.1,1,baseline_step_s1,baseline_step,1,True,0.8447686883975238,0.9315877984976537,0.9695265473066831,0.860767522993974,0.9935910724156993,0.8535988220791672,0.9907925649530127,0.9623171796550971,0.93083217138981,0.8910075507635136,0.931856754921928,0.0010068005328729424,-5.86863687336292e-05
S0_b0.1_s1_lik0,S0,0.1,1,baseline_step_s2,baseline_step,2,True,0.8462184104674897,0.9315039244284229,0.9684139784946236,0.8565007532508723,0.9935651603095632,0.8589619572661279,0.9904643449419568,0.9620291542360959,0.9304199954778415,0.891238360128555,0.9319416157501698,-0.0004429215370929107,2.5187700497197874e-05
S0_b0.1_s1_lik0,S0,0.1,1,baseline_step_s3,baseline_step,3,True,0.8376628673580863,0.9286438534532162,0.9700056593095643,0.8476104107199492,0.9934355997788834,0.8551054650047938,0.9797280956329464,0.9619139440684955,0.927539474675912,0.890947423954133,0.9315086079342698,0.008112621572310519,0.0028852586757038834
S0_b0.1_s1_lik0,S0,0.1,1,seen_baseline_wander_s1,seen_baseline_wander,1,False,0.8450862941184235,0.9315207865038597,0.970835262643412,0.8615158182683159,0.9937638197899392,0.8519637720860156,0.9910689607517966,0.9627598292464042,0.93045768013265,0.8896653652121798,0.9316565704040246,0.0006891948119732705,8.325625060368047e-06
S0_b0.1_s1_lik0,S0,0.1,1,seen_baseline_wander_s2,seen_baseline_wander,2,False,0.84616379064378,0.9324843502594398,0.9694043576683644,0.8616149302251823,0.9936256218905473,0.8603316326530612,0.9909394002211167,0.9631297145213321,0.9321534895990353,0.8895121388269841,0.9316478667293331,-0.00038830171338322117,-0.0009552381305196755
S0_b0.1_s1_lik0,S0,0.1,1,seen_baseline_wander_s3,seen_baseline_wander,3,False,0.8429140426464894,0.931888732273131,0.9702114523846272,0.8586663495084047,0.9937033582089553,0.8599678126284072,0.9906198175787727,0.9613075747653351,0.93367029695508,0.8890253056284513,0.9298266228001462,0.0028614462839073873,-0.0003596201442108704
S0_b0.1_s1_lik0,S0,0.1,1,seen_emg_bursts_s1,seen_emg_bursts,1,False,0.845598256236788,0.9315736761862436,0.9704654782116583,0.8598457817951158,0.9937292703150913,0.8532820846459389,0.9912762576008844,0.963605714424313,0.93072147271631,0.8896479090417144,0.9315891169251658,0.00017723269360880867,-4.45640573235595e-05
S0_b0.1_s1_lik0,S0,0.1,1,seen_emg_bursts_s2,seen_emg_bursts,2,False,0.8445251175790176,0.9313916377889172,0.9691278232237485,0.8569913574373612,0.9937119955776672,0.8556062525681415,0.9910257739082365,0.9631600329864902,0.9318237488694604,0.8907049771421146,0.930372778387035,0.0012503713513791759,0.0001374743400028855
S0_b0.1_s1_lik0,S0,0.1,1,seen_emg_bursts_s3,seen_emg_bursts,3,False,0.8422976278321626,0.930900396064013,0.9668383752636724,0.8550338962892483,0.9937551824212272,0.8564751403917272,0.9911294223327806,0.9632418928424167,0.9323701763641845,0.8905556299059113,0.9287038487649487,0.003477861098234225,0.0006287160649071089
S0_b0.1_s1_lik0,S0,0.1,1,seen_lead_scaling_s1,seen_lead_scaling,1,False,0.8442399013174108,0.930348261779121,0.9696776765961825,0.859236243260387,0.9933665008291874,0.8539669223394056,0.990110212824765,0.9610043901137549,0.9289361621947543,0.8865853209122982,0.9302509269413547,0.0015355876129860002,0.0011808503497990896
S0_b0.1_s1_lik0,S0,0.1,1,seen_lead_scaling_s2,seen_lead_scaling,2,False,0.8442860253022374,0.9301335955597975,0.9682982198899006,0.8560448382492865,0.99225228026534,0.862232057252431,0.9859988253178552,0.9587699192316087,0.930761512662044,0.890301545646916,0.926543161522795,0.001489463628159382,0.0013955165691226235
S0_b0.1_s1_lik0,S0,0.1,1,seen_lead_scaling_s3,seen_lead_scaling,3,False,0.837492257475617,0.9257983522108333,0.9701439265318721,0.8516442673644149,0.9930210060807076,0.8610763936447062,0.9896783443891652,0.9546708627422446,0.9138034179981912,0.8784274705815038,0.9197194805646943,0.008283231454779827,0.005730759918086803
S0_b0.1_s2_lik0,S0,0.1,2,clean,clean,0,False,0.8461942468369521,0.939451124030144,0.9704526161444668,0.9111857754519505,0.9944375345494749,0.915088686481304,0.9956294914317303,0.9727103495112663,0.9312490578836298,0.8247536255496268,0.9395529792678469,,
S0_b0.1_s2_lik0,S0,0.1,2,lead_dropout_s1,lead_dropout,1,True,0.836066183324688,0.9292386052678024,0.9721857796985132,0.9070974072312084,0.9871303206191266,0.8901862758526229,0.9931764787175235,0.9595400082466226,0.9121476484775398,0.8062365078349112,0.9354470207321531,0.01012806351226414,0.010212518762341527
S0_b0.1_s2_lik0,S0,0.1,2,lead_dropout_s2,lead_dropout,2,True,0.8241419712485484,0.9164136407737019,0.9630376344086021,0.8962000475737393,0.9764113460475401,0.8736003629639775,0.9887368711995579,0.9345515292633826,0.8940778564968346,0.7972620966412387,0.9238450223684439,0.022052275588403725,0.02303748325644206
S0_b0.1_s2_lik0,S0,0.1,2,lead_dropout_s3,lead_dropout,3,True,0.8109792112813377,0.8995960125839958,0.9531917219735557,0.8875178401522359,0.986361594803759,0.8148669702780441,0.9800735903814262,0.9343726503189502,0.8540402660536631,0.771516184779383,0.9144232945149443,0.03521503555561445,0.03985511144614817
S0_b0.1_s2_lik0,S0,0.1,2,limb_reversal_s1,limb_reversal,1,True,0.8059675733712195,0.9152461123626264,0.9535936615732881,0.8905853552172533,0.9875362769485904,0.9023507053828244,0.98039317302377,0.9438320114482526,0.9080989033765451,0.7594500918388524,0.9113748324542622,0.04022667346573261,0.02420501166751754
S0_b0.1_s2_lik0,S0,0.1,2,limb_reversal_s2,limb_reversal,2,True,0.783262797202922,0.8844079072868009,0.9363713536039513,0.8588051062480176,0.9675148562741847,0.8350568415285579,0.9515270867882808,0.9215782580222659,0.8886253580042207,0.7090948587698831,0.8910974463418456,0.06293144963403008,0.055043216743343115
S0_b0.1_s2_lik0,S0,0.1,2,limb_reversal_s3,limb_reversal,3,True,0.7007794051755555,0.8254367866625859,0.8972513762411896,0.8149629321281319,0.9239047816473189,0.7263217367483906,0.9083661553344389,0.8835983167188144,0.8322773779017185,0.6332788312899916,0.8089695719532787,0.14541484166139662,0.11401433736755806
S0_b0.1_s2_lik0,S0,0.1,2,baseline_step_s1,baseline_step,1,True,0.8479994106495002,0.9401051903760459,0.9706391161187425,0.9109280843640977,0.9943252487562189,0.9151742911929872,0.9955085682697623,0.9733955468238376,0.9314563234850768,0.8268832783463963,0.9426362560272947,-0.0018051638125481384,-0.0006540663459019269
S0_b0.1_s2_lik0,S0,0.1,2,baseline_step_s2,baseline_step,2,True,0.8462330714250069,0.9388673834264316,0.9684204095282194,0.9102888122423088,0.9945584577114428,0.9157949253526914,0.9957417772249861,0.9728589099905407,0.9302103745854688,0.8227170723286724,0.939215711873553,-3.882458805481992e-05,0.0005837406037123571
S0_b0.1_s2_lik0,S0,0.1,2,baseline_step_s3,baseline_step,3,True,0.843636970392082,0.9359271655311647,0.9653270823686784,0.9065919362511894,0.9944116224433388,0.9096827489385017,0.994143864013267,0.972516311334255,0.9280317304793488,0.8183084194989304,0.934330774452974,0.002557276444870138,0.0035239584989792405
S0_b0.1_s2_lik0,S0,0.1,2,seen_baseline_wander_s1,seen_baseline_wander,1,False,0.8458565817887043,0.939160182900302,0.9698191593352883,0.9099815651760228,0.9944548092868989,0.9143867278455007,0.9956294914317303,0.9727709864415823,0.9314751658124811,0.8247885378905575,0.939135202882657,0.00033766504824783716,0.0002909411298419595
S0_b0.1_s2_lik0,S0,0.1,2,seen_baseline_wander_s2,seen_baseline_wander,2,False,0.8469586464461181,0.9384936553549061,0.9686487112208674,0.907781279733587,0.9943770729684909,0.9144252499657582,0.9956813156440022,0.9722040311431274,0.9311666227012361,0.8228101719044876,0.9393484429125977,-0.0007643996091659666,0.000957468675237827
S0_b0.1_s2_lik0,S0,0.1,2,seen_baseline_wander_s3,seen_baseline_wander,3,False,0.8437549996495295,0.9380886255084645,0.96762296136235,0.9052687916270219,0.9943511608623549,0.912285132173675,0.9955603924820343,0.974584030658032,0.9339505765752186,0.8206921565546951,0.9384824272807979,0.0024392471874226107,0.0013624985216794672
S0_b0.1_s2_lik0,S0,0.1,2,seen_emg_bursts_s1,seen_emg_bursts,1,False,0.8458709152279413,0.9393605011968624,0.9704526161444668,0.9109231287662545,0.9944288971807629,0.9143910080810849,0.9956035793255942,0.9727042858182346,0.9311454250829062,0.8246857404422617,0.9399098299301966,0.0003233316090107685,9.062283328153953e-05
S0_b0.1_s2_lik0,S0,0.1,2,seen_emg_bursts_s2,seen_emg_bursts,2,False,0.8447899017160122,0.9383020880231084,0.9703529351237331,0.9059823977164605,0.9944375345494749,0.91133491987399,0.9955690298507462,0.9728134322928035,0.9316141279770879,0.8232659719110822,0.9393484429125976,0.0014043451209398983,0.001149036007035531
S0_b0.1_s2_lik0,S0,0.1,2,seen_emg_bursts_s3,seen_emg_bursts,3,False,0.840567976607115,0.9368816623526453,0.9712854349951123,0.8995054313352363,0.9942906992813709,0.9085613272154499,0.9956208540630183,0.9717826044774309,0.9319909745251733,0.8196971548381716,0.9392004804428429,0.005626270229837083,0.002569461677498719
S0_b0.1_s2_lik0,S0,0.1,2,seen_lead_scaling_s1,seen_lead_scaling,1,False,0.8433990756611979,0.9381169329944146,0.9704879868292432,0.911790358388836,0.9942906992813709,0.9130555745788249,0.9949989635157546,0.9699362099493075,0.9263335657220381,0.82278883658503,0.9393702020993264,0.0027951711757542297,0.001334191035729404
S0_b0.1_s2_lik0,S0,0.1,2,seen_lead_scaling_s2,seen_lead_scaling,2,False,0.842169430526606,0.9367280733897352,0.9706648402531254,0.9085840865842055,0.9937638197899392,0.9137104506232023,0.9938070066334992,0.9691418661621675,0.9218585129635212,0.8217472850805991,0.9372747924173586,0.004024816310346124,0.002723050640408786
S0_b0.1_s2_lik0,S0,0.1,2,seen_lead_scaling_s3,seen_lead_scaling,3,False,0.8345319367324944,0.9312346025047168,0.9691020990893656,0.9050606565176023,0.9944029850746268,0.9079620942336666,0.9935306108347153,0.9624111668970871,0.911645971510401,0.8089034227671134,0.9280924156178739,0.01166231010445773,0.008216521525427178
S0_b0.1_s3_lik0,S0,0.1,3,clean,clean,0,False,0.8486748152332482,0.946620137714959,0.975468822349128,0.9401215112591184,0.9971496683250415,0.8985156142994111,0.9934615118850193,0.9639392175410513,0.9204877336448599,0.8822523114879056,0.9481848486430972,,
S0_b0.1_s3_lik0,S0,0.1,3,lead_dropout_s1,lead_dropout,1,True,0.8396326009370699,0.9372285243709937,0.9733755209137213,0.9313154138915319,0.994100677169707,0.8691531981920286,0.992200456053068,0.9486769021805039,0.9166509647271632,0.8638205350510204,0.9457630511601999,0.009042214296178241,0.009391613343965322
S0_b0.1_s3_lik0,S0,0.1,3,lead_dropout_s2,lead_dropout,2,True,0.8243391633434746,0.9261323976093786,0.9711053660544322,0.9257254995242626,0.9878817716970703,0.8496995274619915,0.9892119264787176,0.9282149700453564,0.9088149118179079,0.8467367628889576,0.9278008425157102,0.024335651889773602,0.02048774010558041
S0_b0.1_s3_lik0,S0,0.1,3,lead_dropout_s3,lead_dropout,3,True,0.8233510668239692,0.9115603049753871,0.9578510058136543,0.9148727402473835,0.9873980790491985,0.8041449801397069,0.9759362907683804,0.9357309175580295,0.8788603218269521,0.8319746613987824,0.9172737479763956,0.02532374840927898,0.03505983273957192
S0_b0.1_s3_lik0,S0,0.1,3,limb_reversal_s1,limb_reversal,1,True,0.8152040628090994,0.9270154814487852,0.9500694551628338,0.9161760624801777,0.996130458817026,0.9029670593069441,0.9746493228302929,0.9502686216013001,0.9053997399758817,0.8339452690868677,0.9135333437777429,0.033470752424148764,0.019604656266173803
S0_b0.1_s3_lik0,S0,0.1,3,limb_reversal_s2,limb_reversal,2,True,0.7925890123696051,0.9086317602301924,0.9166473735658796,0.8934001347922613,0.9925977750138197,0.888234488426243,0.950991569928137,0.9463999854471368,0.8999166227012361,0.8006699290309692,0.8888279631660487,0.056085802863643064,0.03798837748476658
S0_b0.1_s3_lik0,S0,0.1,3,limb_reversal_s3,limb_reversal,3,True,0.7483136375518643,0.8701298809577799,0.8237382312085197,0.8089716143355534,0.9838826699834162,0.8676722366799069,0.8854425787728026,0.942106890780761,0.8839501055170336,0.7560810509390449,0.8793235504029802,0.10036117768138386,0.07649025675717913
S0_b0.1_s3_lik0,S0,0.1,3,baseline_step_s1,baseline_step,1,True,0.8472201482640475,0.9459800088797725,0.975282322374852,0.9372621313035205,0.9971928551686015,0.8941968565949869,0.9940056661138751,0.9637573067501032,0.9198659368405186,0.8835673429962935,0.9486896617752015,0.001454666969200713,0.0006401288351864931
S0_b0.1_s3_lik0,S0,0.1,3,baseline_step_s2,baseline_step,2,True,0.8492713570405356,0.9459493280301169,0.9734430467664764,0.937807247066286,0.9970373825317855,0.8958789891795644,0.9943770729684909,0.9633055616192486,0.9198706474223696,0.8836565634231162,0.9481674412937141,-0.0005965418072874096,0.0006708096848421219
S0_b0.1_s3_lik0,S0,0.1,3,baseline_step_s3,baseline_step,3,True,0.8466567491032118,0.9448524647352827,0.972488038277512,0.9352947589597209,0.9970460199004976,0.8917186001917546,0.9927964344941957,0.9627840840185307,0.9210035423575519,0.8811525727485905,0.9493881316691908,0.002018066130036411,0.0017676729796762825
S0_b0.1_s3_lik0,S0,0.1,3,seen_baseline_wander_s1,seen_baseline_wander,1,False,0.8481289402334253,0.9466400230074906,0.9752437361732778,0.9399282429432286,0.9971496683250415,0.8977836940145184,0.9933837755666114,0.9642666569647578,0.9211872550497436,0.8826693200045774,0.9481478580256585,0.0005458749998228374,-1.9885292531607313e-05
S0_b0.1_s3_lik0,S0,0.1,3,seen_baseline_wander_s2,seen_baseline_wander,2,False,0.848183095431122,0.9462756228765414,0.9743498225034728,0.9389173009831907,0.9973915146489774,0.8946420010957402,0.9936169845218352,0.9639179946154405,0.9201509270425083,0.8851830085515838,0.9483110519261233,0.0004917198021261449,0.0003445148384175756
S0_b0.1_s3_lik0,S0,0.1,3,seen_baseline_wander_s3,seen_baseline_wander,3,False,0.8485576951692122,0.9461018520981239,0.973655270875135,0.9384564303837615,0.9972619541182974,0.8910294822627037,0.9944375345494748,0.9654945548036576,0.9232245817003317,0.8832938629923368,0.9480629971974168,0.00011712006403596931,0.0005182856168350902
S0_b0.1_s3_lik0,S0,0.1,3,seen_emg_bursts_s1,seen_emg_bursts,1,False,0.8487778058276615,0.9465770072743811,0.9747678396871945,0.9395169283222329,0.9971755804311775,0.8978008149568552,0.9935997097844114,0.9646426059327171,0.9205301288815194,0.8826460451106236,0.9485134123626996,-0.00010299059441332137,4.313044057790982e-05
S0_b0.1_s3_lik0,S0,0.1,3,seen_emg_bursts_s2,seen_emg_bursts,2,False,0.8475818307369433,0.9465682194333659,0.9744880897257807,0.9352848477640342,0.9971410309563294,0.8999109710998494,0.9941179519071309,0.9656370515899003,0.9203770349713597,0.8829059480931072,0.9492510487928003,0.0010929844963049051,5.191828159312184e-05
S0_b0.1_s3_lik0,S0,0.1,3,seen_emg_bursts_s3,seen_emg_bursts,3,False,0.8461167846185189,0.9458691160979645,0.9723272624376189,0.9285650570884872,0.9972533167495854,0.9015117792083276,0.994083402432283,0.9667163889495258,0.919757593457944,0.8820680519107719,0.9505391926471356,0.0025580306147292564,0.0007510216169944739
S0_b0.1_s3_lik0,S0,0.1,3,seen_lead_scaling_s1,seen_lead_scaling,1,False,0.8455913226336096,0.9457485537455028,0.9752051499717035,0.9384118300031715,0.9974001520176894,0.897257225037666,0.9929691818684356,0.9622262242596231,0.9195173537835392,0.8810458961513025,0.9477039706163942,0.003083492599638582,0.0008715839694561911
S0_b0.1_s3_lik0,S0,0.1,3,seen_lead_scaling_s2,seen_lead_scaling,2,False,0.8465769405871836,0.9448094326920098,0.9740765035756547,0.9373562876625435,0.9967609867330017,0.8929812696890836,0.9937465450525153,0.9645455868442115,0.9137044957793187,0.8837322068284659,0.9463810120632932,0.0020978746460645903,0.0018107050229492216
S0_b0.1_s3_lik0,S0,0.1,3,seen_lead_scaling_s3,seen_lead_scaling,3,False,0.8412109173843365,0.9420138600985705,0.9758932705664455,0.9332827862353315,0.9973569651741293,0.891162169565813,0.9930469181868435,0.9593156516044532,0.9073640526077783,0.8776206075911066,0.9430823193552319,0.00746389784891166,0.004606277616388543
S0_b0.1_s4_lik0,S0,0.1,4,clean,clean,0,False,0.8484111496121275,0.9343221387689375,0.9706069609507639,0.8903673089121471,0.9938156440022112,0.9155038693329681,0.9840813294637921,0.96873559872905,0.9176566739523665,0.835557055493166,0.9325748080839731,,
S0_b0.1_s4_lik0,S0,0.1,4,lead_dropout_s1,lead_dropout,1,True,0.8357394110701059,0.9252663180498375,0.9707259350722849,0.8948471693625119,0.9889873548922057,0.9008397822216134,0.9877522111663902,0.951599602221737,0.8965956624962316,0.8102262125734857,0.925822932442077,0.012671738542021638,0.00905582071910005
S0_b0.1_s4_lik0,S0,0.1,4,lead_dropout_s2,lead_dropout,2,True,0.8342594693345704,0.9079018789893633,0.9647129186602871,0.8604701871233746,0.9710043532338308,0.8684854814408985,0.9852041873963516,0.9337238351645687,0.8930179755803438,0.7860823892454474,0.9084155830591676,0.014151680277557088,0.026420259779574296
S0_b0.1_s4_lik0,S0,0.1,4,lead_dropout_s3,lead_dropout,3,True,0.810988982952412,0.891917008613438,0.9603301692648043,0.8625664050111006,0.9727750138197899,0.8173623476236133,0.9674803067993367,0.9098904897038493,0.8640314101597829,0.7758162214373411,0.8970007137013247,0.03742216665971554,0.042405130155499515
S0_b0.1_s4_lik0,S0,0.1,4,limb_reversal_s1,limb_reversal,1,True,0.8079077278645114,0.9121231110804207,0.9551049544682823,0.8525709641611163,0.9871216832504146,0.8941968565949869,0.9474156992813709,0.9585940721336923,0.9062123153451915,0.8137368424115118,0.894154612077219,0.04050342174761612,0.022199027688516892
S0_b0.1_s4_lik0,S0,0.1,4,limb_reversal_s2,limb_reversal,2,True,0.7851544550306068,0.8860122400815887,0.9343552245716932,0.7763786473200127,0.9810409756771696,0.8718754280235583,0.9130821586511885,0.9526061752649835,0.8850311840518541,0.7958636634295169,0.8638767037443208,0.06325669458152072,0.04830989868734881
S0_b0.1_s4_lik0,S0,0.1,4,limb_reversal_s3,limb_reversal,3,True,0.7250658324492498,0.8195939177048835,0.8689355353192365,0.661299754202347,0.9367571862907684,0.8291244350089029,0.7454394693200663,0.9392660505954548,0.8434202592704251,0.7619133514489592,0.7901892178877922,0.12334531716287767,0.114728221064054
S0_b0.1_s4_lik0,S0,0.1,4,baseline_step_s1,baseline_step,1,True,0.8483796515000479,0.9347012552560029,0.9701182023974892,0.8878449096098954,0.9937119955776672,0.9157863648815229,0.9837617468214483,0.9689084139804507,0.9181701273741333,0.8404098708825258,0.9335996657788919,3.1498112079586527e-05,-0.0003791164870653452
S0_b0.1_s4_lik0,S0,0.1,4,baseline_step_s2,baseline_step,2,True,0.8446908087463856,0.9332567347901415,0.9687323146576118,0.8853423326990167,0.9934874239911553,0.9163342350362964,0.9813260088446656,0.9699392417958232,0.9150752750979801,0.8380591065931956,0.9310146743955297,0.0037203408657419113,0.0010654039787960645
S0_b0.1_s4_lik0,S0,0.1,4,baseline_step_s3,baseline_step,3,True,0.8440842134801217,0.9305108894777128,0.9669669959355868,0.8773043529971456,0.9920277086788281,0.917250205451308,0.9762213239358762,0.9692388852506731,0.9085252110340669,0.8380047985073034,0.9290585235086254,0.004326936132005743,0.003811249291224783
S0_b0.1_s4_lik0,S0,0.1,4,seen_baseline_wander_s1,seen_baseline_wander,1,False,0.8483980236848345,0.9344781661923101,0.9704204609764883,0.8887071836346336,0.9938415561083472,0.9153069784960963,0.984279988944168,0.9688417133571029,0.9182337202291229,0.8374617176483823,0.9332101763364492,1.3125927292967354e-05,-0.00015602742337250675
S0_b0.1_s4_lik0,S0,0.1,4,seen_baseline_wander_s2,seen_baseline_wander,2,False,0.8523600449296473,0.9343143241309837,0.9670409528219376,0.8877953536314621,0.9937292703150912,0.9205031844952747,0.9837703841901603,0.9699362099493077,0.9176260551703348,0.836666492104962,0.931761014500322,-0.003948895317519852,7.814637953851289e-06
S0_b0.1_s4_lik0,S0,0.1,4,seen_baseline_wander_s3,seen_baseline_wander,3,False,0.8456280602432268,0.9342442476806243,0.9685136595153573,0.8841430780209326,0.9935651603095633,0.9188852554444598,0.9837444720840244,0.9715734070678406,0.9165379107627374,0.8393023738452259,0.9319329120754782,0.002783089368900704,7.789108831324221e-05
S0_b0.1_s4_lik0,S0,0.1,4,seen_emg_bursts_s1,seen_emg_bursts,1,False,0.8485147482301503,0.9344933483920835,0.9706744868035191,0.889782548366635,0.9937465450525151,0.9160346185454047,0.9841072415699281,0.9688022993523976,0.9180664945734099,0.8358285959226266,0.9333973053423156,-0.00010359861802278214,-0.00017120962314598476
S0_b0.1_s4_lik0,S0,0.1,4,seen_emg_bursts_s2,seen_emg_bursts,2,False,0.8481844807698266,0.9346332029694135,0.9703207799557545,0.8868290120520139,0.9933405887230514,0.9180035269141213,0.9842368021006082,0.9694238278881371,0.9180759157371119,0.8385323627702554,0.9329360105836684,0.00022666884230093665,-0.0003110642004759967
S0_b0.1_s4_lik0,S0,0.1,4,seen_emg_bursts_s3,seen_emg_bursts,3,False,0.8466908572165879,0.9341027523640856,0.9682564181715285,0.882116238503013,0.9933751381978995,0.9173657718120806,0.9840295052515201,0.9718523369472943,0.9195244196563159,0.8388310572426622,0.9315738854944557,0.0017202923955396132,0.00021938640485197336
S0_b0.1_s4_lik0,S0,0.1,4,seen_lead_scaling_s1,seen_lead_scaling,1,False,0.8477030665948394,0.9331755078359129,0.9708642022945928,0.8884247145575642,0.9912071586511886,0.9143653266675797,0.9849277915975677,0.9660463508695336,0.9148868518239373,0.8360613448621641,0.9317958291990878,0.0007080830172880859,0.0011466309330246949
S0_b0.1_s4_lik0,S0,0.1,4,seen_lead_scaling_s2,seen_lead_scaling,2,False,0.8462363675741174,0.9318520788950698,0.9689670473838556,0.8828546225816684,0.9953530956329464,0.9131754211751815,0.9871994195688226,0.968429382230954,0.9106049329213144,0.829490066469218,0.9305947220916672,0.002174782038010137,0.002470059873867725
S0_b0.1_s4_lik0,S0,0.1,4,seen_lead_scaling_s3,seen_lead_scaling,3,False,0.8416025849964869,0.9255935920899268,0.9676068837783608,0.8816504123057405,0.9881840796019901,0.9041612450349267,0.9789507324488668,0.9626173324601616,0.8982985378353934,0.8270190485611266,0.9218540567827738,0.006808564615640611,0.008728546679010796
S0_b0.25_s0_lik0,S0,0.25,0,clean,clean,0,False,0.8834692130603496,0.9640297791555211,0.9761794515614549,0.9638092689502061,0.9974519762299613,0.9501352554444596,0.9972187672747373,0.9748265783792961,0.9450133780524571,0.9035148969019177,0.9681184396052014,,
S0_b0.25_s0_lik0,S0,0.25,0,lead_dropout_s1,lead_dropout,1,True,0.8751756638659958,0.9547898369610004,0.9788804856716571,0.9614900491595306,0.9927532476506358,0.9406074510341049,0.9954481066887784,0.9572539959737077,0.9305707340970758,0.8738675309410622,0.9622369314324507,0.008293549194353877,0.009239942194520734
S0_b0.25_s0_lik0,S0,0.25,0,lead_dropout_s2,lead_dropout,2,True,0.8551461533536487,0.9435158222189101,0.9762308998302207,0.9440364335553441,0.9911726091763405,0.9111637104506233,0.9948780403537867,0.9416217953382328,0.9200472942417847,0.8579552617746719,0.9545363552491862,0.028323059706700904,0.020513956936611066
S0_b0.25_s0_lik0,S0,0.25,0,lead_dropout_s3,lead_dropout,3,True,0.8480804101689094,0.9303406492014723,0.9728095899572979,0.942197906755471,0.9893673991155334,0.8936875085604712,0.9866379906025429,0.9352336947294381,0.8895392108833284,0.8347385550557918,0.9288539871533761,0.035388802891440196,0.033689129954048824
S0_b0.25_s0_lik0,S0,0.25,0,limb_reversal_s1,limb_reversal,1,True,0.839693311348036,0.9434929486208501,0.9634202809075474,0.9472575721535046,0.9919154228855721,0.9376583687166142,0.9774996545052516,0.9590670401901573,0.932271254145312,0.8656563423116237,0.9166906017720681,0.0437759017123136,0.020536830534671036
S0_b0.25_s0_lik0,S0,0.25,0,limb_reversal_s2,limb_reversal,2,True,0.8200098929481774,0.9229678735481498,0.9500694551628337,0.9187777513479226,0.9806782061912658,0.9224292905081496,0.9499982725262576,0.9484282907662083,0.924484662345493,0.8349431801651354,0.8769017529200829,0.06345932011217226,0.04106190560737133
S0_b0.25_s0_lik0,S0,0.25,0,limb_reversal_s3,limb_reversal,3,True,0.7642509183178701,0.8744989325292446,0.9261797731131348,0.8566048208055821,0.9476661829740188,0.8752354129571291,0.8697484798231067,0.9221239903951102,0.8741426741031053,0.7725383405388526,0.826250718053162,0.11921829474247958,0.08953084662627653
S0_b0.25_s0_lik0,S0,0.25,0,baseline_step_s1,baseline_step,1,True,0.8830045519419952,0.9639421359012856,0.9759865205535834,0.9640570488423723,0.9974001520176893,0.9497157923572114,0.9972619541182973,0.9748296102258119,0.9443421201386796,0.9043072130835937,0.9675788117743311,0.0004646611183544147,8.764325423549213e-05
S0_b0.25_s0_lik0,S0,0.25,0,baseline_step_s2,baseline_step,2,True,0.8824473000499162,0.9638656154621776,0.9759640119359984,0.9628825721535046,0.9974865257048092,0.949989727434598,0.9972187672747375,0.9738291008755973,0.9451829589990955,0.9049278769223608,0.967308997858896,0.0010219130104334173,0.00016416369334348868
S0_b0.25_s0_lik0,S0,0.25,0,baseline_step_s3,baseline_step,3,True,0.8815279409645144,0.9629671994772957,0.974851443123939,0.96186171899778,0.9973915146489774,0.9493605328037257,0.9970287451630735,0.975075189793592,0.9416099826650588,0.9020708836895361,0.9674547844099779,0.001941272095835278,0.0010625796782254282
S0_b0.25_s0_lik0,S0,0.25,0,seen_baseline_wander_s1,seen_baseline_wander,1,False,0.8832424055252075,0.9640723159454078,0.9765106497916344,0.9630659292737075,0.9974606135986733,0.9496729900013696,0.9972101299060254,0.9747113682116956,0.9449003240880314,0.9050112786256952,0.9681075600118371,0.00022680753514214835,-4.2536789886638005e-05
S0_b0.25_s0_lik0,S0,0.25,0,seen_baseline_wander_s2,seen_baseline_wander,2,False,0.8821272113564687,0.9638991405807891,0.9753016154756392,0.9616734062797336,0.9974174267551134,0.9488683057115463,0.9971323935876175,0.9755996992408257,0.9448861923424781,0.9054942326752358,0.9687189931589117,0.0013420017038809906,0.00013063857473205598
S0_b0.25_s0_lik0,S0,0.25,0,seen_baseline_wander_s3,seen_baseline_wander,3,False,0.8819546443409612,0.9636173414148028,0.9761022791583063,0.9618666745956232,0.9974433388612494,0.9484616833310506,0.9971669430624654,0.9762485143952072,0.9445493857401267,0.9046311220244503,0.9660861315647468,0.0015145687193884871,0.00041243774071830774
S0_b0.25_s0_lik0,S0,0.25,0,seen_emg_bursts_s1,seen_emg_bursts,1,False,0.8831960921105473,0.9642121985705082,0.9763723825693266,0.9636358230256898,0.9973915146489774,0.950195178742638,0.9972101299060254,0.9749296611608333,0.94493800874284,0.9049336956458491,0.9683033926923947,0.00027312094980236346,-0.00018241941498708947
S0_b0.25_s0_lik0,S0,0.25,0,seen_emg_bursts_s2,seen_emg_bursts,2,False,0.8820171180245696,0.9640770775673145,0.9772373565879509,0.9621937440532826,0.9974174267551134,0.9501823380358855,0.9972101299060254,0.9754814572267094,0.9446742161591799,0.904219932231267,0.9680770971504169,0.0014520950357800322,-4.72984117934061e-05
S0_b0.25_s0_lik0,S0,0.25,0,seen_emg_bursts_s3,seen_emg_bursts,3,False,0.8797570997988767,0.9635914738801452,0.9747421155528116,0.9610539565493181,0.9975383499170813,0.9483589576770306,0.9972446793808735,0.9755966673943098,0.9453525399457342,0.9052401484162405,0.9671958500879071,0.0037121132614729158,0.00043830527537591646
S0_b0.25_s0_lik0,S0,0.25,0,seen_lead_scaling_s1,seen_lead_scaling,1,False,0.8812683824498329,0.9627041656174471,0.9754623913155323,0.9619905645417063,0.9972878662244333,0.9489239487741405,0.9973137783305694,0.9719918018870212,0.9404935747663551,0.9038126215870761,0.9670609431301896,0.0022008306105167907,0.001325613538074033
S0_b0.25_s0_lik0,S0,0.25,0,seen_lead_scaling_s2,seen_lead_scaling,2,False,0.8816488048462295,0.9621581752278993,0.9758707619488606,0.9630857516650809,0.9966141514648977,0.9488811464182989,0.9970978441127695,0.9730953940187732,0.9358607175158276,0.9045593577680928,0.9643584521384929,0.0018204082141201061,0.0018716039276218677
S0_b0.25_s0_lik0,S0,0.25,0,seen_lead_scaling_s3,seen_lead_scaling,3,False,0.8800243124304795,0.958486131196217,0.9768707876729948,0.9591906517602283,0.9974433388612494,0.9393875838926175,0.9969337341072415,0.9704849741686676,0.9280906127524872,0.8979298921402623,0.9600436054102042,0.003444900629870129,0.0055436479593041765
S0_b0.25_s1_lik0,S0,0.25,1,clean,clean,0,False,0.8849214642019522,0.9657811141233912,0.9787293563821577,0.965870797653029,0.9977974709784412,0.9526948363237913,0.9965018656716418,0.9850469329840646,0.940677287458547,0.9127443621418333,0.9619671175170157,,
S0_b0.25_s1_lik0,S0,0.25,1,lead_dropout_s1,lead_dropout,1,True,0.8758219451879413,0.9571525284682527,0.9781602099089366,0.9597258563273073,0.9948262161415147,0.9402093891247774,0.9954308319513543,0.9764486162652503,0.9230220266807356,0.8915933022613499,0.9549563075530488,0.009099519014010848,0.008628585655138465
S0_b0.25_s1_lik0,S0,0.25,1,lead_dropout_s2,lead_dropout,2,True,0.8629213015629484,0.9455815211015026,0.9789383649740186,0.9544184110371076,0.9886245854063018,0.9089850705382825,0.9919845218352681,0.9618624026777268,0.9166368329816098,0.8656097925237161,0.9431737079394921,0.02200016263900373,0.020199593021888562
S0_b0.25_s1_lik0,S0,0.25,1,lead_dropout_s3,lead_dropout,3,True,0.8461209107727576,0.9313063313156523,0.971938184905078,0.9495421027592769,0.9927014234383638,0.8747474661005342,0.988330914870094,0.9557502001018701,0.8867670334639735,0.8329929380092596,0.9289867181924208,0.03880055342919453,0.03447478280773886
S0_b0.25_s1_lik0,S0,0.25,1,limb_reversal_s1,limb_reversal,1,True,0.8492034864713377,0.951719534263192,0.9665554097854607,0.9517522993973992,0.9964241293532339,0.9505161964114505,0.9694150773908237,0.9753723107521405,0.9327705758215254,0.8835324306553627,0.93913737880133,0.03571797773061447,0.01406157986019918
S0_b0.25_s1_lik0,S0,0.25,1,limb_reversal_s2,limb_reversal,2,True,0.8268298112853676,0.9347159855556586,0.9546290579821989,0.9295016650808753,0.9946621061359867,0.9230114025475963,0.9442198728579326,0.9654915229571417,0.9199695696412421,0.8606299350048586,0.9203287377930963,0.05809165291658458,0.03106512856773258
S0_b0.25_s1_lik0,S0,0.25,1,limb_reversal_s3,limb_reversal,3,True,0.7943206824047391,0.8913159526579406,0.9282746823069405,0.8630124088169997,0.9930641929242675,0.863717299000137,0.8703962824765065,0.9373408280579204,0.9105130765752186,0.8132092781485598,0.8423155256149146,0.09060078179721309,0.07446516146545057
S0_b0.25_s1_lik0,S0,0.25,1,baseline_step_s1,baseline_step,1,True,0.8849518366209256,0.9658570523803837,0.9785042702063075,0.9653256818902632,0.9978233830845772,0.952947370223257,0.9965450525152018,0.9848286400349269,0.9405972075670787,0.914416275357512,0.9617255905443278,-3.0372418973412252e-05,-7.593825699248047e-05
S0_b0.25_s1_lik0,S0,0.25,1,baseline_step_s2,baseline_step,2,True,0.8863572572045988,0.9655050847626183,0.9779640633842671,0.9648796780843643,0.9978233830845772,0.9521426859334338,0.9963982172470979,0.9856502704407093,0.9404087842930359,0.9135104940678115,0.9607681863282678,-0.0014357930026466237,0.000276029360772867
S0_b0.25_s1_lik0,S0,0.25,1,baseline_step_s3,baseline_step,3,True,0.8821439361262354,0.9655963720664809,0.9776553737716726,0.9639331588962894,0.9975728993919293,0.954411210793042,0.9960872719734659,0.9845375827694098,0.940013095417546,0.9142940821642548,0.9618626734207182,0.0027775280757167398,0.0001847420569103253
S0_b0.25_s1_lik0,S0,0.25,1,seen_baseline_wander_s1,seen_baseline_wander,1,False,0.8849371030442016,0.9658080088151674,0.9789512270412101,0.9661136219473517,0.9977888336097291,0.9523481372414737,0.9964327667219458,0.9850590603701279,0.940514772384685,0.9128898302290444,0.9621738297909378,-1.563884224942136e-05,-2.6894691776191415e-05
S0_b0.25_s1_lik0,S0,0.25,1,seen_baseline_wander_s2,seen_baseline_wander,2,False,0.8849697208744584,0.9663052037597029,0.9782213047280959,0.9652662147161433,0.9977542841348812,0.9568680660183537,0.9965450525152018,0.9851682068446967,0.9410753316249624,0.9135570438557189,0.9622913293992724,-4.825667250618615e-05,-0.0005240896363116754
S0_b0.25_s1_lik0,S0,0.25,1,seen_baseline_wander_s3,seen_baseline_wander,3,False,0.8841504123655582,0.9667466497358662,0.9792952873385811,0.9673772993973992,0.9977456467661692,0.9557552047664704,0.9966314262023217,0.9851257609934754,0.9424461109436237,0.9141040038636324,0.9622391073511237,0.0007710518363939212,-0.0009655356124750325
S0_b0.25_s1_lik0,S0,0.25,1,seen_emg_bursts_s1,seen_emg_bursts,1,False,0.8848148246847743,0.965790108326416,0.9787808046509235,0.9655239058039962,0.9977456467661692,0.9529773318723462,0.9965018656716418,0.9853046399379078,0.9405595229122701,0.9128219451216791,0.9618953122008113,0.00010663951717782005,-8.994203024803582e-06
S0_b0.25_s1_lik0,S0,0.25,1,seen_emg_bursts_s2,seen_emg_bursts,2,False,0.8844235097329526,0.9662164981464293,0.9786489684622112,0.96527612591183,0.9977283720287452,0.956003458430352,0.9965018656716418,0.9854683596497611,0.9406348922218873,0.9139216838609946,0.9617647570804394,0.0004979544689995841,-0.0004353840230381101
S0_b0.25_s1_lik0,S0,0.25,1,seen_emg_bursts_s3,seen_emg_bursts,3,False,0.8836182845597067,0.9656770563610804,0.977462442763801,0.9629569061211545,0.9978406578220012,0.9544711340912203,0.9965968767274738,0.9857018118314779,0.9408350919505576,0.9137684574757989,0.9614601284662385,0.0013031796422454667,0.00010405776231081632
S0_b0.25_s1_lik0,S0,0.25,1,seen_lead_scaling_s1,seen_lead_scaling,1,False,0.8840423384449805,0.9650262130385138,0.9780412357874159,0.9647756105296543,0.9976765478164732,0.952818963155732,0.996173645660586,0.9837978122195542,0.9380087428399155,0.9119588344708939,0.9619845248663985,0.0008791257569716882,0.0007549010848774129
S0_b0.25_s1_lik0,S0,0.25,1,seen_lead_scaling_s2,seen_lead_scaling,2,False,0.8844879372913307,0.9639754793215867,0.9788965632556464,0.9658311528702823,0.9975210751796573,0.9485858101629914,0.9965277777777778,0.9835643600378374,0.9387954100090444,0.9075715169606091,0.9584856476404339,0.0004335269106214845,0.001805634801804512
S0_b0.25_s1_lik0,S0,0.25,1,seen_lead_scaling_s3,seen_lead_scaling,3,False,0.8767118304822332,0.9602880552255583,0.9791409425322838,0.960716975895972,0.9979443062465451,0.9512523969319272,0.9963463930348259,0.9814784496349657,0.9212908878504673,0.903717582436765,0.9507045624662733,0.008209633719718945,0.005493058897832914
S0_b0.25_s2_lik0,S0,0.25,2,clean,clean,0,False,0.8752870082835111,0.9594169974893413,0.9780926840561814,0.952589795432921,0.9972187672747375,0.9571163196822353,0.9967782614704257,0.9729559290790463,0.9301726899306603,0.8937733839950192,0.9560551464828451,,
S0_b0.25_s2_lik0,S0,0.25,2,lead_dropout_s1,lead_dropout,1,True,0.8657773119721155,0.9503218834174167,0.9802920975459177,0.9488235410719948,0.9943166113875068,0.9407144569237091,0.9953790077390824,0.9596248999490649,0.9088761493819716,0.8699748049272951,0.9548953818302088,0.009509696311395643,0.009095114071924537
S0_b0.25_s2_lik0,S0,0.25,2,lead_dropout_s2,lead_dropout,2,True,0.860861951202094,0.9402479821036529,0.9781409168081493,0.9488483190612115,0.9937119955776672,0.9147762292836599,0.9960008982863461,0.9404363433505541,0.8972951839011155,0.843076785814728,0.9499451668494439,0.01442505708141717,0.01916901538568838
S0_b0.25_s2_lik0,S0,0.25,2,lead_dropout_s3,lead_dropout,3,True,0.8439749426591951,0.9279020189959364,0.9762308998302206,0.9297791785601015,0.9927014234383638,0.8997782837967402,0.9874499032614704,0.9420856678551505,0.8575684918601145,0.8280993915554806,0.9374249308057863,0.03131206562431599,0.0315149784934049
S0_b0.25_s2_lik0,S0,0.25,2,limb_reversal_s1,limb_reversal,1,True,0.8397361153590214,0.9376895703002089,0.9731600812882646,0.9367665715191881,0.9966918877833058,0.9480165388302972,0.976687741846324,0.9529881879259744,0.9175271329514623,0.8396165849136017,0.8977514056434627,0.03555089292448976,0.021727427189132342
S0_b0.25_s2_lik0,S0,0.25,2,limb_reversal_s2,limb_reversal,2,True,0.825776226788164,0.9133791343009947,0.9653077892678912,0.900526284490961,0.996044085129906,0.9287940008218052,0.9611923023770038,0.9325201920977954,0.904740258516732,0.7904057007973591,0.8408815952094973,0.049510781495347156,0.04603786318834657
S0_b0.25_s2_lik0,S0,0.25,2,limb_reversal_s3,limb_reversal,3,True,0.7672496883869526,0.8659112118412702,0.9521820496990275,0.8386308674278466,0.9937897318960751,0.8821094713053007,0.9344941956882256,0.8827827500060638,0.8731722942417848,0.7173923584644002,0.7186471878427073,0.10803731989655851,0.0935057856480711
S0_b0.25_s2_lik0,S0,0.25,2,baseline_step_s1,baseline_step,1,True,0.8750152502173802,0.9594421393749454,0.9775685548181304,0.9510832936885506,0.9972101299060254,0.9586101219011095,0.9967609867330017,0.9729589609255621,0.9295979989448299,0.8950709593329416,0.9561182481243581,0.0002717580661308894,-2.514188560409636e-05
S0_b0.25_s2_lik0,S0,0.25,2,baseline_step_s2,baseline_step,2,True,0.8758135522311549,0.9591291862590532,0.9754720378659258,0.9496957262924198,0.9970805693753455,0.957544343240652,0.9967523493642897,0.9728801329161513,0.9318143277057582,0.8935755473964121,0.9573476421745261,-0.0005265439476437317,0.0002878112302880931
S0_b0.25_s2_lik0,S0,0.25,2,baseline_step_s3,baseline_step,3,True,0.8719425241427486,0.9592070465183506,0.9764141842876988,0.9481991357437362,0.9971237562189055,0.9604549034378852,0.9966141514648977,0.9741201581411143,0.9286464614109136,0.8933990461172628,0.957891621842742,0.0033444841407624937,0.00020995097099063553
S0_b0.25_s2_lik0,S0,0.25,2,seen_baseline_wander_s1,seen_baseline_wander,1,False,0.8747221127102718,0.9592479599125774,0.9784496064207441,0.951197272438947,0.9972101299060254,0.9571762429804136,0.9967523493642897,0.9722586043804118,0.9300855441664153,0.893744290377577,0.956357599178373,0.0005648955732393546,0.0001690375767638974
S0_b0.25_s2_lik0,S0,0.25,2,seen_baseline_wander_s2,seen_baseline_wander,2,False,0.8755630395566462,0.9591289877387807,0.9778000720275761,0.9504935775451951,0.9970978441127695,0.9582249006985346,0.9966400635710337,0.9726709355065609,0.9303163626771179,0.8930208290905142,0.9558963044197261,-0.0002760312731350245,0.0002880097505605361
S0_b0.25_s2_lik0,S0,0.25,2,seen_baseline_wander_s3,seen_baseline_wander,3,False,0.8741700030993536,0.9589017236352899,0.9770187014456962,0.9482486917221693,0.9971669430624654,0.9571634022736611,0.9968473604201217,0.9730832666327099,0.9311642674103104,0.8939595831466493,0.9554632966038261,0.0011170051841575823,0.0005152738540513679
S0_b0.25_s2_lik0,S0,0.25,2,seen_emg_bursts_s1,seen_emg_bursts,1,False,0.8749430366724108,0.9595475780501549,0.9785235633070947,0.9514946083095464,0.9972187672747375,0.9575058211203945,0.9967264372581537,0.973756336559218,0.9307662232438951,0.8939770393171146,0.9559594060612391,0.00034397161110033547,-0.00013058056081360903
S0_b0.25_s2_lik0,S0,0.25,2,seen_emg_bursts_s2,seen_emg_bursts,2,False,0.8738407088820739,0.959244939364176,0.9788033132685086,0.9500723517285126,0.9971237562189055,0.9568723462539377,0.9967177998894416,0.9728771010696354,0.9306249057883631,0.8944755099626244,0.9556373700976553,0.0014462994014372565,0.0001720581251652975
S0_b0.25_s2_lik0,S0,0.25,2,seen_emg_bursts_s3,seen_emg_bursts,3,False,0.8710260123132465,0.9584833881707667,0.9760958481247105,0.945716381224231,0.9971151188501934,0.957647068894672,0.9967350746268657,0.9744445657183051,0.9297675798914682,0.893441716756178,0.955387139450276,0.004260995970264636,0.0009336093185745575
S0_b0.25_s2_lik0,S0,0.25,2,seen_lead_scaling_s1,seen_lead_scaling,1,False,0.8743281091684344,0.9585973705077738,0.9778483047795441,0.9525897954329211,0.9970201077943616,0.9546979865771813,0.9969164593698175,0.9725496616459288,0.9262440646668677,0.8927628656825266,0.9567470886208157,0.000958899115076739,0.0008196269815674562
S0_b0.25_s2_lik0,S0,0.25,2,seen_lead_scaling_s2,seen_lead_scaling,2,False,0.8738894428515184,0.9573013502799866,0.9778000720275764,0.9507562242308913,0.9967782614704257,0.9558151280646487,0.9963982172470979,0.9716340439981567,0.9229914078987037,0.8899272077691597,0.9536115898132193,0.0013975654319927644,0.002115647209354643
S0_b0.25_s2_lik0,S0,0.25,2,seen_lead_scaling_s3,seen_lead_scaling,3,False,0.8679628088235338,0.9521277854259544,0.9782598909296703,0.949879083412623,0.9971755804311775,0.9462916038898781,0.9957158651188501,0.9645425549976957,0.9093754710581852,0.8773490671616462,0.9505609518338644,0.00732419945997731,0.007289212063386841
S0_b0.25_s3_lik0,S0,0.25,3,clean,clean,0,False,0.8904028869918968,0.9639262111076099,0.9790412615115502,0.966301934665398,0.9965796019900498,0.9527590398575537,0.9918117744610282,0.9768730747774625,0.9370831135061802,0.9108649144550668,0.9640211847441991,,
S0_b0.25_s3_lik0,S0,0.25,3,lead_dropout_s1,lead_dropout,1,True,0.888495212033006,0.9552820416769874,0.9815075628955086,0.9591262289882652,0.9913539939192924,0.9389638405697851,0.9860938363736872,0.9653156758592254,0.9289314516129032,0.8866939370840825,0.959551847790137,0.0019076749588908815,0.008644169430622517
S0_b0.25_s3_lik0,S0,0.25,3,lead_dropout_s2,lead_dropout,2,True,0.8599777692055842,0.9453097625019841,0.9799512527653444,0.9557812004440216,0.9878558595909341,0.9023806670319134,0.9915181039248204,0.9523242135390138,0.918587013867953,0.8703278074855938,0.9490617438682611,0.030425117786312628,0.018616448605625835
S0_b0.25_s3_lik0,S0,0.25,3,lead_dropout_s3,lead_dropout,3,True,0.8587450676467551,0.9344949297296731,0.9711085815712301,0.9455578020932446,0.9846168463239358,0.8802090467059307,0.9815678551686015,0.9543312959324747,0.8950341046126018,0.8533972617087264,0.9446315734503108,0.03165781934514178,0.029431281377936824
S0_b0.25_s3_lik0,S0,0.25,3,limb_reversal_s1,limb_reversal,1,True,0.8423658816631927,0.9447770276321642,0.9668062200956938,0.9347892879797018,0.9960699972360421,0.9318672099712367,0.9816628662244333,0.9687507579616288,0.9216041415435635,0.8633084873840378,0.9381342802931398,0.04803700532870414,0.019149183475445697
S0_b0.25_s3_lik0,S0,0.25,3,limb_reversal_s2,limb_reversal,2,True,0.8212986215166598,0.9264342285611584,0.9522431445181869,0.9064977798921663,0.9951026119402986,0.8973984728119435,0.9671088999447208,0.9653247713987726,0.9017655260777812,0.8327582494952256,0.91970860097133,0.06910426547523707,0.037491982546451474
S0_b0.25_s3_lik0,S0,0.25,3,limb_reversal_s3,limb_reversal,3,True,0.7743214190707413,0.8928372247550028,0.9163097443021042,0.8607427450047573,0.9770764234383638,0.8341066292288727,0.935530679933665,0.9523090543064349,0.8636027472113356,0.8032146507699142,0.8926423485995788,0.11608146792115559,0.07108898635260708
S0_b0.25_s3_lik0,S0,0.25,3,baseline_step_s1,baseline_step,1,True,0.8911069201395471,0.9641219182114532,0.9789190718732315,0.9668074056454171,0.9965105030403538,0.9522454115874538,0.9922436428966279,0.976712386912125,0.9369182431413927,0.9114312702079417,0.9653093285985344,-0.0007040331476502182,-0.00019570710384331225
S0_b0.25_s3_lik0,S0,0.25,3,baseline_step_s2,baseline_step,2,True,0.890233101149219,0.9636617121795665,0.9782663219632659,0.9665645813510941,0.9964586788280818,0.9507473291329955,0.9912676202321725,0.9762636736277863,0.9381241520952668,0.9113963578670111,0.9638666945184257,0.00016978584267779429,0.0002644989280433663
S0_b0.25_s3_lik0,S0,0.25,3,baseline_step_s3,baseline_step,3,True,0.88563963132479,0.9626275792028461,0.9781569943921388,0.9621838328575959,0.996268656716418,0.9480764621284756,0.9918895107794362,0.97678818307502,0.9350292998191138,0.910603071898087,0.9646522011593296,0.0047632556671068915,0.0012986319047637584
S0_b0.25_s3_lik0,S0,0.25,3,seen_baseline_wander_s1,seen_baseline_wander,1,False,0.8903597116025763,0.963873867563284,0.9793242269897618,0.9653801934665398,0.9966487009397458,0.9520399602794137,0.9917685876174682,0.9767699919959251,0.9374458283087127,0.9114487263784072,0.964038592093582,4.317538932052667e-05,5.2343544325927915e-05
S0_b0.25_s3_lik0,S0,0.25,3,seen_baseline_wander_s2,seen_baseline_wander,2,False,0.8899038971812373,0.9639451399907519,0.97877115810053,0.9640669600380589,0.9965623272526257,0.9531656622380495,0.992191818684356,0.9774248708433385,0.9364825143201688,0.9122148583043852,0.9646260901352552,0.0004989898106595447,-1.8928883142033115e-05
S0_b0.25_s3_lik0,S0,0.25,3,seen_baseline_wander_s3,seen_baseline_wander,3,False,0.8868440895963426,0.9636274014804026,0.9781377012913516,0.9627140818268315,0.9963809425096738,0.9485558485139021,0.9932455776672195,0.9776522593320236,0.9407974072957492,0.9100405952942043,0.9651221995926679,0.003558797395554203,0.0002988096272072971
S0_b0.25_s3_lik0,S0,0.25,3,seen_emg_bursts_s1,seen_emg_bursts,1,False,0.8904941493686458,0.9640426602489642,0.9789640891084015,0.9663217570567713,0.9965191404090659,0.9524765443089988,0.9918376865671641,0.9773612020665067,0.9374528941814894,0.9116426838280218,0.9638079447142585,-9.126237674894622e-05,-0.0001164491413543356
S0_b0.25_s3_lik0,S0,0.25,3,seen_emg_bursts_s2,seen_emg_bursts,2,False,0.8910122608224403,0.9642379299134571,0.9803596233986727,0.9648499444973041,0.9963636677722498,0.9509270990275305,0.9922436428966279,0.9778190108903926,0.9379145312028943,0.9130508149122246,0.964613034623218,-0.0006093738305434915,-0.00031171880584723866
S0_b0.25_s3_lik0,S0,0.25,3,seen_emg_bursts_s3,seen_emg_bursts,3,False,0.8885717748289894,0.9642018101184708,0.9801345372228225,0.9655685061845862,0.9964327667219458,0.950015408848103,0.9923472913211719,0.9784223483470373,0.9378768465480856,0.9134891587483538,0.9635294271241318,0.0018311121629074334,-0.0002755990108609385
S0_b0.25_s3_lik0,S0,0.25,3,seen_lead_scaling_s1,seen_lead_scaling,1,False,0.8878494552327346,0.962928918982028,0.978793666718115,0.9644237630827783,0.9963636677722498,0.9518773113272154,0.9914144555002764,0.9753632152125931,0.9358065458245403,0.908479237824806,0.9638384075756785,0.002553431759162228,0.0009972921255818612
S0_b0.25_s3_lik0,S0,0.25,3,seen_lead_scaling_s2,seen_lead_scaling,2,False,0.8892607575220021,0.9626967442050618,0.978539640891084,0.9625901918807485,0.9966487009397457,0.9531656622380494,0.9896956191265893,0.9771095588056949,0.9332275022610792,0.9094858769883063,0.9638079447142582,0.0011421294698947815,0.0012294669025481042
S0_b0.25_s3_lik0,S0,0.25,3,seen_lead_scaling_s3,seen_lead_scaling,3,False,0.887557247998063,0.9579547994719252,0.9793145804393683,0.9607120202981287,0.9952839966832504,0.9494632584577455,0.9870180348258707,0.9731802857212156,0.9200143201688272,0.9007539126066524,0.9558527860462687,0.0028456389938338322,0.005971411635684709
S0_b0.25_s4_lik0,S0,0.25,4,clean,clean,0,False,0.8894996143071101,0.9645882704912316,0.9822214076246334,0.9544084998414208,0.9973396904367053,0.9567867415422545,0.9963291182974019,0.9804536855126245,0.9461980893880012,0.902421946673339,0.9651352551047052,,
S0_b0.25_s4_lik0,S0,0.25,4,lead_dropout_s1,lead_dropout,1,True,0.8799962659271305,0.9549905675819222,0.9834658126254052,0.9542102759276879,0.9945411829740188,0.9375727640049308,0.9946707435046988,0.9679473186349415,0.9295791566174254,0.8765441437457451,0.9563837102024475,0.00950334837997957,0.009597702909309391
S0_b0.25_s4_lik0,S0,0.25,4,lead_dropout_s2,lead_dropout,2,True,0.8697322534600388,0.9408196170074822,0.9772952358903123,0.9458551379638439,0.9911380597014925,0.9044651417614026,0.9957331398562742,0.9524909650973828,0.9158171917395237,0.8368080810431808,0.947773600013926,0.019767360847071314,0.023768653483749458
S0_b0.25_s4_lik0,S0,0.25,4,lead_dropout_s3,lead_dropout,3,True,0.8487248210229343,0.9263530371341643,0.9755331326850851,0.9381392721217888,0.9874412658927584,0.8770288316668949,0.988339552238806,0.9352549176550486,0.8846048763943323,0.8263072247210407,0.924528260831723,0.04077479328417577,0.038235233357067355
S0_b0.25_s4_lik0,S0,0.25,4,limb_reversal_s1,limb_reversal,1,True,0.8523993010622044,0.950333023955729,0.9707516592066677,0.9478225103076434,0.9946448313985627,0.9437234625393782,0.9753057628524046,0.9737442091731547,0.9274923688574013,0.8726766322004278,0.9468357790659216,0.0371003132449057,0.014255246535502586
S0_b0.25_s4_lik0,S0,0.25,4,limb_reversal_s2,limb_reversal,2,True,0.8305125979165955,0.9337628254857265,0.9539409373874569,0.9327674040596257,0.9938588308457712,0.9134750376660731,0.9594993781094527,0.9682717262121323,0.9005761041603859,0.8458309815992568,0.9356450293313838,0.058987016390514624,0.030825445005505103
S0_b0.25_s4_lik0,S0,0.25,4,limb_reversal_s3,limb_reversal,3,True,0.7674466271082077,0.8948051834418034,0.9033383495395381,0.8944507215350459,0.9887195964621338,0.8588849130256128,0.9223932421227197,0.9585000848917025,0.8288716272233946,0.8009938379718258,0.8970942782042579,0.12205298719890245,0.06978308704942826
S0_b0.25_s4_lik0,S0,0.25,4,baseline_step_s1,baseline_step,1,True,0.8879772120616144,0.9648748199730759,0.9824690024180686,0.9535809150015858,0.9973051409618574,0.9567953020134229,0.9963982172470978,0.980323316112445,0.9462899457340971,0.9047494360687154,0.9659621042003934,0.0015224022454957131,-0.000286549481844256
S0_b0.25_s4_lik0,S0,0.25,4,baseline_step_s2,baseline_step,2,True,0.8900269053385513,0.9642753752422107,0.9828998816689819,0.9538485172851252,0.9972101299060254,0.9559264141898369,0.9961390961857379,0.9797775837396008,0.9447166113958397,0.9031686828543554,0.9647914599543927,-0.0005272910314412238,0.0003128952490208947
S0_b0.25_s4_lik0,S0,0.25,4,baseline_step_s3,baseline_step,3,True,0.8846726534519407,0.9641494803215127,0.9811120543293718,0.9519802568981922,0.9972533167495854,0.9553614230927271,0.996035447761194,0.9798927939072013,0.943534255351221,0.9056435799114391,0.9665321948926838,0.0048269608551694265,0.0004387901697189278
S0_b0.25_s4_lik0,S0,0.25,4,seen_baseline_wander_s1,seen_baseline_wander,1,False,0.8895735728263408,0.9642948718323809,0.9821152955703041,0.9538683396764985,0.9973224156992814,0.9556781605259554,0.99632048092869,0.9804809721312668,0.9456045560747662,0.9019651768794962,0.96529844900517,-7.395851923064356e-05,0.0002933986588506965
S0_b0.25_s4_lik0,S0,0.25,4,seen_baseline_wander_s2,seen_baseline_wander,2,False,0.8899022910743641,0.9647702431262974,0.9813725111899985,0.9548148588645735,0.9974606135986732,0.9600996438843994,0.9963809425096738,0.9802535836425817,0.9447542960506482,0.9023036326290739,0.9654921057670549,-0.0004026767672540288,-0.00018197263506580796
S0_b0.25_s4_lik0,S0,0.25,4,seen_baseline_wander_s3,seen_baseline_wander,3,False,0.8853678792855469,0.9639777873730255,0.9792599166538046,0.9548148588645734,0.9972878662244333,0.9547664703465278,0.9965105030403538,0.9806992650804045,0.9437532974072957,0.9032462658342013,0.9654616429056346,0.004131735021563165,0.0006104831182061066
S0_b0.25_s4_lik0,S0,0.25,4,seen_emg_bursts_s1,seen_emg_bursts,1,False,0.8894225395972222,0.9645502001559555,0.9822825024437928,0.9543093878845544,0.9972878662244333,0.9570349952061362,0.9963118435599779,0.9804263988939824,0.9462145764244799,0.9019642070922481,0.9651200236739953,7.707470988793652e-05,3.807033527614134e-05
S0_b0.25_s4_lik0,S0,0.25,4,seen_emg_bursts_s2,seen_emg_bursts,2,False,0.8892910767293352,0.9642412900029022,0.982321088645367,0.9528623533143038,0.9972619541182973,0.9571890836871662,0.9961822830292979,0.9804445899730772,0.946254616370214,0.9013668181474348,0.9642888227409613,0.00020853757777494764,0.0003469804883294847
S0_b0.25_s4_lik0,S0,0.25,4,seen_emg_bursts_s3,seen_emg_bursts,3,False,0.8872196071119907,0.9641359217652978,0.9814303904923599,0.9519653901046623,0.9973224156992814,0.9567225380084919,0.9961909203980099,0.9809023987969633,0.9467421615917998,0.9020107568801555,0.9639363239159574,0.002280007195119449,0.0004523487259338044
S0_b0.25_s4_lik0,S0,0.25,4,seen_lead_scaling_s1,seen_lead_scaling,1,False,0.8877035431600655,0.963581300121026,0.981886993877656,0.954334165873771,0.9969855583195136,0.9558536501849062,0.9961909203980099,0.9789650488733659,0.942293017033464,0.9009265347368094,0.9647958117917385,0.001796071147044609,0.0010069703702055843
S0_b0.25_s4_lik0,S0,0.25,4,seen_lead_scaling_s2,seen_lead_scaling,2,False,0.8857149488321546,0.9613966053915599,0.9812020887997119,0.9548891928322233,0.9970460199004976,0.9487527393507739,0.996139096185738,0.9791985010550825,0.9392735340669279,0.8934048648407513,0.9626634114923321,0.0037846654749554842,0.0031916650996717255
S0_b0.25_s4_lik0,S0,0.25,4,seen_lead_scaling_s3,seen_lead_scaling,3,False,0.8804571591855683,0.9575287895440157,0.9818837783608582,0.9493191008563272,0.9974519762299613,0.9484830845089712,0.9960699972360421,0.9751327948773921,0.9252972377148025,0.888255294553481,0.9558658415583058,0.009042455121541781,0.007059480947215979
S0_b0.5_s0_lik0,S0,0.5,0,clean,clean,0,False,0.9006061085172665,0.972178687990652,0.9813467870556155,0.9698501427212178,0.9978665699281372,0.9711982947541433,0.9973569651741293,0.9823910354362221,0.9514810069339765,0.9255513725398923,0.9725660173725346,,
S0_b0.5_s0_lik0,S0,0.5,0,lead_dropout_s1,lead_dropout,1,True,0.8842506497376227,0.9646859993824314,0.9820284766167618,0.9707768395179194,0.9963982172470978,0.9592821188878236,0.99606135986733,0.9705698658711102,0.9342449879409105,0.9039212377588605,0.968890890734068,0.01635545877964384,0.00749268860822061
S0_b0.5_s0_lik0,S0,0.5,0,lead_dropout_s2,lead_dropout,2,True,0.880174436239636,0.9548705823301779,0.9819963214487832,0.9620847209007295,0.9931764787175235,0.9329458293384468,0.997857932559425,0.9498471949356035,0.9298029092553511,0.8825160936193817,0.963607760196355,0.02043167227763054,0.017308105660474138
S0_b0.5_s0_lik0,S0,0.5,0,lead_dropout_s3,lead_dropout,3,True,0.8705620896577282,0.944571572458136,0.9756231671554253,0.9620103869330797,0.9945325456053068,0.9177723941925764,0.9872598811498066,0.9541524169880423,0.9025474826650588,0.8614697707616904,0.945776106672237,0.030044018859538335,0.027607115532515936
S0_b0.5_s0_lik0,S0,0.5,0,limb_reversal_s1,limb_reversal,1,True,0.8602193831752699,0.9536372654264158,0.9730636157843288,0.9598547018712338,0.9974174267551134,0.9548178331735379,0.9887368711995578,0.9748144509932329,0.9301373605667772,0.8784488059009615,0.9254443225929988,0.04038672534199661,0.018541422564236187
S0_b0.5_s0_lik0,S0,0.5,0,limb_reversal_s2,limb_reversal,2,True,0.8383059561359231,0.9314118820036968,0.9605777640582395,0.9416428797970187,0.9951717108899945,0.931486269004246,0.9778624239911553,0.9625324407577192,0.9071002600241181,0.8281498204923804,0.8781833690183996,0.062300152381343454,0.040766805986955146
S0_b0.5_s0_lik0,S0,0.5,0,limb_reversal_s3,limb_reversal,3,True,0.7827380851580118,0.8756684728048649,0.9390273704789834,0.9082223279416428,0.9896092454394694,0.84441771675113,0.9578755527915975,0.9248860025710057,0.844828723243895,0.7024072059071681,0.7697421101188922,0.11786802335925473,0.09651021518578706
S0_b0.5_s0_lik0,S0,0.5,0,baseline_step_s1,baseline_step,1,True,0.9005227900945021,0.9723920192053088,0.9829513299377476,0.9693892721217887,0.9979097567716971,0.9705305780030133,0.9973396904367053,0.982591137306265,0.9512572542960507,0.9269692014965757,0.9725899524779362,8.331842276443346e-05,-0.00021333121465683114
S0_b0.5_s0_lik0,S0,0.5,0,baseline_step_s2,baseline_step,2,True,0.9006540904806047,0.9722490295256478,0.9816522611514122,0.9704547256581034,0.9978579325594251,0.9700383509108341,0.9972705914870094,0.9830519779766668,0.9506213257461561,0.9267694253234725,0.9725246749177503,-4.798196333821725e-05,-7.034153499585472e-05
S0_b0.5_s0_lik0,S0,0.5,0,baseline_step_s3,baseline_step,3,True,0.898679379144188,0.9713549573079399,0.9792952873385811,0.9670799635267999,0.9979270315091211,0.9688013628270099,0.9971669430624654,0.9821060418637366,0.9506966950557734,0.926616198938277,0.9725050916496945,0.001926729373078473,0.0008237306827121316
S0_b0.5_s0_lik0,S0,0.5,0,seen_baseline_wander_s1,seen_baseline_wander,1,False,0.9004215432478097,0.9722227610542222,0.9812181663837012,0.9700434110371075,0.9978492951907132,0.9713138611149157,0.9973656025428413,0.9826639016226444,0.9513608870967741,0.925654169988188,0.9725355545111146,0.00018456526945687113,-4.407306357023799e-05
S0_b0.5_s0_lik0,S0,0.5,0,seen_baseline_wander_s2,seen_baseline_wander,2,False,0.9006300109450742,0.9723437500570145,0.9809609250398724,0.9696519188074849,0.9977888336097291,0.9730559169976716,0.9974260641238253,0.982851876106624,0.9516929831172747,0.9251013912567861,0.972563841453862,-2.3902427807698245e-05,-0.00016506206636246468
S0_b0.5_s0_lik0,S0,0.5,0,seen_baseline_wander_s3,seen_baseline_wander,3,False,0.8999100673312076,0.9725363448411039,0.9817004939033801,0.9707322391373295,0.9979702183526811,0.97034224763731,0.9973310530679934,0.9833369715491523,0.9521287119384987,0.9268605853247914,0.9724245826587986,0.0006960411860589266,-0.0003576568504518596
S0_b0.5_s0_lik0,S0,0.5,0,seen_emg_bursts_s1,seen_emg_bursts,1,False,0.9006072995732126,0.9722145879692979,0.9817133559705716,0.9696717411988582,0.9978492951907132,0.97126677852349,0.9973656025428413,0.9825972009992966,0.9514032823334337,0.9255785265828383,0.9724855083816388,-1.1910559460925896e-06,-3.589997864594796e-05
S0_b0.5_s0_lik0,S0,0.5,0,seen_emg_bursts_s2,seen_emg_bursts,2,False,0.8996093373603146,0.9724452423125715,0.9844047435303802,0.9685022201078339,0.9977542841348812,0.9710955691001233,0.9973742399115534,0.9830701690557617,0.9521145801929455,0.9254582729640771,0.9722331018155868,0.0009967711569519588,-0.0002665543219194655
S0_b0.5_s0_lik0,S0,0.5,0,seen_emg_bursts_s3,seen_emg_bursts,3,False,0.8975620237457277,0.9722635281963097,0.9822696403766014,0.9672088090707263,0.9977974709784412,0.9731029995890974,0.9973051409618574,0.9832126658420045,0.9521334225203497,0.9258287316928412,0.9715128727348687,0.0030440847715388353,-8.484020565768802e-05
S0_b0.5_s0_lik0,S0,0.5,0,seen_lead_scaling_s1,seen_lead_scaling,1,False,0.9006021287210414,0.9708805505809143,0.9814110973915728,0.9688986679352998,0.9978665699281372,0.9677141829886317,0.9973656025428413,0.9814420674767761,0.9466879899005125,0.9246494703991839,0.9718893066652741,3.979796225128673e-06,0.0012981374097377207
S0_b0.5_s0_lik0,S0,0.5,0,seen_lead_scaling_s2,seen_lead_scaling,2,False,0.9004226400207413,0.969804250638695,0.980555769923342,0.9686508880431335,0.9976592730790492,0.9675643747431859,0.9970632946379214,0.9811601057508064,0.942966630238167,0.922541152921872,0.9700767664107784,0.00018346849652517427,0.0023744373519569706
S0_b0.5_s0_lik0,S0,0.5,0,seen_lead_scaling_s3,seen_lead_scaling,3,False,0.8960655777152189,0.9677016760785482,0.9799641148325359,0.9671840310815097,0.9980652294085129,0.96803092042186,0.9968732725262576,0.9775522083970021,0.9368193209225204,0.9169338430535109,0.9678921440632235,0.004540530802047638,0.004477011912103812
S0_b0.5_s1_lik0,S0,0.5,1,clean,clean,0,False,0.9057711156170547,0.9701688957027756,0.979137727015486,0.9668718284173803,0.9974347014925373,0.9685745103410491,0.9980652294085129,0.9857472895292149,0.9480045975278866,0.9199595792675003,0.967724598325413,,
S0_b0.5_s1_lik0,S0,0.5,1,lead_dropout_s1,lead_dropout,1,True,0.8957758269204434,0.9632259201957137,0.9780380202706179,0.9624018791627023,0.9937810945273633,0.9568466648404328,0.9976333609729132,0.9764304251861554,0.9358512963521254,0.9042839381896399,0.963766602259474,0.00999528869661126,0.00694297550706191
S0_b0.5_s1_lik0,S0,0.5,1,lead_dropout_s2,lead_dropout,2,True,0.8888762553152509,0.9519301914049692,0.9797840458918556,0.9592600301300349,0.9913971807628524,0.9211709012464047,0.9974174267551132,0.9573510150622134,0.9290751243593609,0.8775624203562223,0.9543535780806656,0.01689486030180376,0.018238704297806496
S0_b0.5_s1_lik0,S0,0.5,1,lead_dropout_s3,lead_dropout,3,True,0.8792136577706184,0.9447559302182881,0.9764784946236559,0.9601619489375198,0.9942906992813709,0.9085784481577865,0.9954221945826424,0.9588396517014722,0.9020787797708774,0.8596756643527542,0.9472774905565131,0.02655745784643626,0.02541296548448757
S0_b0.5_s1_lik0,S0,0.5,1,limb_reversal_s1,limb_reversal,1,True,0.8687711335154329,0.9561011760186737,0.9729060554612337,0.9594285204567079,0.9976074488667772,0.9666141624435008,0.9949298645660586,0.9800595454655703,0.9345700180886344,0.8781093803641358,0.9206855884554459,0.03699998210162181,0.01406771968410192
S0_b0.5_s1_lik0,S0,0.5,1,limb_reversal_s2,limb_reversal,2,True,0.8490768986830513,0.9438958317007976,0.9671309872922775,0.9550874167459562,0.9969510088446656,0.9485644089850706,0.98822726644555,0.9765274442746611,0.9210153188121797,0.8500999850652764,0.8914586488415409,0.05669421693400345,0.02627306400197804
S0_b0.5_s1_lik0,S0,0.5,1,limb_reversal_s3,limb_reversal,3,True,0.8018801906714307,0.9213871815814174,0.9583783505685033,0.9372373533143039,0.9959577114427861,0.9319228530338309,0.9641203703703703,0.9640150137039464,0.8580348394633704,0.8038101001402312,0.879008042195415,0.10389092494562402,0.04878171412135823
S0_b0.5_s1_lik0,S0,0.5,1,baseline_step_s1,baseline_step,1,True,0.9052792363629633,0.9701759945403743,0.9784656840047332,0.9666240485252141,0.9975038004422333,0.9686429941103959,0.9980652294085129,0.9856805889058673,0.9475547369611095,0.9210263452403812,0.9680205232649224,0.000491879254091443,-7.098837598640273e-06
S0_b0.5_s1_lik0,S0,0.5,1,baseline_step_s2,baseline_step,2,True,0.9061405684335299,0.9701735089771506,0.9787647270669342,0.9661830003171583,0.9974001520176894,0.9680480413641968,0.997996130458817,0.9861383977297533,0.9479551364184504,0.9208944541746431,0.9681815412467143,-0.0003694528164751576,-4.613274374953846e-06
S0_b0.5_s1_lik0,S0,0.5,1,baseline_step_s3,baseline_step,3,True,0.9033378512441367,0.9696918954201289,0.9767807532026548,0.9665695369489374,0.9971842177998894,0.9692336666210108,0.997987493090105,0.9852500667006234,0.9465042772083208,0.9193505528757102,0.9683664943339079,0.0024332643729180203,0.00047700028264674454
S0_b0.5_s1_lik0,S0,0.5,1,seen_baseline_wander_s1,seen_baseline_wander,1,False,0.9055857971910689,0.9701587023144513,0.9788869167052529,0.9663564462416747,0.9974433388612494,0.968570230105465,0.998091141514649,0.9860747289529215,0.9483932205306,0.920192328207038,0.967419969711212,0.00018531842598579207,1.0193388324308827e-05
S0_b0.5_s1_lik0,S0,0.5,1,seen_baseline_wander_s2,seen_baseline_wander,2,False,0.9058345308589717,0.9706287777541799,0.9783595719504038,0.9672385426577863,0.9974692509673853,0.9712025749897274,0.998099778883361,0.9863263722137331,0.948058769219174,0.9208226899182858,0.9680814489877626,-6.341524191699754e-05,-0.00045988205140423677
S0_b0.5_s1_lik0,S0,0.5,1,seen_baseline_wander_s3,seen_baseline_wander,3,False,0.9035097576311879,0.9708760015651057,0.978886916705253,0.968244529019981,0.9971496683250415,0.9701753184495275,0.998056592039801,0.9864112639161755,0.9486876318962918,0.9220426822763622,0.9682294114575174,0.0022613579858667965,-0.0007071058623300264
S0_b0.5_s1_lik0,S0,0.5,1,seen_emg_bursts_s1,seen_emg_bursts,1,False,0.9056893990324015,0.9703116227957581,0.9794914338632505,0.9665249365683477,0.9974174267551134,0.9688612861251884,0.998091141514649,0.9858624996968153,0.9482283501658124,0.9203940439546373,0.967933486518008,8.171658465316867e-05,-0.00014272709298246422
S0_b0.5_s1_lik0,S0,0.5,1,seen_emg_bursts_s2,seen_emg_bursts,2,False,0.9047356847865873,0.9705116509241696,0.9807390543808201,0.9658460196638122,0.9973915146489774,0.9698414600739624,0.998099778883361,0.9859049455480365,0.9486593684051854,0.9204677477854908,0.9676549689278813,0.001035430830467421,-0.0003427552213939311
S0_b0.5_s1_lik0,S0,0.5,1,seen_emg_bursts_s3,seen_emg_bursts,3,False,0.9043785006916374,0.9697174223994032,0.9786843391469877,0.9638390025372661,0.9973396904367053,0.9668238939871251,0.998125690989497,0.9855987290499405,0.9489679115164305,0.9204813248069639,0.9675962191237141,0.0013926149254173126,0.0004514733033724738
S0_b0.5_s1_lik0,S0,0.5,1,seen_lead_scaling_s1,seen_lead_scaling,1,False,0.9053360035181773,0.9697062819602724,0.9788644080876678,0.9670353631462101,0.9971583056937534,0.9686429941103958,0.998082504145937,0.9840039777826287,0.9464029996985227,0.9194979605374173,0.9676680244399185,0.000435112098877366,0.0004626137425032262
S0_b0.5_s1_lik0,S0,0.5,1,seen_lead_scaling_s2,seen_lead_scaling,2,False,0.904934642283831,0.9691090768116748,0.9793981838761125,0.9667033380907073,0.9976074488667772,0.9677698260512259,0.9979183941404091,0.9851954934633389,0.9440901040096472,0.9162162004899365,0.9670827023169183,0.0008364733332236751,0.00105981889110085
S0_b0.5_s1_lik0,S0,0.5,1,seen_lead_scaling_s3,seen_lead_scaling,3,False,0.8991053214681021,0.9657702708340865,0.9803757009826619,0.9635218442752933,0.9974433388612493,0.96962316805917,0.997892482034273,0.982591137306265,0.9317742877600242,0.9083143739926335,0.960396104235208,0.006665794148952631,0.004398624868689138
S0_b0.5_s2_lik0,S0,0.5,2,clean,clean,0,False,0.902130374963517,0.9706961002241482,0.982758398929876,0.9655932841738026,0.998065229408513,0.9640374606218325,0.9974174267551132,0.9834461180237212,0.952644520651191,0.9198800567131583,0.9724224067401256,,
S0_b0.5_s2_lik0,S0,0.5,2,lead_dropout_s1,lead_dropout,1,True,0.8946646100244016,0.9642084225682205,0.9816297525338272,0.9639480256898192,0.9966314262023217,0.9541843583070811,0.9973224156992814,0.9743899924810207,0.9363105780826048,0.9025926292289997,0.9708666248890282,0.007465764939115438,0.006487677655927726
S0_b0.5_s2_lik0,S0,0.5,2,lead_dropout_s2,lead_dropout,2,True,0.8840540977159073,0.9527862397867182,0.9808387354015538,0.9591757849666984,0.9936515339966833,0.9193689220654705,0.9962600193477059,0.9602373329452569,0.9251182356044618,0.875423069686972,0.9650025240656606,0.01807627724760974,0.017909860437430036
S0_b0.5_s2_lik0,S0,0.5,2,lead_dropout_s3,lead_dropout,3,True,0.8750418841617065,0.9421734958461708,0.9791698821834645,0.9507562242308912,0.9929605444997236,0.9035234899328859,0.992157269209508,0.9543525188580854,0.8923914681941513,0.8587563060415806,0.9554937594652463,0.027088490801810527,0.02852260437797738
S0_b0.5_s2_lik0,S0,0.5,2,limb_reversal_s1,limb_reversal,1,True,0.8639271251100739,0.9578131336538127,0.9736745639759222,0.9547999920710435,0.9968991846323936,0.9448320435556773,0.9908616639027087,0.9782070872444153,0.9433293450406994,0.8930305269629948,0.9446837954984595,0.038203249853443144,0.012882966570335497
S0_b0.5_s2_lik0,S0,0.5,2,limb_reversal_s2,limb_reversal,2,True,0.841116030331473,0.9445030332396134,0.9629636775222513,0.947554908024104,0.9963291182974019,0.9201265237638679,0.9741397180762853,0.9723101457711805,0.9333287797708772,0.8733651811465601,0.9204092467839922,0.061014344632044026,0.02619306698453483
S0_b0.5_s2_lik0,S0,0.5,2,limb_reversal_s3,limb_reversal,3,True,0.7804374274773379,0.9109133601137788,0.9507382826567885,0.9293926419283222,0.9897906301824212,0.8559486714148747,0.8986318407960199,0.950283780833879,0.9092341536026529,0.8441047602976859,0.8700954793113652,0.12169294748617909,0.05978274011036944
S0_b0.5_s2_lik0,S0,0.5,2,baseline_step_s1,baseline_step,1,True,0.9012680990492142,0.9705784914721427,0.9823628903637392,0.9657716856961623,0.998108416252073,0.9631129297356527,0.9973742399115534,0.9833763855538578,0.9522252788664457,0.920523995445879,0.9723506014239212,0.0008622759143027681,0.00011760875200550469
S0_b0.5_s2_lik0,S0,0.5,2,baseline_step_s2,baseline_step,2,True,0.9013832786995283,0.9701758343669383,0.9808001491999794,0.9659104424357754,0.997935668877833,0.9630273250239694,0.9973137783305694,0.9836522835867957,0.951148910913476,0.9197675613923817,0.9720263895416645,0.0007470962639887224,0.0005202658572098784
S0_b0.5_s2_lik0,S0,0.5,2,baseline_step_s3,baseline_step,3,True,0.8977970956322168,0.9698926294405008,0.9820091835159747,0.9642106723755155,0.9977801962410171,0.9628218737159293,0.9972533167495855,0.9832823983118679,0.9499830419053362,0.9189354839335346,0.9727574982157468,0.004333279331300233,0.0008034707836473975
S0_b0.5_s2_lik0,S0,0.5,2,seen_baseline_wander_s1,seen_baseline_wander,1,False,0.9016405537519879,0.9707564586565888,0.983009209240109,0.9658509752616555,0.998030679933665,0.9635666347075743,0.9974087893864013,0.9835977103495113,0.9525667960506482,0.9204115001251025,0.9723658328546312,0.0004898212115290734,-6.0358432440565934e-05
S0_b0.5_s2_lik0,S0,0.5,2,seen_baseline_wander_s2,seen_baseline_wander,2,False,0.9020552827119255,0.9707976274919723,0.9828452178834182,0.9658707976530289,0.998013405196241,0.9641787083961102,0.9974433388612493,0.98380084406607,0.9520180132649986,0.9205336933183597,0.9724746287882745,7.509225159152422e-05,-0.00010152726782408639
S0_b0.5_s2_lik0,S0,0.5,2,seen_baseline_wander_s3,seen_baseline_wander,3,False,0.9001646162215857,0.9703904293190685,0.9810991922621805,0.9660293767840153,0.9979443062465451,0.9643713189973976,0.9974951630735213,0.984031264401271,0.9517895500452216,0.9194475316005174,0.9713061604609466,0.0019657587419312783,0.0003056709050797135
S0_b0.5_s2_lik0,S0,0.5,2,seen_emg_bursts_s1,seen_emg_bursts,1,False,0.9020351997694234,0.9706635517347535,0.9829706230385348,0.9648598556929908,0.998065229408513,0.9640032187371592,0.9974519762299613,0.9836401562007325,0.9527834828157975,0.9200992286312228,0.9720981948578691,9.517519409363295e-05,3.2548489394712554e-05
S0_b0.5_s2_lik0,S0,0.5,2,seen_emg_bursts_s2,seen_emg_bursts,2,False,0.9009545346676728,0.9710715134232822,0.9841475021865514,0.9653455042816366,0.997987493090105,0.9641744281605258,0.9975297125483693,0.9839039268476073,0.9531344211637022,0.9218642414227166,0.9715563911083258,0.001175840295844166,-0.0003754131991340337
S0_b0.5_s2_lik0,S0,0.5,2,seen_emg_bursts_s3,seen_emg_bursts,3,False,0.8985235932187854,0.9705065983139973,0.981224597417297,0.9633236203615605,0.997987493090105,0.9627662306533351,0.9975469872857933,0.9838023599893279,0.9540883139885438,0.9230706567593201,0.9707491252806936,0.003606781744731613,0.00018950191015087992
S0_b0.5_s2_lik0,S0,0.5,2,seen_lead_scaling_s1,seen_lead_scaling,1,False,0.9019567933088248,0.9697152249019536,0.9824657869012707,0.9640570488423723,0.997866569928137,0.9633483426927818,0.9974951630735213,0.9836522835867957,0.948251903075068,0.9179036303015845,0.9723962957160514,0.00017358165469216758,0.0009808753221945965
S0_b0.5_s2_lik0,S0,0.5,2,seen_lead_scaling_s2,seen_lead_scaling,2,False,0.9019522656537071,0.9686521378283819,0.9828420023666203,0.9633682207421503,0.997961580983969,0.9625950212299685,0.9967955362078497,0.9823910354362221,0.9436496646065722,0.9171297400776218,0.9711364388044633,0.00017810930980988182,0.002043962395766319
S0_b0.5_s2_lik0,S0,0.5,2,seen_lead_scaling_s3,seen_lead_scaling,3,False,0.8951563240836932,0.9652186787209351,0.9836233729485003,0.9649391452584839,0.998134328358209,0.9579894877414054,0.9968991846323936,0.9808872395643843,0.9312090179378958,0.9076723748344088,0.9656139572127354,0.006974050879823834,0.005477421503213065
S0_b0.5_s3_lik0,S0,0.5,3,clean,clean,0,False,0.9105906707756218,0.9705413323305925,0.9798676493286,0.9735668411037108,0.9965364151464898,0.9659849678126284,0.9972792288557214,0.9816967425841034,0.948661723696111,0.9194805043669521,0.9717979180810138,,
S0_b0.5_s3_lik0,S0,0.5,3,lead_dropout_s1,lead_dropout,1,True,0.8967576583418035,0.9636659552630245,0.9819223645624325,0.9711435537583254,0.9927964344941957,0.9494418572798247,0.9962081951354339,0.9723586553154333,0.9394760890865239,0.9011689815488277,0.9684774661862237,0.013833012433818292,0.006875377067568023
S0_b0.5_s3_lik0,S0,0.5,3,lead_dropout_s2,lead_dropout,2,True,0.886073994687016,0.9508329815523546,0.979571821783197,0.9684179749444974,0.9869230237700386,0.91056447746884,0.9959231619679381,0.9466637560940114,0.9260579966837504,0.8797211667704339,0.9636534544884849,0.02451667608860586,0.01970835077823785
S0_b0.5_s3_lik0,S0,0.5,3,lead_dropout_s3,lead_dropout,3,True,0.8785326919799249,0.9427936082663501,0.9744302104234194,0.9636060894386298,0.9878644969596462,0.8956992192850294,0.9849796158098396,0.9591731548182104,0.8905519859813085,0.8755394441567408,0.9532982575243267,0.03205797879569694,0.02774772406424242
S0_b0.5_s3_lik0,S0,0.5,3,limb_reversal_s1,limb_reversal,1,True,0.87085969650583,0.9572511712140366,0.9771698307351957,0.9627735490009515,0.9948434908789386,0.9487827009998631,0.9849450663349917,0.9715915981469355,0.9420975278866447,0.8751825624494498,0.957874214493359,0.039730974269791886,0.013290161116555899
S0_b0.5_s3_lik0,S0,0.5,3,limb_reversal_s2,limb_reversal,2,True,0.8545335802083092,0.9404802112217442,0.9714301332510161,0.9437341420869014,0.9930210060807075,0.9164968839884946,0.9603717523493642,0.96438793082539,0.925695281881218,0.8436567185890759,0.9455280519435306,0.05605709056731267,0.030061121108848288
S0_b0.5_s3_lik0,S0,0.5,3,limb_reversal_s3,limb_reversal,3,True,0.8191033864068258,0.9172272775085071,0.9688480732623347,0.9004172613384079,0.9869143864013267,0.8867064443226955,0.9117520038695412,0.9539250284993573,0.9119380275851674,0.8141654883751602,0.9203787839225721,0.09148728436879605,0.0533140548220854
S0_b0.5_s3_lik0,S0,0.5,3,baseline_step_s1,baseline_step,1,True,0.9107940316555746,0.9705483143444109,0.9801055975716417,0.9733289724072313,0.9965709646213378,0.9657752362690043,0.9971323935876175,0.9816452011933348,0.9485274721133555,0.9200837120352537,0.9717652793009208,-0.00020336087995276309,-6.982013818435107e-06
S0_b0.5_s3_lik0,S0,0.5,3,baseline_step_s2,baseline_step,2,True,0.9107572530843236,0.9703913579400321,0.9796425631527499,0.9731703932762448,0.9963291182974019,0.965539823311875,0.9970114704256495,0.9813389846952387,0.9490833207717817,0.9198218694782738,0.9715846780510732,-0.00016658230870181256,0.0001499743905604145
S0_b0.5_s3_lik0,S0,0.5,3,baseline_step_s3,baseline_step,3,True,0.9078929544146607,0.9696309372096577,0.9793017183721767,0.9713219552806851,0.9963291182974019,0.9648293042049034,0.9961304588170259,0.981305634383565,0.9464077102803738,0.9192807281938489,0.9717718070569394,0.0026977163609611665,0.000910395120934826
S0_b0.5_s3_lik0,S0,0.5,3,seen_baseline_wander_s1,seen_baseline_wander,1,False,0.9103770162614039,0.9705081300427475,0.9799030200133765,0.9726252775134793,0.9964673161967939,0.9657367141487468,0.9972446793808734,0.981748283974872,0.9489561350618028,0.9199828541614541,0.9719088899333298,0.00021365451421795356,3.320228784498003e-05
S0_b0.5_s3_lik0,S0,0.5,3,seen_baseline_wander_s2,seen_baseline_wander,2,False,0.9100425854465973,0.97110290698908,0.9795878993671863,0.97392364414843,0.9965191404090658,0.9698157786604574,0.9973224156992814,0.9816815833515244,0.9485816438046427,0.9200934099077344,0.9724006475533971,0.0005480853290245058,-0.0005615746584874959
S0_b0.5_s3_lik0,S0,0.5,3,seen_baseline_wander_s3,seen_baseline_wander,3,False,0.908300309771965,0.9706600273936797,0.9790862787467202,0.9724220980019029,0.9964845909342177,0.9675515340364333,0.9971410309563296,0.9821909335661791,0.9483249170937594,0.9213521937557339,0.9713866694518426,0.002290361003656871,-0.00011869506308725963
S0_b0.5_s3_lik0,S0,0.5,3,seen_emg_bursts_s1,seen_emg_bursts,1,False,0.9101393742595122,0.9706248349706633,0.9799705458661315,0.973418173168411,0.9965450525152018,0.965972127105876,0.9972878662244334,0.9818149845982197,0.9483743782031957,0.92024663629293,0.9719937507615717,0.00045129651610964494,-8.350264007084274e-05
S0_b0.5_s3_lik0,S0,0.5,3,seen_emg_bursts_s2,seen_emg_bursts,2,False,0.9102046360285784,0.9706921007973652,0.9793692442249318,0.9696766967967017,0.9965536898839138,0.9680737227777018,0.9973310530679934,0.982087850784642,0.948939648025324,0.9223142227058228,0.9718827789092555,0.0003860347470434622,-0.0001507684667727549
S0_b0.5_s3_lik0,S0,0.5,3,seen_emg_bursts_s3,seen_emg_bursts,3,False,0.908372258719617,0.9702864252367335,0.9779286926994907,0.9692505153821757,0.9966832504145937,0.9665627996164908,0.9972705914870095,0.981857430449441,0.9500678323786554,0.921617915461706,0.9713387992410396,0.002218412056004815,0.00025490709385900256
S0_b0.5_s3_lik0,S0,0.5,3,seen_lead_scaling_s1,seen_lead_scaling,1,False,0.9096006526988332,0.9696160046839961,0.9799512527653444,0.9719711385981605,0.9963895798783858,0.964713737844131,0.9970892067440575,0.9803233161124452,0.9467963332830871,0.9175855400842163,0.9717239368461366,0.000990018076788668,0.0009253276465963634
S0_b0.5_s3_lik0,S0,0.5,3,seen_lead_scaling_s2,seen_lead_scaling,2,False,0.9081473218120001,0.9692161146691483,0.9794657097288677,0.9721544957183634,0.996268656716418,0.9643927201753184,0.9965709646213378,0.9806628829222149,0.9447260325595418,0.9174866217849129,0.9712169477953592,0.00244334896362175,0.0013252176614442224
S0_b0.5_s3_lik0,S0,0.5,3,seen_lead_scaling_s3,seen_lead_scaling,3,False,0.904619709091615,0.9657851522586901,0.9803210371970984,0.9685121313035205,0.9970892067440574,0.9634253869332968,0.9967782614704257,0.9778068835043295,0.9347395990352729,0.9078256012196045,0.9655682629206052,0.0059709616840067925,0.004756180071902372
S0_b0.5_s4_lik0,S0,0.5,4,clean,clean,0,False,0.9055587716206787,0.9706020197706082,0.9844368986983588,0.975023786869648,0.998013405196241,0.9683390973839201,0.9983416252072969,0.979438016929831,0.9337857062104311,0.9279215325741839,0.970118108865563,,
S0_b0.5_s4_lik0,S0,0.5,4,lead_dropout_s1,lead_dropout,1,True,0.8930189781790132,0.9637068905845901,0.9848549158820805,0.9746570726292421,0.9964932283029297,0.9566583344747295,0.9969423714759535,0.9705183244803415,0.919529130238167,0.9080816250530959,0.9656270127247724,0.012539793441665448,0.00689512918601809
S0_b0.5_s4_lik0,S0,0.5,4,lead_dropout_s2,lead_dropout,2,True,0.8924210536094038,0.9549578988267101,0.9823661058805372,0.9704745480494767,0.9937379076838032,0.9400681413505,0.9964932283029297,0.9531276528657012,0.9155910838106722,0.8779774892983977,0.964784932198374,0.013137718011274835,0.01564412094389811
S0_b0.5_s4_lik0,S0,0.5,4,lead_dropout_s3,lead_dropout,3,True,0.875558426431313,0.9438205379923611,0.97973259762309,0.9700186330478909,0.9910689607517965,0.9222538008491988,0.9948434908789386,0.9417551965849282,0.8843811237564064,0.8592043477501906,0.9511266906888088,0.030000345189365674,0.02678148177824713
S0_b0.5_s4_lik0,S0,0.5,4,limb_reversal_s1,limb_reversal,1,True,0.8666574113710678,0.9539795998405167,0.9802181406595668,0.9717233587059942,0.998168877833057,0.9684760649226134,0.9944375345494748,0.9740686167503456,0.9003264433222792,0.8576585068767615,0.9407388549445576,0.03890136024961088,0.016622419930091503
S0_b0.5_s4_lik0,S0,0.5,4,limb_reversal_s2,limb_reversal,2,True,0.8381892705198224,0.9395726599004165,0.9751183310181613,0.9668520060260071,0.9976679104477612,0.9500710519106972,0.9855928689883914,0.9699149870236968,0.8780077065119083,0.8130638100613486,0.9198652671157763,0.06736950110085627,0.03102935987019173
S0_b0.5_s4_lik0,S0,0.5,4,limb_reversal_s3,limb_reversal,3,True,0.7757346434626621,0.9170763273567302,0.9626196172248803,0.9478968442752934,0.9967177998894416,0.9205374263799481,0.9730427722498618,0.9641090009459361,0.8151261493819717,0.7500838865969583,0.9235534492662802,0.12982412815801658,0.05352569241387806
S0_b0.5_s4_lik0,S0,0.5,4,baseline_step_s1,baseline_step,1,True,0.9046986715643206,0.9707647094787227,0.9848066831301128,0.974810696162385,0.997961580983969,0.9675344130940967,0.9983243504698728,0.9797260423488321,0.9333593985529093,0.9295818083428856,0.9707774122234407,0.0008601000563580596,-0.00016268970811450512
S0_b0.5_s4_lik0,S0,0.5,4,baseline_step_s2,baseline_step,2,True,0.9031250218193616,0.9703889515916276,0.9845044245511139,0.9751922771963211,0.998004767827529,0.9661433365292426,0.9982811636263128,0.9795198767857576,0.9347961260174857,0.9269013163892105,0.9701572754016746,0.0024337498013170533,0.00021306817898059105
S0_b0.5_s4_lik0,S0,0.5,4,baseline_step_s3,baseline_step,3,True,0.9016015151053504,0.9704871160915024,0.983607295364511,0.9749048525214082,0.9977888336097291,0.9685060265717025,0.998237976782753,0.979007494724587,0.9326386795296956,0.929228805784587,0.9704640799345484,0.0039572565153283,0.00011490367910582666
S0_b0.5_s4_lik0,S0,0.5,4,seen_baseline_wander_s1,seen_baseline_wander,1,False,0.905752723557789,0.9704945022881861,0.9843372176776252,0.9748206073580716,0.997961580983969,0.9678126284070676,0.9983157131011609,0.9797139149627689,0.9340659858305698,0.9274831887380546,0.9699396835343882,-0.0001939519371103593,0.00010751748242210368
S0_b0.5_s4_lik0,S0,0.5,4,seen_baseline_wander_s2,seen_baseline_wander,2,False,0.9054160358197452,0.9707074725490129,0.983240726449555,0.9748206073580716,0.9979702183526811,0.9708430352006575,0.9983502625760088,0.9795532270974314,0.9333122927343986,0.9275995632078234,0.9706773199644891,0.00014273580093349114,-0.00010545277840467993
S0_b0.5_s4_lik0,S0,0.5,4,seen_baseline_wander_s3,seen_baseline_wander,3,False,0.9047056765516809,0.9703395377426531,0.9839127694603076,0.9747760069774818,0.997892482034273,0.9673674839063142,0.9983157131011609,0.9803839530427612,0.934318001959602,0.9265871053208348,0.9695023238811425,0.0008530950689977779,0.000262482027955091
S0_b0.5_s4_lik0,S0,0.5,4,seen_emg_bursts_s1,seen_emg_bursts,1,False,0.905621657211819,0.9706952385119466,0.9844594073159438,0.9749692752933714,0.9979270315091211,0.9676799411039584,0.9983675373134328,0.9799291760653908,0.9344075030147725,0.9281445836412409,0.9703726913502881,-6.288559114031589e-05,-9.321874133838559e-05
S0_b0.5_s4_lik0,S0,0.5,4,seen_emg_bursts_s2,seen_emg_bursts,2,False,0.9048443289137553,0.971205691453288,0.9848517003652827,0.9741119568664763,0.997944306246545,0.96869863717299,0.9983588999447208,0.9813026025370493,0.9356534519143804,0.9296070228113357,0.9703226452208122,0.000714442706923335,-0.0006036716826797184
S0_b0.5_s4_lik0,S0,0.5,4,seen_emg_bursts_s3,seen_emg_bursts,3,False,0.9011736141272911,0.9705460009270096,0.9824625713844729,0.9721396289248335,0.9978665699281372,0.9651417614025476,0.9983761746821448,0.9823849717431905,0.9380817568586072,0.9293956091912556,0.969064964227897,0.004385157493387526,5.601884359862641e-05
S0_b0.5_s4_lik0,S0,0.5,4,seen_lead_scaling_s1,seen_lead_scaling,1,False,0.9044589525311627,0.9700138914203795,0.983973864279467,0.9745926498572788,0.9978320204532891,0.9669223394055608,0.9982638888888888,0.9782374057095734,0.932935446186313,0.9271883734146403,0.9701790345884033,0.001099819089515952,0.0005881283502287005
S0_b0.5_s4_lik0,S0,0.5,4,seen_lead_scaling_s2,seen_lead_scaling,2,False,0.9051253088699381,0.969159719092838,0.9849738900036014,0.9740178005074531,0.997987493090105,0.9660791329954801,0.9979270315091211,0.9792742972179775,0.9301538476032559,0.9235225776169224,0.9685014012916253,0.0004334627507405209,0.0014423006777701808
S0_b0.5_s4_lik0,S0,0.5,4,seen_lead_scaling_s3,seen_lead_scaling,3,False,0.8991033174218416,0.9669420891283799,0.9833404074702887,0.9765302886140184,0.9982552515201768,0.9649448705656759,0.9981516030956329,0.9753965655242669,0.9235496118480554,0.9164373119824972,0.965872891534806,0.006455454198837085,0.0036599306422283595
S0_b1_s0_lik0,S0,1.0,0,clean,clean,0,False,0.9227612490769223,0.975539900359437,0.9870639759222103,0.9736907310497939,0.9970892067440575,0.974635323928229,0.997978855721393,0.9857957990734677,0.9492929416641545,0.937394414413366,0.976917854718262,,
S0_b1_s0_lik0,S0,1.0,0,lead_dropout_s1,lead_dropout,1,True,0.9111231979033874,0.9692884122761433,0.9873758810516026,0.973140659689185,0.9937465450525153,0.9589611012190111,0.9977974709784412,0.978088845230299,0.9373798801627977,0.9236428312356835,0.9734624958657545,0.011638051173534891,0.006251488083293788
S0_b1_s0_lik0,S0,1.0,0,lead_dropout_s2,lead_dropout,2,True,0.9009835454331248,0.9571743117392213,0.9851700365282708,0.9690522914684427,0.9894019485903814,0.9283959389124777,0.9979529436152571,0.9523605956972034,0.9249992934127222,0.8994350019492724,0.9678007554789633,0.021777703643797497,0.018365588620215756
S0_b1_s0_lik0,S0,1.0,0,lead_dropout_s3,lead_dropout,3,True,0.8930778902775464,0.9484030539758136,0.9820960024695169,0.9602461941008563,0.9807473051409619,0.9215518422133954,0.9943252487562189,0.9486950932595987,0.9066527547482665,0.8842112817290144,0.9571017633644925,0.029683358799375892,0.02713684638362346
S0_b1_s0_lik0,S0,1.0,0,limb_reversal_s1,limb_reversal,1,True,0.8859849571837075,0.9632089288570107,0.9795364510984206,0.9695379400570885,0.9967437119955777,0.9530543761128611,0.9964759535655058,0.9801595964005918,0.938745948899608,0.888309602639373,0.9663167789440703,0.03677629189321474,0.012330971502426347
S0_b1_s0_lik0,S0,1.0,0,limb_reversal_s2,limb_reversal,2,True,0.8657703458483367,0.9508670200613106,0.9720185728250244,0.9632938867745005,0.9958022388059701,0.9190307834543213,0.993971116639027,0.9759513934366586,0.9273604725655713,0.8507031927335782,0.9596715233171446,0.05699090322858558,0.02467288029812642
S0_b1_s0_lik0,S0,1.0,0,limb_reversal_s3,limb_reversal,3,True,0.8108605363617433,0.9259263323881205,0.9667901425117045,0.9457461148112908,0.9934183250414593,0.8563595740309546,0.9875621890547264,0.9639665041596934,0.8808034368405184,0.7889587782232335,0.9497319268195032,0.11190071271517898,0.04961356797131655
S0_b1_s0_lik0,S0,1.0,0,baseline_step_s1,baseline_step,1,True,0.922617364787465,0.9755170579401897,0.9862986829243197,0.97396824452902,0.9970892067440575,0.9740189700041091,0.997978855721393,0.9857290984501201,0.9489514244799518,0.9383486850654703,0.977270353543266,0.00014388428945721898,2.284241924732644e-05
S0_b1_s0_lik0,S0,1.0,0,baseline_step_s2,baseline_step,2,True,0.9213745148132609,0.9755540662716091,0.9874048207027833,0.9728334126228988,0.9971583056937535,0.973813518696069,0.9980911415146491,0.9862384486647748,0.9491280712993669,0.9380441718695751,0.9772747053806117,0.0013867342636613156,-1.4165912172070527e-05
S0_b1_s0_lik0,S0,1.0,0,baseline_step_s3,baseline_step,3,True,0.9229377436303865,0.9756141427366318,0.9861764932860009,0.9728879241991755,0.9971669430624654,0.9767197986577182,0.9978665699281372,0.9855471876591719,0.9486923424781429,0.9382323105957016,0.9772377147631731,-0.00017649455346424592,-7.424237719477755e-05
S0_b1_s0_lik0,S0,1.0,0,seen_baseline_wander_s1,seen_baseline_wander,1,False,0.9226493557886195,0.9755304363966751,0.9873501569172197,0.973571796701554,0.9970546572692096,0.9746096425147239,0.9979183941404091,0.985959518785321,0.9493447580645161,0.9371907590912705,0.9767742440858531,0.00011189328830274459,9.46396276191308e-06
S0_b1_s0_lik0,S0,1.0,0,seen_baseline_wander_s2,seen_baseline_wander,2,False,0.921999603682965,0.9755188727638324,0.9857198899007048,0.9732992388201712,0.9969855583195136,0.9759878783728257,0.997883844665561,0.9858715952363628,0.950510627072656,0.936539062060565,0.976872160426132,0.0007616453939572887,2.102759560462797e-05
S0_b1_s0_lik0,S0,1.0,0,seen_baseline_wander_s3,seen_baseline_wander,3,False,0.9211964655951632,0.9756729003880528,0.9870253897206359,0.9727045670789725,0.9971151188501934,0.9761590877961923,0.998030679933665,0.9861020155715637,0.9505907069641242,0.9365390620605651,0.976789475516563,0.0015647834817590356,-0.00013300002861571514
S0_b1_s0_lik0,S0,1.0,0,seen_emg_bursts_s1,seen_emg_bursts,1,False,0.9229120857684155,0.9756121694822062,0.9873565879508155,0.9736808198541073,0.9970978441127696,0.9746096425147239,0.997961580983969,0.9857048436779936,0.9493094287006331,0.9377338399501918,0.9770549375946523,-0.0001508366914932946,-7.226912276914188e-05
S0_b1_s0_lik0,S0,1.0,0,seen_emg_bursts_s2,seen_emg_bursts,2,False,0.9219554702864946,0.975198460634163,0.9862022174203838,0.9706529495718363,0.9970287451630735,0.9740104095329407,0.9979788557213931,0.986356690678891,0.9501432016882726,0.9379956825071716,0.9764173934235035,0.000805778790427647,0.00034143972527400646
S0_b1_s0_lik0,S0,1.0,0,seen_emg_bursts_s3,seen_emg_bursts,3,False,0.9199658722000315,0.9750475236112632,0.9865848639193292,0.9695577624484618,0.9971496683250415,0.9744598342692783,0.9979702183526811,0.9858443086177205,0.9500819641242088,0.9381450297433748,0.9756340627012725,0.0027953768768907983,0.0004923767481738173
S0_b1_s0_lik0,S0,1.0,0,seen_lead_scaling_s1,seen_lead_scaling,1,False,0.9225347758817731,0.9746523887217654,0.9870639759222102,0.9731257928956549,0.9969510088446656,0.9733598137241473,0.998030679933665,0.9849681049746537,0.9459908237865541,0.9359377939667596,0.9764435044475778,0.0002264731951491239,0.0008875116376716452
S0_b1_s0_lik0,S0,1.0,0,seen_lead_scaling_s2,seen_lead_scaling,2,False,0.92244717334954,0.9740212755593175,0.9861572001852137,0.974092134475103,0.9970287451630735,0.9714893507738666,0.9972705914870095,0.9857200029105726,0.9439016807356044,0.9343841947953457,0.9761475795080683,0.0003140757273822903,0.0015186248001195501
S0_b1_s0_lik0,S0,1.0,0,seen_lead_scaling_s3,seen_lead_scaling,3,False,0.91608465849193,0.9709159659600667,0.9871572259093482,0.9727144782746591,0.9973137783305694,0.9710656074510342,0.9978579325594251,0.9798412525164326,0.9313055848658427,0.9275122823554969,0.9734755513777917,0.006676590584992259,0.004623934399370366
S0_b1_s1_lik0,S0,1.0,1,clean,clean,0,False,0.9230645588196685,0.9758338086207652,0.9868678293975408,0.9789089755788138,0.997892482034273,0.9714337077112725,0.9977715588723052,0.9869751873681146,0.9533652396744047,0.93515226629582,0.9741370306543422,,
S0_b1_s1_lik0,S0,1.0,1,lead_dropout_s1,lead_dropout,1,True,0.9136435352142592,0.9701079202255344,0.9866684673560735,0.9806830796067237,0.9968905472636815,0.9575614641829886,0.9973137783305693,0.9778190108903926,0.9457388076575219,0.9193660694716792,0.9689300572701794,0.009421023605409307,0.005725888395230805
S0_b1_s1_lik0,S0,1.0,1,lead_dropout_s2,lead_dropout,2,True,0.9037201892874033,0.9598862262855552,0.9855912692287905,0.9761041071994925,0.9945843698175788,0.9330357142857142,0.9975556246545052,0.9578391423512577,0.931501074012662,0.8990916972634543,0.9636730377565408,0.01934436953226526,0.015947582335209987
S0_b1_s1_lik0,S0,1.0,1,lead_dropout_s3,lead_dropout,3,True,0.891489216391686,0.9517947747804789,0.9821088645367084,0.9724766095781795,0.9947225677169707,0.9166167305848514,0.9969423714759535,0.9563050280142619,0.9091116784745252,0.8873495132637801,0.9505196093790799,0.031575342427982545,0.024039033840286272
S0_b1_s1_lik0,S0,1.0,1,limb_reversal_s1,limb_reversal,1,True,0.8954272217381579,0.9679640693877499,0.9817840973401245,0.9713616000634316,0.9973051409618574,0.9678682714696617,0.9928655334438916,0.981948385844915,0.945079326198372,0.9074978131297556,0.9659664560377392,0.027637337081510616,0.00786973923301526
S0_b1_s1_lik0,S0,1.0,1,limb_reversal_s2,limb_reversal,2,True,0.8774893300488219,0.9603783037306349,0.9761183567422956,0.9603155724706629,0.9965623272526257,0.9607716408711137,0.9895919707020454,0.9776795459506658,0.9352836712390714,0.8864592485700488,0.9606223997771859,0.04557522877084663,0.015455504890130256
S0_b1_s1_lik0,S0,1.0,1,limb_reversal_s3,limb_reversal,3,True,0.8509410978175175,0.9458494648186809,0.9753627102947986,0.9386893434823977,0.9953617330016584,0.9385486577181208,0.9859988253178551,0.9705607703315627,0.908287326650588,0.8498536591042657,0.9499821574668825,0.07212346100215106,0.029984343802084257
S0_b1_s1_lik0,S0,1.0,1,baseline_step_s1,baseline_step,1,True,0.9228904095288548,0.9756814820813065,0.985735967484694,0.978651284490961,0.9978838446655611,0.9718959731543624,0.9977629215035931,0.9869175822843145,0.9527457981609888,0.9353093718300078,0.9742305951572754,0.00017414929081371877,0.00015232653945873587
S0_b1_s1_lik0,S0,1.0,1,baseline_step_s2,baseline_step,2,True,0.9221353556345303,0.9756731153275849,0.9867359932088284,0.9789238423723439,0.997892482034273,0.9713309820572525,0.9976679104477612,0.9867387033398821,0.9522982928851373,0.9354742356621805,0.9739955959406061,0.0009292031851382276,0.0001606932931802474
S0_b1_s1_lik0,S0,1.0,1,baseline_step_s3,baseline_step,3,True,0.9215166479084027,0.9757648588253107,0.9849738900036015,0.9788941087852838,0.9979011194029851,0.9734154567867416,0.9974174267551132,0.9872480535545369,0.9522441211938498,0.9355110875776071,0.9742784653680783,0.0015479109112658263,6.894979545446489e-05
S0_b1_s1_lik0,S0,1.0,1,seen_baseline_wander_s1,seen_baseline_wander,1,False,0.9223197464561135,0.9758265413744971,0.9872826310644647,0.9790923326990167,0.9979183941404091,0.971241097109985,0.9977888336097291,0.9868933275121881,0.9531768164003618,0.9350106773576012,0.9740347624767178,0.0007448123635550585,7.267246268094496e-06
S0_b1_s1_lik0,S0,1.0,1,seen_baseline_wander_s2,seen_baseline_wander,2,False,0.9228180918585441,0.9757675579263769,0.9861636312188095,0.9793004678084363,0.9979356688778331,0.972246952472264,0.9977456467661692,0.9869630599820515,0.953084960054266,0.9344132884127879,0.9740543457447735,0.00024646696112440303,6.625069438825903e-05
S0_b1_s1_lik0,S0,1.0,1,seen_baseline_wander_s3,seen_baseline_wander,3,False,0.9215031548007078,0.9758493261702486,0.9867938725111901,0.9798108943862988,0.997892482034273,0.9710955691001233,0.9978147457158651,0.9870964612287467,0.9526727841422974,0.9353714382138847,0.9740956881995579,0.0015614040189607659,-1.5517549483368143e-05
S0_b1_s1_lik0,S0,1.0,1,seen_emg_bursts_s1,seen_emg_bursts,1,False,0.92255782034345,0.9758484939984099,0.9868549673303494,0.9785373057405645,0.997892482034273,0.9716905218463224,0.9978061083471532,0.9870206650658517,0.9535630841121496,0.9350320126770589,0.9742392988319668,0.0005067384762185156,-1.4685377644707565e-05
S0_b1_s1_lik0,S0,1.0,1,seen_emg_bursts_s2,seen_emg_bursts,2,False,0.9223808419326839,0.9757822079136296,0.9857423985182898,0.9770853155724707,0.997892482034273,0.9725380084919875,0.9977974709784412,0.9873723592616847,0.9539469965330117,0.9357845675815639,0.9738802722509443,0.0006837168869846533,5.160070713561282e-05
S0_b1_s1_lik0,S0,1.0,1,seen_emg_bursts_s3,seen_emg_bursts,3,False,0.9203618581521716,0.9756821202268711,0.9850189072387715,0.9760595068189026,0.997935668877833,0.9733212916038899,0.9977283720287451,0.9871389070799679,0.9545852803738318,0.9360017999251325,0.9733493480947658,0.0027027006674968934,0.0001516883938941227
S0_b1_s1_lik0,S0,1.0,1,seen_lead_scaling_s1,seen_lead_scaling,1,False,0.923188270328305,0.9752314532001345,0.98679387251119,0.9783688154138916,0.9977542841348811,0.9713994658265991,0.9976851851851851,0.9856927162919304,0.9512784519143804,0.934149506281312,0.9739607812418402,-0.0001237115086364371,0.0006023554206306958
S0_b1_s1_lik0,S0,1.0,1,seen_lead_scaling_s2,seen_lead_scaling,2,False,0.9231144511074032,0.9749552896850714,0.9862793898235325,0.9778088328575959,0.9977801962410171,0.9735866662101081,0.9976506357103372,0.9865325377768075,0.9492929416641543,0.9336878875512291,0.9719785193308614,-4.989228773466525e-05,0.000878518935693795
S0_b1_s1_lik0,S0,1.0,1,seen_lead_scaling_s3,seen_lead_scaling,3,False,0.9191062508892089,0.9720001783529414,0.9857938467870556,0.9776552093244529,0.9979270315091211,0.9737664361046433,0.9977888336097291,0.9836613791263431,0.9345558863430812,0.9281601002372099,0.9686928821348373,0.0039583079304595925,0.0038336302678237955
S0_b1_s2_lik0,S0,1.0,2,clean,clean,0,False,0.9235532041263831,0.9763109853541676,0.9840124504810412,0.9819566682524581,0.998073866777225,0.9773104711683331,0.9983934494195689,0.9884729195469208,0.94940599562858,0.932659913068271,0.9765131338451094,,
S0_b1_s2_lik0,S0,1.0,2,lead_dropout_s1,lead_dropout,1,True,0.9111189968738833,0.9710962682015654,0.9835397695117559,0.9808763479226135,0.9968646351575456,0.9635152718805643,0.998082504145937,0.9824152902083485,0.9415416792282183,0.9197947154353279,0.9732362003237768,0.012434207252499774,0.005214717152602244
S0_b1_s2_lik0,S0,1.0,2,lead_dropout_s2,lead_dropout,2,True,0.9045415003831223,0.9606115657828396,0.9822181921078356,0.9784481049793847,0.9944634466556108,0.9392292151760032,0.9976679104477612,0.959976594144898,0.9272544844739222,0.8962172478601644,0.9700288961999757,0.019011703743260777,0.015699419571328033
S0_b1_s2_lik0,S0,1.0,2,lead_dropout_s3,lead_dropout,3,True,0.8935037891782204,0.9521008028527981,0.9787872356845192,0.9737898430066603,0.9898770038695412,0.9246464525407478,0.9948607656163627,0.9622626064178127,0.9068765073861923,0.8855573464293403,0.9522494647240065,0.03004941494816271,0.024210182501369526
S0_b1_s2_lik0,S0,1.0,2,limb_reversal_s1,limb_reversal,1,True,0.8931550896951711,0.9640383183672045,0.9802406492771518,0.9773281398667935,0.9975383499170812,0.9610798178331735,0.980289524599226,0.9848347037279583,0.935220078384082,0.891793078434453,0.9680205232649224,0.030398114431211987,0.012272666986963054
S0_b1_s2_lik0,S0,1.0,2,limb_reversal_s2,limb_reversal,2,True,0.8792886907420413,0.9493631867917424,0.9755202706178937,0.9644782746590549,0.9967696241017137,0.9333096493631009,0.9511902294085129,0.9802111377913605,0.911452837654507,0.8701920372708635,0.9611446202586732,0.044264513384341786,0.02694779856242524
S0_b1_s2_lik0,S0,1.0,2,limb_reversal_s3,limb_reversal,3,True,0.8403545853735587,0.9187222677118226,0.9734205381488913,0.9340558594988899,0.9935478855721394,0.8633962813313245,0.8880597014925373,0.9626658420044144,0.8423179831172748,0.8711482474974639,0.9398880707434678,0.08319861875282442,0.057588717642344966
S0_b1_s2_lik0,S0,1.0,2,baseline_step_s1,baseline_step,1,True,0.9230277988323023,0.9763255635978899,0.9836490970828831,0.9816940215667618,0.9980479546710891,0.9766727160662924,0.9982984383637369,0.9884304736956996,0.9493918638830268,0.9335230237190564,0.9772224833324629,0.0005254052940807385,-1.4578243722307427e-05
S0_b1_s2_lik0,S0,1.0,2,baseline_step_s2,baseline_step,2,True,0.9227086490463154,0.9760090534829042,0.9827037351443124,0.9820607358071678,0.997987493090105,0.9762489727434598,0.9982725262576009,0.9885699386354265,0.9489372927343985,0.9334687156331644,0.9758320713005031,0.0008445550800676438,0.0003019318712633723
S0_b1_s2_lik0,S0,1.0,2,baseline_step_s3,baseline_step,3,True,0.9224583858239187,0.9762858731117983,0.9815493646138808,0.983195567713289,0.9979702183526811,0.9798957334611698,0.9982552515201769,0.9884516966213102,0.9485156956587277,0.9326657317917595,0.976073598273191,0.0010948183024643843,2.511224236934062e-05
S0_b1_s2_lik0,S0,1.0,2,seen_baseline_wander_s1,seen_baseline_wander,1,False,0.9234724880803538,0.9763381929994728,0.9841249935689664,0.9820756026006978,0.9980479546710891,0.977331872346254,0.9984020867882808,0.9884365373887313,0.9492387699728669,0.9327879249850167,0.9765979946733512,8.071604602932769e-05,-2.7207645305171724e-05
S0_b1_s2_lik0,S0,1.0,2,seen_baseline_wander_s2,seen_baseline_wander,2,False,0.9230607648659455,0.9762409329125759,0.9836812522508618,0.9821648033618775,0.997987493090105,0.9778240994384331,0.9984107241569928,0.9882546265977831,0.9492764546276757,0.9320819198684192,0.9764870228210351,0.0004924392604376271,7.005244159175028e-05
S0_b1_s2_lik0,S0,1.0,2,seen_baseline_wander_s3,seen_baseline_wander,3,False,0.9230504969101316,0.9763535584949862,0.983883829809127,0.9816989771646052,0.9980220425649531,0.9773703944665114,0.9983329878385849,0.9884759513934366,0.9495661554115165,0.933201054352696,0.9766306334534441,0.0005027072162514523,-4.257314081856922e-05
S0_b1_s2_lik0,S0,1.0,2,seen_emg_bursts_s1,seen_emg_bursts,1,False,0.9228237538291977,0.9763345618623407,0.9837745022379997,0.9823184268950206,0.998013405196241,0.9768824476099165,0.9984366362631288,0.9884031870770573,0.9501691098884535,0.9325241428535408,0.976489198739708,0.0007294502971854078,-2.357650817308432e-05
S0_b1_s2_lik0,S0,1.0,2,seen_emg_bursts_s2,seen_emg_bursts,2,False,0.9222323962462537,0.9763110530709912,0.9840831918505942,0.9793500237868697,0.998073866777225,0.9779439460347898,0.9984107241569928,0.9884971743190473,0.9504423236358154,0.9341378688343351,0.9758603582432505,0.0013208078801293377,-6.771682359296705e-08
S0_b1_s2_lik0,S0,1.0,2,seen_emg_bursts_s3,seen_emg_bursts,3,False,0.9208846661552467,0.9757227265032505,0.9814110973915727,0.9789833095464637,0.997996130458817,0.9773447130530064,0.9983848120508568,0.9887670086589536,0.9499759760325596,0.9335579360599872,0.9750835552770379,0.00266853797113642,0.0005882588509170672
S0_b1_s2_lik0,S0,1.0,2,seen_lead_scaling_s1,seen_lead_scaling,1,False,0.9225801655180427,0.9754106321208416,0.9839192004939034,0.980688035204567,0.9979788557213931,0.9759236748390632,0.9983416252072969,0.9871934803172524,0.9464995666264696,0.9314205249652331,0.9767307257123958,0.0009730386083404152,0.0009003532333260456
S0_b1_s2_lik0,S0,1.0,2,seen_lead_scaling_s2,seen_lead_scaling,2,False,0.92351799061297,0.9751607202163406,0.9843597262952102,0.9818922454804948,0.9977888336097291,0.977306190932749,0.9984193615257048,0.9886093526401319,0.9410871080795901,0.9312168696431377,0.9757667937403172,3.521351341306822e-05,0.0011502651378270112
S0_b1_s2_lik0,S0,1.0,2,seen_lead_scaling_s3,seen_lead_scaling,3,False,0.9184389385376661,0.9724635881202516,0.9835494160621495,0.9795829368855059,0.998091141514649,0.9768439254896589,0.9983675373134329,0.9843192898202722,0.9326504559843233,0.9274831887380546,0.9712844012742181,0.005114265588716971,0.003847397233916028
S0_b1_s3_lik0,S0,1.0,3,clean,clean,0,False,0.9207247303578312,0.9750992651639332,0.9812953387868498,0.9794986917221693,0.9973656025428413,0.9763088960416381,0.9978579325594251,0.9855896335103932,0.9518625640639132,0.9319015394402775,0.9742131878078925,,
S0_b1_s3_lik0,S0,1.0,3,lead_dropout_s1,lead_dropout,1,True,0.9098079275943464,0.9690363612614461,0.980832304367958,0.9796424040596257,0.9969250967385296,0.954436892206547,0.9970978441127695,0.977385456838633,0.9409175271329515,0.9213017648188341,0.9727879610771667,0.010916802763484834,0.006062903902487093
S0_b1_s3_lik0,S0,1.0,3,lead_dropout_s2,lead_dropout,2,True,0.8984084821850651,0.9561392177012924,0.9798419251942173,0.9770357595940374,0.9943597982310669,0.9102648609779482,0.9972187672747375,0.9530366974702272,0.926809334488996,0.896698262335209,0.9699875537451914,0.022316248172766118,0.018960047462640794
S0_b1_s3_lik0,S0,1.0,3,lead_dropout_s3,lead_dropout,3,True,0.8873894902774513,0.9477697632813887,0.9766939342491124,0.9717877814779574,0.982284756771697,0.8999109710998493,0.9936688087341072,0.9569932571733488,0.9036850881820923,0.887568685181845,0.9573345866624889,0.03333524008037991,0.02732950188254446
S0_b1_s3_lik0,S0,1.0,3,limb_reversal_s1,limb_reversal,1,True,0.8892318087478073,0.9640843455160473,0.9734237536656891,0.9746917618141453,0.9970805693753455,0.9701710382139433,0.9927532476506357,0.9768700429309467,0.939075689629183,0.8869441421940855,0.9657488641704527,0.03149292161002393,0.011014919647885923
S0_b1_s3_lik0,S0,1.0,3,limb_reversal_s2,limb_reversal,2,True,0.8676310327624529,0.9533411279182421,0.9659155219426867,0.9668619172216936,0.9972705914870094,0.9531613820024654,0.982526603095633,0.9727255087438453,0.9242208697618329,0.8567740609065184,0.9606136961024945,0.0530936975953783,0.02175813724569109
S0_b1_s3_lik0,S0,1.0,3,limb_reversal_s3,limb_reversal,3,True,0.8293340552451635,0.9332056715427682,0.9589089108401502,0.950830558198541,0.9940315782200111,0.9270433844678811,0.9642844803758983,0.9668649494288002,0.8751177645462769,0.8136650781551544,0.9481043396522011,0.09139067511266774,0.04189359362116496
S0_b1_s3_lik0,S0,1.0,3,baseline_step_s1,baseline_step,1,True,0.9201476523584794,0.9751296591984328,0.9815718732314658,0.9798703615604185,0.9974001520176893,0.976231851801123,0.997866569928137,0.9858321812316573,0.9516176138076575,0.9314108270927525,0.9743655021149928,0.0005770779993518049,-3.039403449955902e-05
S0_b1_s3_lik0,S0,1.0,3,baseline_step_s2,baseline_step,2,True,0.9202566242888623,0.9750576220767151,0.9815879508154552,0.9802469869965111,0.9973569651741293,0.9740318107108615,0.9977801962410172,0.9857472895292148,0.952314779921616,0.9325571156199753,0.9738955036816543,0.0004681060689688543,4.1643087218101726e-05
S0_b1_s3_lik0,S0,1.0,3,baseline_step_s3,baseline_step,3,True,0.918835565489477,0.974996433040913,0.9799062355301744,0.9790378211227403,0.9972878662244334,0.9781151554581564,0.9977715588723052,0.9851712386912125,0.9510664757310823,0.9318957207167892,0.9747158250213239,0.0018891648683542206,0.00010283212302020228
S0_b1_s3_lik0,S0,1.0,3,seen_baseline_wander_s1,seen_baseline_wander,1,False,0.9210199635563233,0.9750882536013749,0.9817197870041673,0.9798208055819855,0.9973569651741293,0.9758937131899741,0.9978752072968491,0.985698779984962,0.9517942606270726,0.931536899435002,0.9740978641182308,-0.0002952331984921175,1.1011562558338461e-05
S0_b1_s3_lik0,S0,1.0,3,seen_baseline_wander_s2,seen_baseline_wander,2,False,0.9213612428470911,0.9749911118287287,0.9805332613057571,0.9792608230256898,0.9973483278054173,0.9767283591288864,0.9978233830845771,0.9859534550922894,0.9525455984323183,0.9305418977184785,0.9741849008651453,-0.0006365124892598883,0.00010815333520453052
S0_b1_s3_lik0,S0,1.0,3,seen_baseline_wander_s3,seen_baseline_wander,3,False,0.9196917649528709,0.9754032251559325,0.9810670370942017,0.9800487630827783,0.9973483278054173,0.9773104711683331,0.9978233830845771,0.9854289456450556,0.9534712277660538,0.9320547658254732,0.9740761049315021,0.0010329654049603398,-0.0003039599919992808
S0_b1_s3_lik0,S0,1.0,3,seen_emg_bursts_s1,seen_emg_bursts,1,False,0.9209807933674381,0.9752273123241929,0.9815461490970828,0.9795432921027593,0.9973224156992814,0.9759322353102315,0.9979097567716971,0.9856017608964565,0.9522323447392222,0.9325357803005176,0.9744220760004874,-0.00025606300960689943,-0.0001280471602597144
S0_b1_s3_lik0,S0,1.0,3,seen_emg_bursts_s2,seen_emg_bursts,2,False,0.9190960194185971,0.974936958114832,0.9811474250141483,0.9784877497621314,0.9972965035931454,0.9749777427749623,0.9977888336097291,0.9860747289529215,0.9523100693397649,0.9322778168925301,0.9740717530941564,0.0016287109392341126,0.00016230704910114024
S0_b1_s3_lik0,S0,1.0,3,seen_emg_bursts_s3,seen_emg_bursts,3,False,0.9169203399722964,0.9750708928121795,0.9805429078561507,0.9765501110053917,0.9972446793808735,0.9764972264073415,0.997866569928137,0.9869115185912829,0.9539163777509798,0.9326657317917595,0.9734429125976988,0.003804390385534817,2.837235175368047e-05
S0_b1_s3_lik0,S0,1.0,3,seen_lead_scaling_s1,seen_lead_scaling,1,False,0.9208646604886296,0.9741425824224146,0.9811699336317333,0.9780021011734856,0.9972533167495854,0.9747038076975757,0.9977456467661692,0.9847164617138422,0.9486381707868556,0.9311082534713535,0.9739455498111304,-0.00013993013079838246,0.0009566827415186108
S0_b1_s3_lik0,S0,1.0,3,seen_lead_scaling_s2,seen_lead_scaling,2,False,0.9211757804919326,0.973934624379579,0.9819191490456346,0.9800586742784649,0.9970978441127695,0.974018970004109,0.9975469872857932,0.9856017608964563,0.9453431187820319,0.9299774815400998,0.9738476334708513,-0.00045105013410140504,0.0011646407843541873
S0_b1_s3_lik0,S0,1.0,3,seen_lead_scaling_s3,seen_lead_scaling,3,False,0.9147698831791025,0.9708815427189168,0.9825815455059937,0.9800586742784649,0.9975297125483692,0.9738691617586632,0.9978320204532891,0.9818847170680832,0.9302763227313838,0.9238445469832828,0.9700571831427228,0.005954847178728739,0.004217722445016392
S0_b1_s4_lik0,S0,1.0,4,clean,clean,0,False,0.9237279702937686,0.976558064541651,0.9842278901064979,0.9851926736441484,0.9974174267551134,0.9725380084919873,0.9984279988944168,0.985774576147857,0.9484615239674404,0.9404628212662706,0.9765196616011281,,
S0_b1_s4_lik0,S0,1.0,4,lead_dropout_s1,lead_dropout,1,True,0.9144850928707282,0.9701424553788603,0.9839610022122756,0.9853462971772915,0.9958972498618021,0.9494632584577455,0.9976679104477612,0.9788225520871232,0.9386352502261079,0.9280456653419373,0.9734429125976988,0.009242877423040419,0.006415609162790603
S0_b1_s4_lik0,S0,1.0,4,lead_dropout_s2,lead_dropout,2,True,0.9040761416840312,0.9582842995418461,0.9815236404794979,0.9827297415160166,0.9946534687672748,0.9176140254759623,0.9983329878385848,0.9576936137184991,0.9206102087729877,0.9018769262399214,0.9695240830678713,0.019651828609737465,0.01827376499980482
S0_b1_s4_lik0,S0,1.0,4,lead_dropout_s3,lead_dropout,3,True,0.8903891958608915,0.9516410956647738,0.9806940371456501,0.9774371630193466,0.9888318822553898,0.9048674839063143,0.9931419292426755,0.9546344805840549,0.9083509195055773,0.8977301159671591,0.9590818493567983,0.03333877443287714,0.02491696887687711
S0_b1_s4_lik0,S0,1.0,4,limb_reversal_s1,limb_reversal,1,True,0.896724944920169,0.9643671796853278,0.9827873385810567,0.9813074849349825,0.9967005251520177,0.9681122448979592,0.996156370923162,0.975902883892406,0.9342826725957191,0.8892793898874465,0.9547757063032013,0.027003025373599665,0.012190884856323136
S0_b1_s4_lik0,S0,1.0,4,limb_reversal_s2,limb_reversal,2,True,0.8770745604469523,0.9543108400465662,0.9780926840561814,0.9772290279099272,0.9964414040906578,0.9584217915354061,0.9916476644555003,0.9666678794052731,0.919093401416943,0.8601275852103566,0.9410761223388515,0.04665340984681632,0.02224722449508476
S0_b1_s4_lik0,S0,1.0,4,limb_reversal_s3,limb_reversal,3,True,0.832539454187792,0.9362665507193301,0.9728417451252765,0.9581648430066603,0.9949903261470426,0.9374400767018216,0.9792962271973467,0.9537279584758301,0.8639136456135063,0.8331403456709667,0.9328837885355197,0.09118851610597667,0.04029151382232088
S0_b1_s4_lik0,S0,1.0,4,baseline_step_s1,baseline_step,1,True,0.9240424870170668,0.9766761947873588,0.984867777949272,0.9855246986996511,0.9974174267551134,0.9727306190932749,0.9984193615257048,0.9855138373474981,0.948428549894483,0.9405811353105356,0.9766023465106969,-0.00031451672329818603,-0.00011813024570783703
S0_b1_s4_lik0,S0,1.0,4,baseline_step_s2,baseline_step,2,True,0.9217379682865731,0.9766007438858347,0.9841539332201471,0.9853512527751348,0.9974087893864013,0.9720372209286399,0.9983588999447208,0.9861383977297533,0.9485062744950256,0.9406102289279777,0.976841697564712,0.001990002007195568,-4.26793441837825e-05
S0_b1_s4_lik0,S0,1.0,4,baseline_step_s3,baseline_step,3,True,0.9212526497797543,0.9763849737861209,0.9842889849256573,0.9841272201078337,0.9972533167495854,0.9742030201342282,0.9982725262576009,0.985010550825875,0.9459719814591498,0.9413453276620175,0.9769918359531394,0.002475320514014334,0.0001730907555300698
S0_b1_s4_lik0,S0,1.0,4,seen_baseline_wander_s1,seen_baseline_wander,1,False,0.923685989841756,0.9764719275475756,0.9840156659978392,0.9850638281002221,0.9974433388612494,0.9717590056156691,0.9984539110005528,0.9858200538455941,0.9483861546578234,0.9406878119078237,0.9766175779414068,4.198045201264655e-05,8.613699407533648e-05
S0_b1_s4_lik0,S0,1.0,4,seen_baseline_wander_s2,seen_baseline_wander,2,False,0.9229889912149548,0.9766403077743983,0.9838291660235633,0.9843204884237235,0.9975124378109452,0.9745668401588824,0.9984884604754007,0.9856260156685828,0.9487841988242388,0.939634622956416,0.977000539627831,0.0007389790788138173,-8.224323274730327e-05
S0_b1_s4_lik0,S0,1.0,4,seen_baseline_wander_s3,seen_baseline_wander,3,False,0.9226104952072463,0.9768989727352412,0.9836523125996811,0.9846376466856961,0.9974087893864013,0.9743057457882481,0.9985230099502488,0.9860989837250478,0.9489420033162496,0.9413976961734134,0.9771245669921841,0.0011174750865223793,-0.00034090819359022806
S0_b1_s4_lik0,S0,1.0,4,seen_emg_bursts_s1,seen_emg_bursts,1,False,0.923892884158782,0.9765527504676322,0.9844819159335287,0.9846178242943229,0.9973742399115534,0.9723882002465416,0.9983934494195688,0.9858200538455941,0.9485816438046427,0.9406693859501103,0.976648040802827,-0.000164913865013383,5.314074018714088e-06
S0_b1_s4_lik0,S0,1.0,4,seen_emg_bursts_s2,seen_emg_bursts,2,False,0.9229095011503392,0.9766350271189727,0.984797036579719,0.9839042182048842,0.9973742399115534,0.9725850910834133,0.9983848120508568,0.9860474423342792,0.9501220040699426,0.940204857858283,0.9762955419778231,0.0008184691434294233,-7.69625773217042e-05
S0_b1_s4_lik0,S0,1.0,4,seen_emg_bursts_s3,seen_emg_bursts,3,False,0.9220801446878315,0.9763743389799558,0.9844015280135824,0.9820012686330479,0.9974519762299613,0.9716948020819066,0.9983588999447208,0.9863870091440491,0.9500819641242086,0.9403522655199902,0.9766393371281356,0.0016478256059371255,0.0001837255616951028
S0_b1_s4_lik0,S0,1.0,4,seen_lead_scaling_s1,seen_lead_scaling,1,False,0.9233736714233625,0.9757468952797291,0.9838613211915417,0.984543490326673,0.9972965035931454,0.9721870291740857,0.9983761746821449,0.9842465255038928,0.9459319415134158,0.9388529744344685,0.9764260970981948,0.0003542988704061667,0.000811169261921818
S0_b1_s4_lik0,S0,1.0,4,seen_lead_scaling_s2,seen_lead_scaling,2,False,0.9224863990416863,0.9753165744531339,0.9844819159335289,0.9854156755470981,0.9971928551686015,0.9719259348034517,0.9977024599226092,0.984904436197822,0.9433552532408803,0.9369754663221982,0.975895172942016,0.0012415712520823519,0.0012414900885170388
S0_b1_s4_lik0,S0,1.0,4,seen_lead_scaling_s3,seen_lead_scaling,3,False,0.9189531428199442,0.9725027562253256,0.9844658383495396,0.9835226371709482,0.9975383499170812,0.9658608409806877,0.9978061083471531,0.982069659705547,0.9360868254446789,0.9330458883930045,0.9721286577192891,0.004774827473824406,0.00405530831632539
S1_b0.01_s0_lik0,S1,0.01,0,clean,clean,0,False,0.6749638426591248,0.8100068449427988,0.7274560117302052,0.6900669996828417,0.9031059977888336,0.7012438364607588,0.8854080292979547,0.913310412573674,0.8823437971058185,0.7345537136063091,0.852572806238794,,
S1_b0.01_s0_lik0,S1,0.01,0,lead_dropout_s1,lead_dropout,1,True,0.6636113601011008,0.8020227011911782,0.727827403920358,0.6876585791309864,0.8939503869541182,0.6913350910834133,0.8999879076838032,0.8901137548812729,0.8710713747362073,0.7282966462817386,0.8279631660487057,0.011352482558024013,0.007984143751620598
S1_b0.01_s0_lik0,S1,0.01,0,lead_dropout_s2,lead_dropout,2,True,0.6435949676541373,0.7858901619775068,0.7124106086330195,0.6552192356485886,0.8706899530127142,0.6932611970962882,0.8818580707573244,0.8509938392878799,0.8619611094362375,0.7209825108567682,0.8256349330687416,0.03136887500498753,0.024116682965292013
S1_b0.01_s0_lik0,S1,0.01,0,lead_dropout_s3,lead_dropout,3,True,0.6371908059057462,0.7736168608584442,0.6926223182589906,0.678119053282588,0.8709749861802101,0.6624477811258731,0.8682283029297955,0.8423379174852652,0.8421813762435937,0.7007372322659855,0.8049027799536965,0.03777303675337862,0.036389984084354676
S1_b0.01_s0_lik0,S1,0.01,0,limb_reversal_s1,limb_reversal,1,True,0.6386060076689978,0.7832014994165657,0.7393727169830735,0.6362392959086584,0.8916960337202875,0.6714319956170388,0.8457970563847429,0.8997489631084916,0.8549918035875792,0.710677551558739,0.7988580778804811,0.036357834990127014,0.02680534552623315
S1_b0.01_s0_lik0,S1,0.01,0,limb_reversal_s2,limb_reversal,2,True,0.6107332683509525,0.7538573650638729,0.741652518392756,0.5933733745639074,0.8503748618021006,0.6137215792357211,0.82401361249309,0.8870849402119867,0.8266199690985829,0.7018660646227431,0.7460093651539681,0.06423057430817225,0.056149479878925934
S1_b0.01_s0_lik0,S1,0.01,0,limb_reversal_s3,limb_reversal,3,True,0.5592221002595096,0.7069825405053661,0.755730050933786,0.5231624643196956,0.7483588999447208,0.5293624161073824,0.8266393725815367,0.8809969924082564,0.7631896291829966,0.6854844184282851,0.649918620641635,0.11574174239961521,0.10302430443743271
S1_b0.01_s0_lik0,S1,0.01,0,baseline_step_s1,baseline_step,1,True,0.6724400091995799,0.8093282044015359,0.722256521068066,0.6968561687281953,0.9048507462686567,0.6991208396110122,0.877133430071863,0.9141168837468772,0.8821059127223394,0.734289931474833,0.8532234059219803,0.0025238334595448775,0.000678640541262987
S1_b0.01_s0_lik0,S1,0.01,0,baseline_step_s2,baseline_step,2,True,0.6629331127033647,0.8003767223613861,0.7191921335597057,0.6675438074849349,0.8981567855168602,0.7057680454732229,0.851575456053068,0.9069708215091319,0.8736928135363281,0.7341017927487068,0.8463888453705155,0.012030729955760044,0.009630122581412714
S1_b0.01_s0_lik0,S1,0.01,0,baseline_step_s3,baseline_step,3,True,0.6472585956116246,0.7800844969471543,0.6933040078201369,0.6724845385347288,0.8803551686014373,0.6883517668812492,0.7643466694306246,0.8942037158310896,0.8495958320771783,0.737691945141075,0.8404268282068691,0.027705247047500214,0.029922347995644527
S1_b0.01_s0_lik0,S1,0.01,0,seen_baseline_wander_s1,seen_baseline_wander,1,False,0.6757237505224701,0.8102588799863079,0.7284624684879354,0.6896061290834126,0.9035896904367053,0.7035423229694563,0.8841901603095632,0.9124948458609231,0.8823791264697017,0.7354575553215136,0.8526076209375598,-0.0007599078633453438,-0.0002520350435090135
S1_b0.01_s0_lik0,S1,0.01,0,seen_baseline_wander_s2,seen_baseline_wander,2,False,0.6730447412428904,0.8102413977325215,0.7265106497916345,0.6920393276244846,0.9054899115533444,0.7027290782084645,0.8829463792150358,0.9125160687865338,0.8828007235453723,0.7341716174305681,0.8529688234372552,0.0019191014162344144,-0.00023455278972261961
S1_b0.01_s0_lik0,S1,0.01,0,seen_baseline_wander_s3,seen_baseline_wander,3,False,0.6730796372970514,0.8086780522684192,0.7220314348922158,0.689611084681256,0.9054035378662244,0.6996644295302015,0.8766756495301271,0.9129253680661671,0.8825816814892976,0.7376395766296788,0.8515697077306039,0.0018842053620733434,0.0013287926743796863
S1_b0.01_s0_lik0,S1,0.01,0,seen_emg_bursts_s1,seen_emg_bursts,1,False,0.6755406920590618,0.8103744653004208,0.729456063178474,0.689566484300666,0.9033823935876174,0.702275373236543,0.884829325594251,0.9137379029324019,0.8822849148326802,0.7358241349012852,0.8520135951398682,-0.0005768493999369628,-0.000367620357621945
S1_b0.01_s0_lik0,S1,0.01,0,seen_emg_bursts_s2,seen_emg_bursts,2,False,0.6761071133428119,0.8103782060755274,0.7310766836445953,0.686166944180146,0.9047125483692647,0.705541192987262,0.8820740049751243,0.9128253171311456,0.8823367312330419,0.7373117885398301,0.8513586436193361,-0.0011432706836871365,-0.00037136113272850935
S1_b0.01_s0_lik0,S1,0.01,0,seen_emg_bursts_s3,seen_emg_bursts,3,False,0.6776884144559528,0.8103908841456495,0.7330799506096619,0.6847199096098955,0.908219320066335,0.7050532461306671,0.8771852542841349,0.9132285527177472,0.8826970907446487,0.7392358464400081,0.850098786707748,-0.002724571796828057,-0.0003840392028506834
S1_b0.01_s0_lik0,S1,0.01,0,seen_lead_scaling_s1,seen_lead_scaling,1,False,0.6759576514341039,0.808554163153219,0.7246070638473016,0.6942098794798605,0.9020004145936982,0.6964842144911655,0.8810029712548368,0.9114124766547818,0.8816843156466687,0.736427342569587,0.849158789841071,-0.0009938087749791213,0.0014526817895798017
S1_b0.01_s0_lik0,S1,0.01,0,seen_lead_scaling_s2,seen_lead_scaling,2,False,0.6737288594796363,0.8073060216450549,0.7184975819313679,0.6787087694259436,0.9073642205638475,0.7066754554170662,0.8693597982310668,0.9150325013946493,0.8802664305094965,0.7355467757483363,0.8543026615837206,0.001234983179488447,0.002700823297743904
S1_b0.01_s0_lik0,S1,0.01,0,seen_lead_scaling_s3,seen_lead_scaling,3,False,0.6727952644883374,0.7959313549136176,0.7189831249678448,0.6728165635902316,0.8717264372581537,0.6896401177920832,0.8563778330569374,0.9046393315384802,0.8702729311124511,0.7388362940938016,0.840089560812575,0.0021685781707874163,0.014075490029181292
S1_b0.01_s1_lik0,S1,0.01,1,clean,clean,0,False,0.6953444322123612,0.8368137774858894,0.8430667026804548,0.6561756660323501,0.9713498479823107,0.6999255239008355,0.966797954671089,0.9208566785515049,0.8140403602652999,0.8020799996896679,0.8570312635994917,,
S1_b0.01_s1_lik0,S1,0.01,1,lead_dropout_s1,lead_dropout,1,True,0.684704204047048,0.8296897572549066,0.8485298657200185,0.6661314620995877,0.9640858208955224,0.687885221202575,0.9665820204532891,0.8983603774042541,0.8071464237262587,0.7857293866871485,0.8427572371055058,0.010640228165313181,0.007124020230982797
S1_b0.01_s1_lik0,S1,0.01,1,lead_dropout_s2,lead_dropout,2,True,0.6737083284653369,0.816223753078652,0.8311435663939908,0.646685696162385,0.9493591072415699,0.668046329269963,0.9478821171918186,0.8919389264837856,0.8007847829363882,0.772807941393817,0.8373653106341498,0.021636103747024293,0.02059002440723734
S1_b0.01_s1_lik0,S1,0.01,1,lead_dropout_s3,lead_dropout,3,True,0.6770667102183161,0.8071297175627392,0.8322175490044761,0.6510020218839201,0.966711580983969,0.6674642172305164,0.9542219458264236,0.8565117999466395,0.773877939403075,0.7383184277033304,0.823841976082302,0.018277721994045093,0.029684059923150152
S1_b0.01_s1_lik0,S1,0.01,1,limb_reversal_s1,limb_reversal,1,True,0.6661838986994992,0.7930610451791225,0.7802290734166795,0.6244301062480176,0.9317647871752349,0.6617115806053965,0.8705603924820343,0.9098722986247544,0.7961330833584566,0.760567286748633,0.8022807979528958,0.029160533512861964,0.043752732306766906
S1_b0.01_s1_lik0,S1,0.01,1,limb_reversal_s2,limb_reversal,2,True,0.6160823053325384,0.7528761725421982,0.7107063847301539,0.5375634316523945,0.8519123134328358,0.6534806875770443,0.8565246683250415,0.9031446312061899,0.7862832567078686,0.7269273066874589,0.7493428725607951,0.07926212687982281,0.08393760494369118
S1_b0.01_s1_lik0,S1,0.01,1,limb_reversal_s3,limb_reversal,3,True,0.5596658804629318,0.6716061702654977,0.5411875546637857,0.3765164129400571,0.6530541735765615,0.6297510614984249,0.8322450248756218,0.8969020592301534,0.7633662760024118,0.6717173186546335,0.6797156509478302,0.13567855174942944,0.16520760722039163
S1_b0.01_s1_lik0,S1,0.01,1,baseline_step_s1,baseline_step,1,True,0.6929897982638639,0.8361227686836927,0.8308027216134176,0.6581033935934032,0.9672125483692648,0.7044925352691411,0.9691386815920398,0.9171456984161634,0.8151002411817908,0.8049137180285391,0.8581953800894737,0.002354633948497331,0.0006910088021966354
S1_b0.01_s1_lik0,S1,0.01,1,baseline_step_s2,baseline_step,2,True,0.691123600810915,0.8274642303617372,0.8113713536039511,0.640793490326673,0.9642412935323383,0.6962787631831255,0.9674284825870646,0.9158359407213368,0.8119582830871268,0.7937650438246858,0.8455054223893328,0.004220831401446246,0.009349547124152147
S1_b0.01_s1_lik0,S1,0.01,1,baseline_step_s3,baseline_step,3,True,0.6826243716480273,0.820145359312697,0.7992842259607964,0.6412543609261021,0.9498773493642897,0.6918529995890974,0.9632220840243229,0.9076560188217033,0.7977229047331926,0.7918196506050501,0.8386186397897192,0.012720060564333946,0.016668418173192312
S1_b0.01_s1_lik0,S1,0.01,1,seen_baseline_wander_s1,seen_baseline_wander,1,False,0.6947475738105459,0.8367599420758987,0.8428769871893811,0.6545799635267999,0.9711598258706469,0.7002122996849747,0.9678603510226644,0.9207960416211889,0.815392297256557,0.8014961877663278,0.8564655247445472,0.0005968584018153367,5.3835409990710126e-05
S1_b0.01_s1_lik0,S1,0.01,1,seen_baseline_wander_s2,seen_baseline_wander,2,False,0.6945841762111601,0.8361931686171665,0.8412660132736535,0.653355930859499,0.9709007048092869,0.6989710313655664,0.9658651188501935,0.9195075068519731,0.8157243932770577,0.8033232669416984,0.8568245513255697,0.0007602560012011095,0.0006206088687228384
S1_b0.01_s1_lik0,S1,0.01,1,seen_baseline_wander_s3,seen_baseline_wander,3,False,0.6940523670987824,0.8375275786420762,0.8392338066574059,0.6624147637170947,0.9704515616362632,0.7031399808245447,0.9664783720287451,0.9178612141938925,0.8192125791377751,0.804890443134585,0.8540654864483785,0.001292065113578822,-0.0007138011561867996
S1_b0.01_s1_lik0,S1,0.01,1,seen_emg_bursts_s1,seen_emg_bursts,1,False,0.6949840822033789,0.8370758296986707,0.8423174872665535,0.6571717411988582,0.9715485074626866,0.7010383851527188,0.9666770315091211,0.9207414683839044,0.814480799668375,0.8027084218264197,0.8569986248193987,0.00036035000898226865,-0.0002620522127813052
S1_b0.01_s1_lik0,S1,0.01,1,seen_emg_bursts_s2,seen_emg_bursts,2,False,0.6939549387291356,0.8370720592257777,0.8406711426660493,0.6566910482080559,0.9717989911553345,0.7008800164361048,0.9671952736318408,0.9199501564432803,0.8152038739825144,0.8041049154636457,0.857153115045172,0.00138949348322559,-0.0002582817398882886
S1_b0.01_s1_lik0,S1,0.01,1,seen_emg_bursts_s3,seen_emg_bursts,3,False,0.6912522198260249,0.8372714190215188,0.8362433760353963,0.6572361639708214,0.9723776948590381,0.7034010751951788,0.9677653399668326,0.9195166023915204,0.8167395236659634,0.8054102490995525,0.8567527460093652,0.00409221238633628,-0.0004576415356294383
S1_b0.01_s1_lik0,S1,0.01,1,seen_lead_scaling_s1,seen_lead_scaling,1,False,0.6936058176089389,0.836221067159163,0.8417515563101302,0.658222327941643,0.970451561636263,0.7024979454869196,0.9640771835268104,0.9201290353877125,0.813807186463672,0.8022080116064138,0.8528447960729019,0.0017386146034222838,0.0005927103267263645
S1_b0.01_s1_lik0,S1,0.01,1,seen_lead_scaling_s2,seen_lead_scaling,2,False,0.689067024913254,0.8349957337335507,0.8449252713896177,0.6492824294322868,0.9711943753454948,0.7029345295165046,0.9605358623548923,0.921699531882898,0.8207435182393731,0.7952662744847036,0.8483798109561856,0.006277407299107196,0.0018180437523386273
S1_b0.01_s1_lik0,S1,0.01,1,seen_lead_scaling_s3,seen_lead_scaling,3,False,0.6983376319260514,0.8307839329256139,0.839577866954777,0.6481426419283223,0.9568477059148701,0.6955297219558965,0.954921572692095,0.9162058259962649,0.8229716234549291,0.7929446038128156,0.8499138336205547,-0.0029931997136901645,0.006029844560275444
S1_b0.01_s2_lik0,S1,0.01,2,clean,clean,0,False,0.7065302581636044,0.8356147310161351,0.8113391984359726,0.6192515065017444,0.9278261470425649,0.7749152513354335,0.9391670121614151,0.934054306434791,0.8568807469098583,0.8109380364135714,0.8461603739098646,,
S1_b0.01_s2_lik0,S1,0.01,2,lead_dropout_s1,lead_dropout,1,True,0.6945901461025065,0.8198001185082764,0.7917116839018367,0.5990871788772597,0.9248721669430624,0.7621729900013697,0.9020176893311221,0.918467583497053,0.8496853331323485,0.7911543765528719,0.8390320643375634,0.011940112061097907,0.01581461250785876
S1_b0.01_s2_lik0,S1,0.01,2,lead_dropout_s2,lead_dropout,2,True,0.6930229089105463,0.8051795803426278,0.7916023563307094,0.5978928797970187,0.9016030956329463,0.7220200999863031,0.8898821862907683,0.9018651919765213,0.8322632461561652,0.780866873425308,0.8286202934879106,0.013507349253058076,0.030435150673507327
S1_b0.01_s2_lik0,S1,0.01,2,lead_dropout_s3,lead_dropout,3,True,0.6960126158529135,0.7912443642652229,0.7849044348407677,0.5901125911830003,0.9100849917081261,0.6918230379400083,0.8835078081813157,0.8946554609619443,0.7839962692191741,0.7706123430641785,0.8115023412884921,0.010517642310690856,0.044370366750912216
S1_b0.01_s2_lik0,S1,0.01,2,limb_reversal_s1,limb_reversal,1,True,0.6728672408879636,0.7878729060871064,0.7787242115552812,0.5832540437678402,0.8937690022111664,0.7102066497740036,0.8353458402432283,0.8729565354483494,0.8404101974675913,0.7892904454620746,0.7868992288544223,0.033663017275640805,0.04774182492902879
S1_b0.01_s2_lik0,S1,0.01,2,limb_reversal_s2,limb_reversal,2,True,0.6516188200123334,0.7486418420927845,0.7602767916859597,0.5405021011734855,0.8337565644002212,0.6844781536775785,0.7747287866224433,0.7898111765989958,0.8490258516731988,0.7734596384245225,0.7317375145786552,0.054911438151270975,0.08697288892335064
S1_b0.01_s2_lik0,S1,0.01,2,limb_reversal_s3,limb_reversal,3,True,0.5898931445443514,0.6608328371178693,0.7901650203220663,0.4402751347922613,0.7291753040353788,0.5716126215586906,0.5789973742399116,0.6091100924106818,0.8642975580343685,0.7184436078413117,0.6454188208261528,0.116637113619253,0.17478189389826582
S1_b0.01_s2_lik0,S1,0.01,2,baseline_step_s1,baseline_step,1,True,0.7094167825173547,0.8363295676443628,0.812110922467459,0.6264123453853472,0.923637023217247,0.7760238323517326,0.9367139994472083,0.9330174149263868,0.858138472264094,0.8138008483698846,0.8471112503699062,-0.0028865243537503638,-0.0007148366282276886
S1_b0.01_s2_lik0,S1,0.01,2,baseline_step_s2,baseline_step,2,True,0.7073144956894916,0.8296998316487145,0.8006411740494932,0.6118775769108786,0.9092039800995025,0.7701898712505136,0.9353406578220012,0.9325777971815955,0.8568430622550499,0.8133722024062362,0.8372521628631607,-0.0007842375258871881,0.005914899367420623
S1_b0.01_s2_lik0,S1,0.01,2,baseline_step_s3,baseline_step,3,True,0.7094202820915555,0.8256377503385284,0.7925509337860782,0.6254360926102126,0.8979063018242123,0.7701427886590879,0.9368781094527363,0.9306374154114821,0.8293945018088634,0.8114248696121045,0.8363687398819781,-0.002890023927951124,0.009976980677606773
S1_b0.01_s2_lik0,S1,0.01,2,seen_baseline_wander_s1,seen_baseline_wander,1,False,0.7069592728110448,0.8362079565059628,0.8126704223902866,0.6208125198223914,0.9278952459922609,0.7755829680865635,0.9390201768933113,0.9341695166023916,0.8568666151643052,0.8120649291958331,0.8467892144063223,-0.0004290146474403844,-0.0005932254898276534
S1_b0.01_s2_lik0,S1,0.01,2,seen_baseline_wander_s2,seen_baseline_wander,2,False,0.7084910544041246,0.8355230120753642,0.8096478366002984,0.6192515065017443,0.9259345632946379,0.7768927201753184,0.9382946379215036,0.9326414659584273,0.8558844588483568,0.8132849215539094,0.8478749978240813,-0.0019607962405202572,9.171894077097953e-05
S1_b0.01_s2_lik0,S1,0.01,2,seen_baseline_wander_s3,seen_baseline_wander,3,False,0.7071068059070548,0.8361435719220982,0.8075866903328702,0.6266948144624167,0.9234383637368712,0.7777616079989043,0.9359970978441128,0.9337814402483688,0.8572057770575822,0.815073209239357,0.847753146378401,-0.0005765477434503952,-0.0005288409059630572
S1_b0.01_s2_lik0,S1,0.01,2,seen_emg_bursts_s1,seen_emg_bursts,1,False,0.7065112403398773,0.8353870789785961,0.8104324226989761,0.6188600142721219,0.9276793117744611,0.7743930625941652,0.9389078911000552,0.934530306337772,0.8567464953271027,0.8107498976874452,0.8461843090152663,1.9017823727041083e-05,0.00022765203753905006
S1_b0.01_s2_lik0,S1,0.01,2,seen_emg_bursts_s2,seen_emg_bursts,2,False,0.7069100401483016,0.8348472765027453,0.8060593198538868,0.6175120916587378,0.9279297954671089,0.7728864196685384,0.9391065505804311,0.9335570836061996,0.8566028225806452,0.8128601547392533,0.8471112503699062,-0.0003797819846972361,0.0007674545133898869
S1_b0.01_s2_lik0,S1,0.01,2,seen_emg_bursts_s3,seen_emg_bursts,3,False,0.7055191885497073,0.8339894758364755,0.8032682512733447,0.6188847922613384,0.9249758153676064,0.7682038419394603,0.9430020038695411,0.9346576438914356,0.8563531617425385,0.8119834670669949,0.8445763051160199,0.0010110696138970754,0.0016252551796596126
S1_b0.01_s2_lik0,S1,0.01,2,seen_lead_scaling_s1,seen_lead_scaling,1,False,0.705475227973139,0.8371979710960381,0.8158151978185935,0.6249058436409768,0.9263405196241017,0.7737510272565401,0.945169983416252,0.9353883189017439,0.8564049781429003,0.8113046159933434,0.8457012550698905,0.001055030190465378,-0.001583240079902959
S1_b0.01_s2_lik0,S1,0.01,2,seen_lead_scaling_s2,seen_lead_scaling,2,False,0.7067599767088472,0.8350798905126573,0.8193651283634307,0.6216549714557563,0.9240516169154229,0.7745813929598684,0.9388647042564953,0.9335388925271046,0.8513505238167017,0.8100419529963517,0.8422698313227845,-0.00022971854524278523,0.0005348405034778514
S1_b0.01_s2_lik0,S1,0.01,2,seen_lead_scaling_s3,seen_lead_scaling,3,False,0.700522044114846,0.8266948379877945,0.8020045531717858,0.6391730098319062,0.9074765063571034,0.768841597041501,0.9190419430624654,0.9218329331295932,0.8402453271028039,0.8007843639262417,0.8408533082667502,0.006008214048758398,0.00891989302834062
S1_b0.01_s3_lik0,S1,0.01,3,clean,clean,0,False,0.6657441263405646,0.8318400621253302,0.8079950609661984,0.6718898667935299,0.9364289662797125,0.7512113066703192,0.9486076561636263,0.8986817531349294,0.8882155373831776,0.7886542650273383,0.7948761467091405,,
S1_b0.01_s3_lik0,S1,0.01,3,lead_dropout_s1,lead_dropout,1,True,0.6676010864797736,0.8191009776458046,0.8066445439110974,0.6564581351094196,0.9376813847429519,0.7433228324887001,0.9291822139303484,0.8664714157510489,0.881347509044317,0.7663646749176166,0.7844360889167407,-0.0018569601392089963,0.012739084479525653
S1_b0.01_s3_lik0,S1,0.01,3,lead_dropout_s2,lead_dropout,2,True,0.6619046642097265,0.8136764511491853,0.7806213664660184,0.6489107595940373,0.9312897318960752,0.7409515819750718,0.9488235903814263,0.8676265492735696,0.8552061350618028,0.7634902255143267,0.7861681201803401,0.0038394621308380783,0.01816361097614494
S1_b0.01_s3_lik0,S1,0.01,3,lead_dropout_s3,lead_dropout,3,True,0.6480670975736247,0.7982701579840541,0.7546689303904923,0.6404267760862671,0.9493591072415699,0.7433870360224626,0.8940972222222221,0.8511242086880594,0.8298066777208319,0.7471628874057609,0.7743985760788205,0.017677028766939884,0.03356990414127614
S1_b0.01_s3_lik0,S1,0.01,3,limb_reversal_s1,limb_reversal,1,True,0.6300205396098908,0.7981476347688179,0.7675502906827186,0.6431077545195053,0.9244489358761747,0.7216605601972332,0.9172885572139303,0.8856993863542652,0.8613016279770876,0.7601483386574653,0.7021232614409804,0.03572358673067377,0.033692427356512344
S1_b0.01_s3_lik0,S1,0.01,3,limb_reversal_s2,limb_reversal,2,True,0.6057127428511356,0.7599458516381157,0.7331153212944385,0.5845771883920077,0.9135140270867883,0.7025535885495138,0.8639614427860697,0.8589039268476074,0.8478317191739523,0.7294254786384963,0.6056299719741675,0.060031383489428936,0.07189421048721456
S1_b0.01_s3_lik0,S1,0.01,3,limb_reversal_s3,limb_reversal,3,True,0.5254414370883906,0.6545386534480452,0.5952693316869887,0.45781299555978433,0.8685306108347153,0.5951667579783592,0.6718318131564401,0.7879496228382935,0.7997508102200784,0.6598994912496097,0.454636447508138,0.14030268925217393,0.17730140867728506
S1_b0.01_s3_lik0,S1,0.01,3,baseline_step_s1,baseline_step,1,True,0.6638687926515477,0.8299985803729698,0.8034611822812163,0.6645605375832541,0.9349951630735213,0.7448465963566635,0.9496268656716418,0.8994518421499431,0.8883709865842628,0.7865187935070803,0.7981552561491461,0.0018753336890168226,0.0018414817523604299
S1_b0.01_s3_lik0,S1,0.01,3,baseline_step_s2,baseline_step,2,True,0.6555790207470162,0.8280752071519317,0.8022232083140401,0.6590945131620678,0.933544085129906,0.7411912751677852,0.947165215588723,0.8987272308326664,0.8865362149532711,0.786092087117928,0.7981030341009975,0.01016510559354833,0.0037648549733985126
S1_b0.01_s3_lik0,S1,0.01,3,baseline_step_s3,baseline_step,3,True,0.6516961912566286,0.8139274018640489,0.8017633894119462,0.6521021646051379,0.9299336650082919,0.7300027393507739,0.9389856274184633,0.8940096776540783,0.8779252713295147,0.7582397973532566,0.7423842846449772,0.01404793508393598,0.017912660261281355
S1_b0.01_s3_lik0,S1,0.01,3,seen_baseline_wander_s1,seen_baseline_wander,1,False,0.6656640934848636,0.83179861571889,0.8088632505016206,0.6698283380907073,0.9362303067993367,0.7508774482947541,0.9494973051409619,0.8988394091537508,0.8885005275851674,0.7888249475829991,0.7947260083207129,8.00328557010177e-05,4.1446406440215355e-05
S1_b0.01_s3_lik0,S1,0.01,3,seen_baseline_wander_s2,seen_baseline_wander,2,False,0.6651439156998845,0.8321920756457142,0.8081429747389001,0.6693327783063749,0.9344078220011056,0.7507576016983974,0.9520626036484245,0.8994003007591744,0.8894143804642748,0.7894475509962624,0.7967626681985134,0.0006002106406800545,-0.0003520135203839425
S1_b0.01_s3_lik0,S1,0.01,3,seen_baseline_wander_s3,seen_baseline_wander,3,False,0.6672474497501989,0.8315960898482309,0.8058374491948345,0.6652840548683794,0.9339673161967939,0.7437850979317903,0.9513629767827528,0.9008525552402434,0.8908063574012663,0.7931191655174689,0.7993498355005483,-0.0015033234096343273,0.00024397227709938019
S1_b0.01_s3_lik0,S1,0.01,3,seen_emg_bursts_s1,seen_emg_bursts,1,False,0.6652911790529017,0.8318497068090169,0.807638138601636,0.6701504519505234,0.9366794499723604,0.7513397137378441,0.9483571724709784,0.8980693201387372,0.8885335016581248,0.7888036122635417,0.7970760004874058,0.00045294728766287484,-9.644683686693689e-06
S1_b0.01_s3_lik0,S1,0.01,3,seen_emg_bursts_s2,seen_emg_bursts,2,False,0.6635027918645643,0.8319505020611369,0.8088343108504401,0.664069933396765,0.9365326147042565,0.7490669086426517,0.951112493090105,0.8980814475248005,0.8889221246608382,0.7892109229077324,0.8017237627726427,0.0022413344760002785,-0.0001104399358066166
S1_b0.01_s3_lik0,S1,0.01,3,seen_emg_bursts_s3,seen_emg_bursts,3,False,0.6605381613206694,0.8300270102797044,0.8044451304213612,0.650541151284491,0.9337945688225538,0.7477357553759759,0.9499723604201216,0.8978813456547576,0.8892024042809767,0.7888540412004414,0.8078163350566608,0.00520596501989512,0.001813051845625857
S1_b0.01_s3_lik0,S1,0.01,3,seen_lead_scaling_s1,seen_lead_scaling,1,False,0.6672751285664376,0.8312186989982879,0.8096928538354684,0.6694616238503013,0.9357034273079049,0.7429119298726201,0.9498687119955777,0.8961077154430134,0.889621646065722,0.7903960029248784,0.7972043796891048,-0.0015310022258729905,0.000621363127042307
S1_b0.01_s3_lik0,S1,0.01,3,seen_lead_scaling_s2,seen_lead_scaling,2,False,0.6650814697385992,0.8299089749031046,0.8131077326747955,0.6589012448461782,0.9343387230514097,0.7432586289549377,0.9557766721945826,0.8963532950107933,0.8854904657823334,0.7849128258242707,0.79704118578864,0.0006626566019654057,0.0019310872222256803
S1_b0.01_s3_lik0,S1,0.01,3,seen_lead_scaling_s3,seen_lead_scaling,3,False,0.6613320926082739,0.824974218153444,0.8039435098008954,0.6815978829686012,0.9207435046987287,0.7498416312833859,0.9415595632946379,0.8822006354750297,0.874568981760627,0.7862569509501005,0.7840553031489894,0.00441203373229071,0.006865843971886276
S1_b0.01_s4_lik0,S1,0.01,4,clean,clean,0,False,0.6957562499146565,0.8393941889568322,0.7893675721561969,0.6591589359340311,0.9349347014925373,0.8387207231886042,0.9445394555002764,0.9181098256081884,0.8264550987337956,0.7671560213120445,0.8761053666858147,,
S1_b0.01_s4_lik0,S1,0.01,4,lead_dropout_s1,lead_dropout,1,True,0.6960263876287803,0.8296245784952525,0.7822001852137678,0.6370966143355535,0.9253126727473743,0.8444348376934667,0.929778192371476,0.9206777996070727,0.8157997625866747,0.7542985819770859,0.8570225599248003,-0.00027013771412387477,0.009769610461579648
S1_b0.01_s4_lik0,S1,0.01,4,lead_dropout_s2,lead_dropout,2,True,0.6861839868825181,0.8130500312281266,0.7697786438236354,0.5940820250555028,0.8955310254284136,0.824989727434598,0.9051444168048647,0.9092295471634043,0.8091225128127826,0.7517751955575984,0.8577971869723396,0.009572263032138317,0.026344157728705575
S1_b0.01_s4_lik0,S1,0.01,4,lead_dropout_s3,lead_dropout,3,True,0.6820040618523514,0.8058797634052115,0.7672094459021453,0.6184883444338725,0.8956778606965174,0.8178845363648816,0.8914282752902156,0.8996155618617964,0.7671794920108532,0.746373480585829,0.8490608735007921,0.013752188062305049,0.03351442555162065
S1_b0.01_s4_lik0,S1,0.01,4,limb_reversal_s1,limb_reversal,1,True,0.6661595377970438,0.8140340673458106,0.773222462314143,0.6502041706311449,0.8935962548369265,0.8138568346801809,0.9045311636263128,0.903462975090349,0.811258761682243,0.7432236116040862,0.8329503716469094,0.02959671211761261,0.025360121611021524
S1_b0.01_s4_lik0,S1,0.01,4,limb_reversal_s2,limb_reversal,2,True,0.6523435261947854,0.7826222901357159,0.7596594124607707,0.6053906993339676,0.8333419707020453,0.7842119230242433,0.8962911138750691,0.8864785709088264,0.7787109963822731,0.7103885549588131,0.7891273695754348,0.04341272371987104,0.05677189882111622
S1_b0.01_s4_lik0,S1,0.01,4,limb_reversal_s3,limb_reversal,3,True,0.6037806255424775,0.7115522877915198,0.7259479343520091,0.5495559784332382,0.6789662797125483,0.6592590056156691,0.8087341072415699,0.8546047684882,0.7455885400964728,0.6914563683019219,0.6898576078820478,0.09197562437217899,0.12784190116531235
S1_b0.01_s4_lik0,S1,0.01,4,baseline_step_s1,baseline_step,1,True,0.694474038626203,0.8399204293978165,0.7872067448680352,0.6603284570250555,0.9400480237700387,0.8354078208464595,0.9415682006633499,0.9174610104538068,0.830840650437142,0.7710312911553463,0.8753916653611155,0.0012822112884534054,-0.0005262404409843713
S1_b0.01_s4_lik0,S1,0.01,4,baseline_step_s2,baseline_step,2,True,0.6947016746497683,0.8383543607269782,0.7879913309667128,0.6606951712654616,0.9322916666666667,0.837967401725791,0.9395729684908789,0.9185100293482743,0.8259298688574014,0.7671851149294868,0.8750456942921302,0.001054575264888169,0.001039828229853934
S1_b0.01_s4_lik0,S1,0.01,4,baseline_step_s3,baseline_step,3,True,0.6845226269103948,0.8291221766747949,0.7581674126665637,0.6495500317158263,0.9256840796019901,0.8301046089576771,0.9470874792703151,0.9132467437968419,0.8085972829363884,0.7601735531259152,0.8694883980016364,0.011233623004261672,0.010272012282037224
S1_b0.01_s4_lik0,S1,0.01,4,seen_baseline_wander_s1,seen_baseline_wander,1,False,0.6962188785665491,0.8394777290263739,0.7892903997530483,0.6593076038693307,0.9350728993919293,0.8387678057800301,0.9440557628524047,0.9181098256081884,0.8266600090443172,0.7676622502555389,0.8763730046825771,-0.00046262865189261593,-8.354006954169879e-05
S1_b0.01_s4_lik0,S1,0.01,4,seen_baseline_wander_s2,seen_baseline_wander,2,False,0.6963688896903628,0.8395137492304321,0.7901682358388641,0.6599022756105296,0.9349174267551132,0.8387763662511984,0.9440125760088447,0.9179127555846613,0.8275927042508291,0.7660989532116445,0.8762424495622051,-0.0006126397757063584,-0.00011956027359993904
S1_b0.01_s4_lik0,S1,0.01,4,seen_baseline_wander_s3,seen_baseline_wander,3,False,0.6990565339852512,0.8393795751786808,0.7902454082420126,0.6618250475737392,0.9356861525704809,0.8343591631283387,0.9424405749032614,0.917673239709913,0.8291471962616823,0.7692992511302871,0.873740143088412,-0.0033002840705947944,1.4613778151373324e-05
S1_b0.01_s4_lik0,S1,0.01,4,seen_emg_bursts_s1,seen_emg_bursts,1,False,0.6954691575800083,0.8391160593804714,0.7885218912383598,0.6587823104979386,0.9344769209508016,0.8384810299958909,0.9440816749585406,0.9181098256081884,0.8266694302080192,0.7663743727900975,0.876547078176406,0.00028709233464818684,0.00027812957636075275
S1_b0.01_s4_lik0,S1,0.01,4,seen_emg_bursts_s2,seen_emg_bursts,2,False,0.6944374759694729,0.8385520972064899,0.7876472706693419,0.6569784728829686,0.9322571171918186,0.8388277290782085,0.9450836097291322,0.9179309466637562,0.8265210468797105,0.7666051821551388,0.8751174996083345,0.0013187739451835379,0.0008420917503422221
S1_b0.01_s4_lik0,S1,0.01,4,seen_emg_bursts_s3,seen_emg_bursts,3,False,0.6950626834037474,0.8381849883662773,0.7873160724391624,0.6544065176022835,0.931773424543947,0.8415028763183124,0.9417409480375898,0.9179370103567878,0.827416057431414,0.7667525898168459,0.8748193987501522,0.0006935665109090161,0.0012092005905548486
S1_b0.01_s4_lik0,S1,0.01,4,seen_lead_scaling_s1,seen_lead_scaling,1,False,0.6952855089517469,0.8369242537447773,0.7882357102433504,0.656403623533143,0.9321102819237148,0.831641213532393,0.9365844389165285,0.9178733415799558,0.8256048387096774,0.7688822426136154,0.8749825926506171,0.0004707409629095549,0.0024699352120548523
S1_b0.01_s4_lik0,S1,0.01,4,seen_lead_scaling_s2,seen_lead_scaling,2,False,0.6943170884898839,0.8367137253688793,0.7934544940062767,0.643454646368538,0.9365671641791045,0.8385623544719901,0.9410326838032063,0.9192649591307089,0.8277740616520952,0.7558114500840805,0.8745017146239142,0.001439161424772517,0.0026804635879528194
S1_b0.01_s4_lik0,S1,0.01,4,seen_lead_scaling_s3,seen_lead_scaling,3,False,0.6835403947383949,0.8325064948757633,0.7902389772084168,0.6541488265144307,0.9328444582642343,0.836760375291056,0.9155869955776672,0.9114124766547819,0.8201970907446489,0.7646442723395341,0.8667249812870994,0.012215855176261559,0.006887694081068818
S1_b0.05_s0_lik0,S1,0.05,0,clean,clean,0,False,0.7884991587756092,0.9083645392680901,0.955822014714205,0.8314402949571836,0.9839604063018241,0.7945957745514314,0.9921054449972361,0.961889689296369,0.8718015149231233,0.8525748821223599,0.9310908315490801,,
S1_b0.05_s0_lik0,S1,0.05,0,lead_dropout_s1,lead_dropout,1,True,0.7885488153087973,0.9051027955758837,0.9606742295621753,0.8297256581033936,0.9811100746268657,0.7933759074099439,0.986180210060807,0.953637003080356,0.8712433109737715,0.8439534734869863,0.9260252928786533,-4.9656533188113805e-05,0.0032617436922064424
S1_b0.05_s0_lik0,S1,0.05,0,lead_dropout_s2,lead_dropout,2,True,0.7831790419237039,0.894042756638398,0.9491080156402738,0.8132730732635585,0.9798231066887784,0.7706564169291878,0.9775082918739635,0.9358218729535035,0.8597589124208623,0.8350256120812216,0.9254095078942329,0.005320116851905254,0.014321782629692081
S1_b0.05_s0_lik0,S1,0.05,0,lead_dropout_s3,lead_dropout,3,True,0.7807867897659708,0.8885607520413122,0.9479407830426506,0.831460117348557,0.9880804311774462,0.7624512053143405,0.9626520176893312,0.9307981032768197,0.8389805358757914,0.8266291940874011,0.9080543805594722,0.007712369009638342,0.01980378722677789
S1_b0.05_s0_lik0,S1,0.05,0,limb_reversal_s1,limb_reversal,1,True,0.7523634819938333,0.8858996470295242,0.9280592426814838,0.78985291785601,0.972481343283582,0.7717136351184769,0.9833903399668326,0.946548545926411,0.8457166679228217,0.8348258359081183,0.900508294601981,0.03613567678177587,0.02246489223856596
S1_b0.05_s0_lik0,S1,0.05,0,limb_reversal_s2,limb_reversal,2,True,0.7344538855032161,0.8564176561376473,0.9032997633379637,0.7418629083412625,0.9166839414040906,0.7313510135597863,0.9838567578772803,0.9202927550995659,0.8239490691890261,0.8346318784585038,0.8518308179713475,0.05404527327239306,0.05194688313044282
S1_b0.05_s0_lik0,S1,0.05,0,limb_reversal_s3,limb_reversal,3,True,0.6597473020505049,0.7912435404688655,0.8329667644183772,0.6355950681890263,0.8227871061359867,0.6828003013285852,0.9581260364842454,0.8672566639986418,0.7739745063310219,0.8191269199363045,0.7285584973976013,0.12875185672510425,0.11712099879922466
S1_b0.05_s0_lik0,S1,0.05,0,baseline_step_s1,baseline_step,1,True,0.7905674025773756,0.9079420770586792,0.9551210320522714,0.8305482873453853,0.9834767136539524,0.7923058485139022,0.9925718629076837,0.9606254092992795,0.8748940119083509,0.8498633569767465,0.9320721708705415,-0.0020682438017664007,0.00042246220941088986
S1_b0.05_s0_lik0,S1,0.05,0,baseline_step_s2,baseline_step,2,True,0.7930145886032408,0.9073195049694809,0.9528669547769717,0.823104979384713,0.9826475262576009,0.795768559101493,0.9917772249861803,0.962687064930025,0.8722207567078685,0.8529957697880239,0.931806708792452,-0.004515429827631645,0.0010450342986092487
S1_b0.05_s0_lik0,S1,0.05,0,baseline_step_s3,baseline_step,3,True,0.7851937498117281,0.9060092504955534,0.952747980655451,0.8184417618141453,0.9816455914870095,0.7935984796603205,0.9923645660585959,0.9645152683790535,0.8686666227012361,0.8499176650626385,0.9321853186415303,0.0033054089638810957,0.0023552887725367677
S1_b0.05_s0_lik0,S1,0.05,0,seen_baseline_wander_s1,seen_baseline_wander,1,False,0.788643369086531,0.9082061298007196,0.9552303596233986,0.8311528702822708,0.9837099226091763,0.7941891521709356,0.9920881702598121,0.9618957529894007,0.8721500979801028,0.8519367621131276,0.9315020801782514,-0.0001442103109218218,0.00015840946737055717
S1_b0.05_s0_lik0,S1,0.05,0,seen_baseline_wander_s2,seen_baseline_wander,2,False,0.7887410238344019,0.908590950723437,0.9553847044296958,0.8299437044084998,0.9841331536760641,0.7971938775510203,0.9918117744610282,0.9625839821484877,0.8728260664757311,0.8523809246727452,0.93106036868766,-0.00024186505879275622,-0.00022641145534685325
S1_b0.05_s0_lik0,S1,0.05,0,seen_baseline_wander_s3,seen_baseline_wander,3,False,0.791152135832277,0.9087425300045076,0.9559184802181406,0.826900967332699,0.984565022111664,0.7972195589645255,0.9916044776119404,0.9627749884789832,0.8738765262285197,0.8546405289607565,0.9311822201333403,-0.0026529770566677824,-0.00037799073641742176
S1_b0.05_s0_lik0,S1,0.05,0,seen_emg_bursts_s1,seen_emg_bursts,1,False,0.7880832810227119,0.9085389186209228,0.9563525749858517,0.8315047177291468,0.9838567578772802,0.7941463498150939,0.992200456053068,0.9620806956268646,0.8719075030147724,0.8536668625636907,0.9311343499225374,0.000415877752897309,-0.00017437935283270978
S1_b0.05_s0_lik0,S1,0.05,0,seen_emg_bursts_s2,seen_emg_bursts,2,False,0.7868537792821322,0.9081973440382737,0.955912049184545,0.8277483745639074,0.9839344941956882,0.7949638748116696,0.9921745439469319,0.9619412306871378,0.871752053813687,0.8545066983205223,0.9308427768203736,0.0016453794934769839,0.00016719522981645252
S1_b0.05_s0_lik0,S1,0.05,0,seen_emg_bursts_s3,seen_emg_bursts,3,False,0.7862975112873221,0.9085619060024217,0.9559795750373,0.8273568823342848,0.9841417910447761,0.7964448363237914,0.992019071310116,0.9623323388876761,0.8730615955682844,0.8537250497985752,0.9319960137169913,0.002201647488287106,-0.00019736673433157215
S1_b0.05_s0_lik0,S1,0.05,0,seen_lead_scaling_s1,seen_lead_scaling,1,False,0.7871637918924226,0.9076767470658255,0.9542753511344344,0.8316186964795433,0.9825870646766168,0.7917194562388715,0.990360696517413,0.9616410778820733,0.872957962767561,0.8525632446753831,0.9313671732205338,0.001335366883186584,0.0006877922022646699
S1_b0.05_s0_lik0,S1,0.05,0,seen_lead_scaling_s2,seen_lead_scaling,2,False,0.7905186136518524,0.9070981603340011,0.9563043422338838,0.822386417697431,0.9811964483139857,0.7970312285988221,0.992139994472084,0.9610225811928498,0.8754498605667773,0.8484998361059551,0.9298527338242206,-0.0020194548762432207,0.0012663789340889853
S1_b0.05_s0_lik0,S1,0.05,0,seen_lead_scaling_s3,seen_lead_scaling,3,False,0.7831052419910698,0.9021230499008759,0.9577577558265166,0.8177727561052965,0.9825957020453289,0.7915953294069307,0.9864566058595909,0.9568143782289165,0.8615983946337052,0.8437090871004719,0.9208074399011261,0.0053939167845393765,0.006241489367214248
S1_b0.05_s1_lik0,S1,0.05,1,clean,clean,0,False,0.8136200398823781,0.9187475472833628,0.9529376961465247,0.8890144307009198,0.9889873548922057,0.850534173400904,0.9903866086235489,0.9611681098256082,0.8937269181489298,0.8246314323563695,0.9173412014552544,,
S1_b0.05_s1_lik0,S1,0.05,1,lead_dropout_s1,lead_dropout,1,True,0.8107735211571092,0.9133060997628372,0.9487060760405412,0.8909372026641295,0.9883050027639579,0.8402016847007259,0.9889614427860697,0.9485798830919984,0.895818416490805,0.8088917853201364,0.9093534040071718,0.002846518725268865,0.005441447520525666
S1_b0.05_s1_lik0,S1,0.05,1,lead_dropout_s2,lead_dropout,2,True,0.8041880063234513,0.9017136524813204,0.948731800174924,0.8582500792895655,0.9836494610281925,0.818565093822764,0.9898856412382532,0.9269597855878144,0.893512586674706,0.7920853723110224,0.9037830522046408,0.009432033558926745,0.017033894802042426
S1_b0.05_s1_lik0,S1,0.05,1,lead_dropout_s3,lead_dropout,3,True,0.7941548644175587,0.899239937531116,0.9430660595770952,0.8612581271804631,0.9873117053620786,0.817255341734009,0.9848241431730238,0.9232245506803463,0.8893978934277962,0.7822944002544722,0.9045272163907602,0.019465175464819406,0.019507609752246857
S1_b0.05_s1_lik0,S1,0.05,1,limb_reversal_s1,limb_reversal,1,True,0.7801041770251046,0.8901559038012223,0.918425554355096,0.8570805581985411,0.9768173023770038,0.819489624708944,0.966538833609729,0.9513146086492517,0.8756571261682242,0.7752246512160161,0.8708548749281947,0.03351586285727348,0.028591643482140494
S1_b0.05_s1_lik0,S1,0.05,1,limb_reversal_s2,limb_reversal,2,True,0.749626281470257,0.8626129278602088,0.8916724545969027,0.797747185220425,0.9620042150359314,0.7903497808519381,0.9565022111663903,0.948355526449829,0.8676585581851068,0.7209999670272337,0.8282264522081223,0.06399375841212107,0.05613461942315401
S1_b0.05_s1_lik0,S1,0.05,1,limb_reversal_s3,limb_reversal,3,True,0.6858014141357863,0.7943075834118956,0.8479189175284252,0.7269762924199176,0.900212479270315,0.6715261607998904,0.8858571724709784,0.943116495670523,0.8494168299668375,0.5773124092036689,0.7464314933765037,0.12781862574659175,0.12443996387146727
S1_b0.05_s1_lik0,S1,0.05,1,baseline_step_s1,baseline_step,1,True,0.8121649507345946,0.9182887693945825,0.9513813860163606,0.8860856723755155,0.9884086511885019,0.8470158197507189,0.990118850193477,0.9619139440684954,0.892170070847151,0.8279112528293542,0.9195932772816683,0.0014550891477834726,0.0004587778887803484
S1_b0.05_s1_lik0,S1,0.05,1,baseline_step_s2,baseline_step,2,True,0.809052923213181,0.9184189011235401,0.9507093430056078,0.8813877656200444,0.9866898148148148,0.8535046568963156,0.9897992675511332,0.9619442625336535,0.8937881557129936,0.8299419873268201,0.9180048566504778,0.004567116669197069,0.00032864615982275414
S1_b0.05_s1_lik0,S1,0.05,1,baseline_step_s3,baseline_step,3,True,0.8047975482778589,0.9160017697161495,0.9483073519576067,0.8795641056137014,0.9857397042564953,0.8510692028489246,0.9835803620784964,0.9601888234010041,0.8932817681640036,0.8237140136196922,0.9185705955054223,0.0088224916045192,0.002745777567213281
S1_b0.05_s1_lik0,S1,0.05,1,seen_baseline_wander_s1,seen_baseline_wander,1,False,0.8133736368479102,0.9188614919124617,0.9529794978648969,0.8897131699968284,0.9888577943615258,0.8502559580879332,0.9904729823106688,0.9612499696815349,0.8935761795296955,0.8251434800233524,0.9175043953557191,0.00024640303446787915,-0.00011394462909886105
S1_b0.05_s1_lik0,S1,0.05,1,seen_baseline_wander_s2,seen_baseline_wander,2,False,0.8141788337462711,0.9187812575654609,0.9525068168956115,0.8855207342213764,0.9888232448866777,0.8513816600465689,0.9903693338861249,0.9619867083848748,0.8939907107325897,0.8275330358026057,0.9169190732327189,-0.0005587938638930146,-3.371028209808724e-05
S1_b0.05_s1_lik0,S1,0.05,1,seen_baseline_wander_s3,seen_baseline_wander,3,False,0.8109039980277553,0.9186634525416747,0.9511337912229254,0.8852977323184268,0.988296365395246,0.8481115600602658,0.990162037037037,0.9616228868029785,0.8972786968646367,0.8290575413565772,0.9170104618169792,0.0027160418546228193,8.409474168813436e-05
S1_b0.05_s1_lik0,S1,0.05,1,seen_emg_bursts_s1,seen_emg_bursts,1,False,0.813136370319145,0.9186739759046927,0.9522238514173998,0.888727006026007,0.9888318822553896,0.8503843651554582,0.9903952459922609,0.9614500715515778,0.8938870779318662,0.8245422119295469,0.9176240708827266,0.0004836695632330912,7.357137867014529e-05
S1_b0.05_s1_lik0,S1,0.05,1,seen_emg_bursts_s2,seen_emg_bursts,2,False,0.8107556117206158,0.9184392402270374,0.949927972423728,0.8846188154138915,0.9887800580431177,0.8512232913299548,0.9902397733554449,0.9613803390817144,0.8945394935182394,0.8273604136724485,0.9178830052047976,0.0028644281617622447,0.00030830705632545197
S1_b0.05_s1_lik0,S1,0.05,1,seen_emg_bursts_s3,seen_emg_bursts,3,False,0.8082107408404864,0.9175590280478837,0.9483459381591809,0.87678897082144,0.9880372443338861,0.8494341528557732,0.9900843007186291,0.9635844914987023,0.895088276303889,0.8277774221891201,0.9188904555503333,0.005409299041891691,0.0011885192354791352
S1_b0.05_s1_lik0,S1,0.05,1,seen_lead_scaling_s1,seen_lead_scaling,1,False,0.8140567656068203,0.9177539128926208,0.9522174203838041,0.886323541071995,0.9881236180210061,0.8518439254896589,0.990360696517413,0.9583333333333334,0.891100768766958,0.8262121855707295,0.915269726878688,-0.0004367257244421996,0.0009936343907420708
S1_b0.05_s1_lik0,S1,0.05,1,seen_lead_scaling_s2,seen_lead_scaling,2,False,0.8101001934154366,0.9170537376125163,0.9523653341565057,0.889217610212496,0.9886159480375898,0.8480473565265032,0.9875794637921503,0.958460670886997,0.8969536667169128,0.8171000645878307,0.9151435235956621,0.0035198464669414786,0.0016938096708465356
S1_b0.05_s1_lik0,S1,0.05,1,seen_lead_scaling_s3,seen_lead_scaling,3,False,0.806348126067252,0.912653890038528,0.9478700416730976,0.8745490405962576,0.9859470011055832,0.8455091768250924,0.9875708264234384,0.9531397802517646,0.8916542621344589,0.8144118143361709,0.9132330670008878,0.007271913815126041,0.006093657244834794
S1_b0.05_s2_lik0,S1,0.05,2,clean,clean,0,False,0.8001011776067489,0.9153655089855588,0.9475259813757267,0.8689640818268316,0.9954135572139303,0.8460313655663609,0.9953444582642343,0.9515480608309685,0.9089750716008441,0.8143633249737673,0.9101236792173656,,
S1_b0.05_s2_lik0,S1,0.05,2,lead_dropout_s1,lead_dropout,1,True,0.7921983121436404,0.9102051489867272,0.9496707310798993,0.8696677767205836,0.9930901050304035,0.8306225174633611,0.9931073797678275,0.9437501515923258,0.9035979424178474,0.8000938754056135,0.9082458614026843,0.007902865463108477,0.005160359998831576
S1_b0.05_s2_lik0,S1,0.05,2,lead_dropout_s2,lead_dropout,2,True,0.7893397965113764,0.9000876876820286,0.94181200802593,0.8516442673644149,0.9940143034825871,0.8276777153814546,0.9927273355444998,0.9296429697542992,0.8848498266505879,0.783809207935963,0.8946115549985203,0.010761381095372502,0.01527782130353017
S1_b0.05_s2_lik0,S1,0.05,2,lead_dropout_s3,lead_dropout,3,True,0.7835502169937439,0.8899992137013228,0.9304933888974636,0.833541468442753,0.9918031370923162,0.7977417477057938,0.9923645660585959,0.9320047781901089,0.8644223884534219,0.7898645595129341,0.8777568889585182,0.016550960613004984,0.02536629528423595
S1_b0.05_s2_lik0,S1,0.05,2,limb_reversal_s1,limb_reversal,1,True,0.7652618446379315,0.8812837051892901,0.8951677213561764,0.8218859023152554,0.9851264510779436,0.8250496507327765,0.9593698175787728,0.9283786897572096,0.8890045598432319,0.7557299879552424,0.871840566087002,0.03483933296881747,0.034081803796268684
S1_b0.05_s2_lik0,S1,0.05,2,limb_reversal_s2,limb_reversal,2,True,0.7369624637290402,0.8321629024125234,0.8233748778103618,0.7292410006343166,0.9482621614151465,0.771174325434872,0.9125293670536208,0.9045180576778481,0.8599850203497136,0.7150357754515816,0.8253455358852506,0.06313871387770875,0.08320260657303535
S1_b0.05_s2_lik0,S1,0.05,2,limb_reversal_s3,limb_reversal,3,True,0.6402919897236309,0.731274403549282,0.6303763440860215,0.6039634871550905,0.8421434494195688,0.6558005752636625,0.8040008291873963,0.8560691503553324,0.8021956022007838,0.6127348582268022,0.7741853360488798,0.15980918788311804,0.18409110543627683
S1_b0.05_s2_lik0,S1,0.05,2,baseline_step_s1,baseline_step,1,True,0.7996563529768633,0.9156063733799181,0.9448056541647374,0.8670264430700919,0.9952926340519624,0.8453379674017257,0.9953530956329464,0.9539947609692205,0.9085369874886946,0.8154863386070363,0.9146234790328476,0.00044482462988559845,-0.00024086439435933027
S1_b0.05_s2_lik0,S1,0.05,2,baseline_step_s2,baseline_step,2,True,0.800087398295203,0.914267957004528,0.945455188557905,0.8646675784966696,0.9949385019347706,0.8467204834954115,0.9943857103372029,0.9493863542652017,0.907896348356949,0.8154339700956404,0.9095274775010009,1.3779311545891737e-05,0.0010975519810307865
S1_b0.05_s2_lik0,S1,0.05,2,baseline_step_s3,baseline_step,3,True,0.7940386426792886,0.9112913433321226,0.9324034058753923,0.8581757453219157,0.9949816887783306,0.8415842007944117,0.9946102819237147,0.9495318828979602,0.909660461260175,0.8117235640845112,0.908950859052692,0.006062534927460339,0.0040741656534362125
S1_b0.05_s2_lik0,S1,0.05,2,seen_baseline_wander_s1,seen_baseline_wander,1,False,0.7997202772666085,0.9155120594286438,0.9475452744765139,0.8690334601966382,0.9954049198452184,0.8462838994658267,0.9953444582642343,0.9514085958912416,0.9091799819113658,0.8149839888125343,0.9104239559942208,0.00038090034014037766,-0.00014655044308498066
S1_b0.05_s2_lik0,S1,0.05,2,seen_baseline_wander_s2,seen_baseline_wander,2,False,0.8005082258159598,0.915682303576222,0.9469182487009311,0.870178203298446,0.9954912935323382,0.8466220380769757,0.9953185461580984,0.9526001115719518,0.9089444528188123,0.8138823104987228,0.911185527529723,-0.0004070482092108918,-0.00031679459066324966
S1_b0.05_s2_lik0,S1,0.05,2,seen_baseline_wander_s3,seen_baseline_wander,3,False,0.8010078639212973,0.9159048580785366,0.945844266090446,0.8695587535680305,0.9955172056384742,0.8473496781262841,0.9952148977335544,0.9522393218365712,0.9113091649080495,0.8144331496556286,0.9116772851497903,-0.0009066863145483772,-0.0005393490929778144
S1_b0.05_s2_lik0,S1,0.05,2,seen_emg_bursts_s1,seen_emg_bursts,1,False,0.799978066664514,0.9152672094026032,0.9469021711169419,0.8684338328575959,0.9954221945826424,0.8453508081084782,0.9953358208955224,0.9518906594872542,0.9095238543864939,0.8141150594382605,0.9104304837502394,0.00012311094223493857,9.82995829555966e-05
S1_b0.05_s2_lik0,S1,0.05,2,seen_emg_bursts_s2,seen_emg_bursts,2,False,0.8004530737658281,0.9152464332779966,0.9454873437258836,0.8679729622581668,0.9954394693200664,0.8449227845500616,0.9954049198452183,0.9518815639477067,0.9097216988242388,0.8150014449829995,0.9113857120476265,-0.00035189615907915694,0.00011907570756219954
S1_b0.05_s2_lik0,S1,0.05,2,seen_emg_bursts_s3,seen_emg_bursts,3,False,0.7998483629797738,0.9147061649980743,0.9428056027164687,0.8661839914367269,0.9953703703703703,0.8461212505136283,0.9953790077390824,0.953682480778093,0.9098747927343984,0.8138435190087999,0.9090944696851012,0.0002528146269751286,0.000659343987484462
S1_b0.05_s2_lik0,S1,0.05,2,seen_lead_scaling_s1,seen_lead_scaling,1,False,0.8006280097014223,0.9149394874655089,0.9449407058702474,0.8704309387884553,0.9950680624654505,0.8496310436926449,0.9948694029850746,0.9509386596812923,0.907451198372023,0.8119155819596297,0.9092097933747629,-0.0005268320946734129,0.0004260215200498907
S1_b0.05_s2_lik0,S1,0.05,2,seen_lead_scaling_s2,seen_lead_scaling,2,False,0.7995674307644917,0.9139590894082493,0.946693162525081,0.8650194259435459,0.9953185461580984,0.8379331598411177,0.9943597982310669,0.9527213854325839,0.9087536742538439,0.8155445258419208,0.909288126446986,0.0005337468422572655,0.00140641957730947
S1_b0.05_s2_lik0,S1,0.05,2,seen_lead_scaling_s3,seen_lead_scaling,3,False,0.7907082383830263,0.909788802099067,0.9418377321603129,0.8643008642562638,0.9951976229961303,0.8423075606081358,0.9943511608623549,0.9457572339857867,0.8962776982212843,0.8016164413850889,0.9064529044162445,0.00939293922372264,0.005576706886491811
S1_b0.05_s3_lik0,S1,0.05,3,clean,clean,0,False,0.8090276623378776,0.9212179262410187,0.9448796110510882,0.8452168569616237,0.9938329187396352,0.8847760580742364,0.9881236180210061,0.9665102233864513,0.9279704929152848,0.8019481086239301,0.9377034483959127,,
S1_b0.05_s3_lik0,S1,0.05,3,lead_dropout_s1,lead_dropout,1,True,0.8022192441845102,0.9119997305455032,0.9435837577815506,0.8390966936251189,0.9911812465450525,0.8606740514997945,0.9826820757324488,0.9539492832714837,0.916874717365089,0.7877290879926762,0.9322266610963149,0.006808418153367413,0.009218195695515519
S1_b0.05_s3_lik0,S1,0.05,3,lead_dropout_s2,lead_dropout,2,True,0.7957859138550887,0.9034746758051926,0.9355031640685291,0.8447559863621947,0.9843490878938641,0.8458858375564992,0.9716435185185185,0.9423979480462781,0.9123195847151039,0.7699082775220772,0.9245086775636674,0.013241748482788918,0.01774325043582614
S1_b0.05_s3_lik0,S1,0.05,3,lead_dropout_s3,lead_dropout,3,True,0.7793666984482912,0.893074408989967,0.9302329320368369,0.8448104979384713,0.9871389579878386,0.8032118887823586,0.974744333886125,0.9439350942297897,0.8874759760325596,0.7597584841837397,0.9063615158319842,0.02966096388958639,0.028143517251051686
S1_b0.05_s3_lik0,S1,0.05,3,limb_reversal_s1,limb_reversal,1,True,0.7786271492113818,0.9021307566030878,0.9132614343777331,0.813525808753568,0.9832607794361525,0.8739727434597999,0.9782165561083471,0.9607284920808169,0.909608644859813,0.7663084272572283,0.9202939230943304,0.03040051312649583,0.01908716963793089
S1_b0.05_s3_lik0,S1,0.05,3,limb_reversal_s2,limb_reversal,2,True,0.746301062132454,0.8826300959800992,0.8731864485260071,0.7812153108150968,0.9719803758982863,0.8565735858101631,0.9703220011055831,0.9547618181377187,0.89793111245101,0.7394026498466767,0.8982975612303515,0.06272660020542364,0.0385878302609195
S1_b0.05_s3_lik0,S1,0.05,3,limb_reversal_s3,limb_reversal,3,True,0.6943729476541133,0.8312983085380153,0.7493729742244174,0.7233983507770377,0.9085734521835268,0.7891727160662922,0.9384501105583195,0.9501837298988576,0.8668954439252337,0.7071232812945496,0.8485147179139033,0.11465471468376431,0.08991961770300338
S1_b0.05_s3_lik0,S1,0.05,3,baseline_step_s1,baseline_step,1,True,0.8074295010370625,0.9214394400991461,0.9440017749652725,0.8477987234379956,0.9938847429519071,0.8802989316531982,0.9882531785516859,0.9666800067913363,0.9277844249321675,0.8055052882498638,0.9387478893588873,0.0015981613008151374,-0.00022151385812740898
S1_b0.05_s3_lik0,S1,0.05,3,baseline_step_s2,baseline_step,2,True,0.8044973514601389,0.9214182107261277,0.9432493440345732,0.8439829130986363,0.9936774461028193,0.8856620668401588,0.9884950248756218,0.9667254844890733,0.9257777170636118,0.8073207299782573,0.9378731700523961,0.004530310877738697,-0.00020028448510900354
S1_b0.05_s3_lik0,S1,0.05,3,baseline_step_s3,baseline_step,3,True,0.8018395799587076,0.9189838700958065,0.9405354478571796,0.8454745480494766,0.9934960613598675,0.8763996370360224,0.9867934632393588,0.9668467583497053,0.9207750791377751,0.8045645946192324,0.9359692412136406,0.007188082379170013,0.0022340561452122154
S1_b0.05_s3_lik0,S1,0.05,3,seen_baseline_wander_s1,seen_baseline_wander,1,False,0.8092323202514449,0.9215018384368003,0.944995369655811,0.845618260386933,0.9938847429519071,0.8851698397479797,0.988201354339414,0.9666193698610203,0.9282507725354237,0.8030168141713071,0.9377600222814072,-0.00020465791356727436,-0.0002839121957816104
S1_b0.05_s3_lik0,S1,0.05,3,seen_baseline_wander_s2,seen_baseline_wander,2,False,0.8086767131222474,0.9221054259318878,0.9433297319545197,0.8467927370758008,0.9939797540077391,0.8862955417066156,0.988330914870094,0.9666345290935991,0.9285922897196262,0.8067524346508862,0.93824090030811,0.0003509492156301697,-0.000887499690869098
S1_b0.05_s3_lik0,S1,0.05,3,seen_baseline_wander_s3,seen_baseline_wander,3,False,0.8077083826018475,0.9227356935872003,0.9414936718629419,0.849320091975896,0.9935133360972913,0.8862398986440214,0.9881927169707021,0.9679109364767517,0.9283614712089238,0.8106432210901573,0.9389458979581179,0.0013192797360300768,-0.0015177673461815866
S1_b0.05_s3_lik0,S1,0.05,3,seen_emg_bursts_s1,seen_emg_bursts,1,False,0.809288455613174,0.9214004000517796,0.9447413438287803,0.8454695924516333,0.9937810945273632,0.885692028489248,0.9880372443338861,0.9665435736981252,0.9281730479348809,0.8023360235231595,0.9378296516789388,-0.0002607932752963782,-0.00018247381076086366
S1_b0.05_s3_lik0,S1,0.05,3,seen_emg_bursts_s2,seen_emg_bursts,2,False,0.8087432175325541,0.921502636545083,0.9435548181303699,0.8414902473834442,0.9937206329463792,0.8865095534858239,0.9877867606412383,0.9669953188289796,0.9289408727766054,0.8058059222967665,0.93871960241614,0.0002844448053235249,-0.0002847103040642951
S1_b0.05_s3_lik0,S1,0.05,3,seen_emg_bursts_s3,seen_emg_bursts,3,False,0.8085060316911701,0.9216606432291535,0.942384370015949,0.838392998731367,0.9937724571586513,0.8881916860704012,0.9876658374792703,0.9675653059739503,0.9288183976484775,0.8097898083118525,0.9383649276724634,0.000521630646707516,-0.00044271698813480587
S1_b0.05_s3_lik0,S1,0.05,3,seen_lead_scaling_s1,seen_lead_scaling,1,False,0.8073259174486022,0.920435549222892,0.9441818439059526,0.8407617745004757,0.9935219734660033,0.8850157512669496,0.9885468490878939,0.9641544786436732,0.926298236358155,0.8042251690824068,0.9372138666945183,0.001701744889275436,0.0007823770181267786
S1_b0.05_s3_lik0,S1,0.05,3,seen_lead_scaling_s2,seen_lead_scaling,2,False,0.8074240281087275,0.9203542449163921,0.9445869990224828,0.8424218997779891,0.9931592039800995,0.8816771675112998,0.9863443200663351,0.9682110892818162,0.9269247437443473,0.8026967843794429,0.9371659964837155,0.0016036342291501082,0.0008636813246266639
S1_b0.05_s3_lik0,S1,0.05,3,seen_lead_scaling_s3,seen_lead_scaling,3,False,0.8027441056221102,0.9161033628868245,0.9416126459844626,0.8461633761496987,0.9933060392482034,0.8771229968497467,0.9864652432283029,0.9606496640714061,0.9144487677117877,0.7914530710252784,0.9337084617125351,0.006283556715767413,0.005114563354194246
S1_b0.05_s4_lik0,S1,0.05,4,clean,clean,0,False,0.7969811393248115,0.9116457003017726,0.9565037042753511,0.8559457262924199,0.9890305417357657,0.8724489795918368,0.9769123134328358,0.9146444250406268,0.894749114410612,0.8137446007094963,0.9308318972270093,,
S1_b0.05_s4_lik0,S1,0.05,4,lead_dropout_s1,lead_dropout,1,True,0.784845071814311,0.9008512365420229,0.9549924113803572,0.8407072629241992,0.9835803620784964,0.8549000136967538,0.972792288557214,0.90127398190594,0.8802711410913477,0.7932685127536722,0.9258751544902257,0.012136067510500559,0.010794463759749684
S1_b0.05_s4_lik0,S1,0.05,4,lead_dropout_s2,lead_dropout,2,True,0.7768339639682504,0.889289187009473,0.9424100941503318,0.8328922851252776,0.968508153676064,0.8412503424188468,0.9811446241017137,0.8778438720318222,0.8800403225806452,0.7621674357079544,0.9173455532926003,0.020147175356561076,0.022356513292299596
S1_b0.05_s4_lik0,S1,0.05,4,lead_dropout_s3,lead_dropout,3,True,0.7660750313903552,0.8756405778601318,0.9433104388537326,0.8237938074849349,0.9576941680486457,0.8184794891110808,0.9697260226644555,0.8689181158893012,0.8481237752487187,0.7452543461015523,0.9054650373387644,0.03090610793445636,0.03600512244164078
S1_b0.05_s4_lik0,S1,0.05,4,limb_reversal_s1,limb_reversal,1,True,0.7567823325267463,0.880987383748732,0.9256572516334826,0.8066276165556612,0.9778192371475953,0.84123322147651,0.9640771835268104,0.8796660117878192,0.8742086222490204,0.7755737746253227,0.8840235347363656,0.0401988067980652,0.030658316553040632
S1_b0.05_s4_lik0,S1,0.05,4,limb_reversal_s2,limb_reversal,2,True,0.7208246304076287,0.8352566001802345,0.8913412563667232,0.6868805502695846,0.9058785931453842,0.7953662169565813,0.968801824212272,0.8529706032161828,0.8379866031052157,0.7396935860210987,0.8383901683290685,0.07615650891718284,0.0763891001215381
S1_b0.05_s4_lik0,S1,0.05,4,limb_reversal_s3,limb_reversal,3,True,0.6328909197682835,0.7454470720508924,0.7974771055203993,0.49020278306374887,0.7213066611387506,0.7532358581016301,0.9141877418463239,0.8278396274467001,0.7764593382574616,0.6567011329054632,0.771613400177555,0.16409021955652803,0.16619862825088016
S1_b0.05_s4_lik0,S1,0.05,4,baseline_step_s1,baseline_step,1,True,0.7929633141784129,0.91153964400176,0.9561564284611823,0.8536512844909611,0.9891860143725816,0.8700648883714559,0.9760658512990602,0.9167212399039512,0.8957312707265601,0.813765936028954,0.9325138823611329,0.00401782514639859,0.00010605630001259136
S1_b0.05_s4_lik0,S1,0.05,4,baseline_step_s2,baseline_step,2,True,0.7920960000429043,0.911245711584351,0.9551371096362606,0.8540328655248968,0.9895660585959094,0.869859437063416,0.9771196102819237,0.9132588711829052,0.8968335468797106,0.8147221462555545,0.9306817588385816,0.004885139281907258,0.0003999887174216399
S1_b0.05_s4_lik0,S1,0.05,4,baseline_step_s3,baseline_step,3,True,0.7888679886140088,0.9082938191686828,0.9528766013273654,0.8446172296225816,0.986257946379215,0.8630966648404328,0.980583195135434,0.9171911761139004,0.8864820432619837,0.8113977155691585,0.9321418002680733,0.008113150710802763,0.003351881133089818
S1_b0.05_s4_lik0,S1,0.05,4,seen_baseline_wander_s1,seen_baseline_wander,1,False,0.7969459465047776,0.9116255659526966,0.9563525749858517,0.8553708769425943,0.9889614427860697,0.8729369264484318,0.9767654781647319,0.9145837881103107,0.8944688347904733,0.8139404977336073,0.931249673612199,3.519282003394686e-05,2.0134349075995317e-05
S1_b0.05_s4_lik0,S1,0.05,4,seen_baseline_wander_s2,seen_baseline_wander,2,False,0.7961223979601402,0.9113245431116282,0.956252893965118,0.8547514272121789,0.9894710475400774,0.871943911792905,0.9772405334438916,0.9135711513740328,0.894972867048538,0.8126371036721962,0.9310799519557158,0.0008587413646713449,0.00032115719014436106
S1_b0.05_s4_lik0,S1,0.05,4,seen_baseline_wander_s3,seen_baseline_wander,3,False,0.7975304471441955,0.911176138573928,0.9548123424396768,0.8547464716143355,0.9889268933112216,0.8720038350910835,0.9772837202874516,0.9135165781367485,0.8954368593608684,0.8127437802694845,0.9311147666544816,-0.000549307819384004,0.00046956172784462513
S1_b0.05_s4_lik0,S1,0.05,4,seen_emg_bursts_s1,seen_emg_bursts,1,False,0.796490425589159,0.9115511411933779,0.9561725060451717,0.8553014985727878,0.9889700801547816,0.8723419737022325,0.9771627971254836,0.9150021829294913,0.8945018088634309,0.8135971930477892,0.9309102302992325,0.0004907137356525704,9.45591083947317e-05
S1_b0.05_s4_lik0,S1,0.05,4,seen_emg_bursts_s2,seen_emg_bursts,2,False,0.7957502277543264,0.9108375130701527,0.9557448423110562,0.8517830241040278,0.9890478164731896,0.8726415901931243,0.9760572139303483,0.9148323995246065,0.8940048424781429,0.8129551938895645,0.9304706947273138,0.0012309115704851603,0.0008081872316199057
S1_b0.05_s4_lik0,S1,0.05,4,seen_emg_bursts_s3,seen_emg_bursts,3,False,0.7945364327057126,0.9115656434139479,0.953776946030766,0.8534927053599746,0.9893501243781094,0.871327557868785,0.9756598949695965,0.9178248320357031,0.8963695545673802,0.8152962603064139,0.9309929152088012,0.002444706619098902,8.005688782475318e-05
S1_b0.05_s4_lik0,S1,0.05,4,seen_lead_scaling_s1,seen_lead_scaling,1,False,0.7959738406315905,0.9111558330734333,0.9548895148428256,0.8539833095464637,0.9887973327805417,0.872919805506095,0.9789075456053067,0.9139349729559291,0.895250791377751,0.8114791776979966,0.9302400473479903,0.001007298693221026,0.0004898672283393246
S1_b0.05_s4_lik0,S1,0.05,4,seen_lead_scaling_s2,seen_lead_scaling,2,False,0.7946187990626024,0.9120427888275824,0.9558123681638113,0.8554848556929908,0.992174543946932,0.869859437063416,0.9867243642896628,0.9162725266196122,0.8964237262586674,0.8060677648537463,0.9295655125594026,0.0023623402622091616,-0.0003970885258097745
S1_b0.05_s4_lik0,S1,0.05,4,seen_lead_scaling_s3,seen_lead_scaling,3,False,0.7816697161533074,0.9055036079610806,0.9612626691361835,0.8499048525214081,0.9807904919845218,0.8594285029448019,0.9728700248756218,0.9102058017414926,0.8856718231835997,0.8031293094920836,0.9262689957700141,0.015311423171504135,0.0061420923406919625
S1_b0.1_s0_lik0,S1,0.1,0,clean,clean,0,False,0.8505644852721095,0.9468380503751277,0.9686165560528889,0.9136586187757691,0.99601817302377,0.8942353787152446,0.9958022388059702,0.9750812534866236,0.9223295711486283,0.900761670904637,0.9550389924626177,,
S1_b0.1_s0_lik0,S1,0.1,0,lead_dropout_s1,lead_dropout,1,True,0.8468730896703985,0.9404865920401405,0.9689348922158769,0.9112254202346971,0.9926236871199557,0.8847503766607314,0.9950594250967385,0.9654217904872784,0.9119969098583057,0.8882882673199154,0.9460785593677651,0.003691395601710945,0.006351458334987181
S1_b0.1_s0_lik0,S1,0.1,0,lead_dropout_s2,lead_dropout,2,True,0.8309312558037755,0.9318176600389199,0.9621919534907651,0.9052588804313353,0.9875967385295743,0.8658616970278044,0.9927618850193477,0.9516875257706953,0.9086029356346096,0.8773180339697078,0.9350792904764391,0.019633229468334013,0.015020390336207834
S1_b0.1_s0_lik0,S1,0.1,0,lead_dropout_s3,lead_dropout,3,True,0.8207318444633148,0.9215850509747541,0.9514103256675412,0.8946241674595623,0.9923472913211719,0.8542665388302972,0.9893587617468214,0.9561807223071139,0.8802522987639433,0.8535970378818295,0.9222283147945063,0.029832640808794664,0.02525299940037362
S1_b0.1_s0_lik0,S1,0.1,0,limb_reversal_s1,limb_reversal,1,True,0.8161415697817176,0.9273207765211661,0.9451014817101404,0.8951147716460514,0.992286829740188,0.8594113820024654,0.9926582365948037,0.9715309612166194,0.8958231270726559,0.8746084483985904,0.9193517503089805,0.03442291549039189,0.019517273853961625
S1_b0.1_s0_lik0,S1,0.1,0,limb_reversal_s2,limb_reversal,2,True,0.785032635336243,0.9014942352911199,0.9234771312445337,0.8461485093561688,0.980401810392482,0.8352323311875085,0.9883654643449419,0.9664980960003882,0.853472640940609,0.8500068854894614,0.8698452486639859,0.06553184993586647,0.045343815084007755
S1_b0.1_s0_lik0,S1,0.1,0,limb_reversal_s3,limb_reversal,3,True,0.7093954767468201,0.846468024844744,0.8565075628955086,0.7704963526799873,0.9608813571033721,0.7622628749486372,0.9806609314538419,0.9641211283319993,0.777121175007537,0.8113531053557471,0.7348077358260657,0.14116900852528935,0.10037002553038366
S1_b0.1_s0_lik0,S1,0.1,0,baseline_step_s1,baseline_step,1,True,0.8485378386173558,0.946450413703738,0.9678544785717961,0.9108933951791945,0.996009535655058,0.8951427886590878,0.9958540630182421,0.9749993936306969,0.9213332830871268,0.9001662215343198,0.95580056399812,0.0020266466547537165,0.0003876366713897461
S1_b0.1_s0_lik0,S1,0.1,0,baseline_step_s2,baseline_step,2,True,0.8446909227022948,0.9457650008800714,0.9666390132222051,0.9096198065334602,0.995983623548922,0.893683228324887,0.9957676893311221,0.9745900943510636,0.9193171540548689,0.9015239236816228,0.954760474872491,0.005873562569814639,0.0010730494950562663
S1_b0.1_s0_lik0,S1,0.1,0,baseline_step_s3,baseline_step,3,True,0.8467153084514671,0.9446279810620258,0.9657000823172301,0.9083561290834127,0.9956208540630183,0.8917528420764278,0.9935478855721392,0.9754844890732252,0.9162835393427797,0.8994253040767916,0.955480703953209,0.0038491768206423416,0.002210069313101859
S1_b0.1_s0_lik0,S1,0.1,0,seen_baseline_wander_s1,seen_baseline_wander,1,False,0.8505859273189424,0.9468336053478463,0.9685040129649637,0.9136041071994926,0.996026810392482,0.8942054170661554,0.9958022388059702,0.9753298649009193,0.9221387925836599,0.9008043415435523,0.9550868626734208,-2.144204683296458e-05,4.445027281363423e-06
S1_b0.1_s0_lik0,S1,0.1,0,seen_baseline_wander_s2,seen_baseline_wander,2,False,0.8504930391601111,0.9468235964415377,0.968060271646859,0.9122413177925784,0.99601817302377,0.8951385084235037,0.9958886124930901,0.9751024764122341,0.9223813875489901,0.9012097126132469,0.955371908019566,7.144611199838558e-05,1.4453933590008461e-05
S1_b0.1_s0_lik0,S1,0.1,0,seen_baseline_wander_s3,seen_baseline_wander,3,False,0.850352601922904,0.9466151562973537,0.9683271595410815,0.9089408896289249,0.99606135986733,0.8951128270099987,0.9958540630182421,0.9751146037982973,0.9233093721736509,0.9010351509085937,0.9557809807300642,0.00021188334920552165,0.00022289407777398296
S1_b0.1_s0_lik0,S1,0.1,0,seen_emg_bursts_s1,seen_emg_bursts,1,False,0.8502002549620753,0.9469568955188085,0.9687001594896333,0.9129747462733905,0.996026810392482,0.8952112724284345,0.9958108761746821,0.9752904508962138,0.9224873756406391,0.9009342930347939,0.9551760753390082,0.00036423031003418593,-0.00011884514368076804
S1_b0.1_s0_lik0,S1,0.1,0,seen_emg_bursts_s2,seen_emg_bursts,2,False,0.8497308219124711,0.9469254737526206,0.9687773318927818,0.9118646923564859,0.995957711442786,0.8958105054102177,0.995871337755666,0.9751813044216449,0.9224402698221285,0.9014502198507691,0.9549758908211047,0.0008336633596384146,-8.742337749290119e-05
S1_b0.1_s0_lik0,S1,0.1,0,seen_emg_bursts_s3,seen_emg_bursts,3,False,0.8481282283030979,0.9464350893137089,0.9678191078870196,0.9077267681573106,0.996044085129906,0.8968976852485961,0.9958367882808181,0.9753328967474351,0.9223319264395539,0.9014250053823192,0.9545015405504205,0.0024362569690116187,0.00040296106141879395
S1_b0.1_s0_lik0,S1,0.1,0,seen_lead_scaling_s1,seen_lead_scaling,1,False,0.8486169215425642,0.946351352280362,0.9683786078098472,0.9124395417063114,0.9958799751243781,0.8923863169428846,0.9958454256495302,0.9746871134395693,0.9213921653602654,0.9024413424183004,0.9537116820721709,0.0019475637295452985,0.0004866980947656474
S1_b0.1_s0_lik0,S1,0.1,0,seen_lead_scaling_s2,seen_lead_scaling,2,False,0.849681224409491,0.9457950419486273,0.9691020990893656,0.910947906755471,0.9955690298507462,0.8927800986166278,0.9953962824765064,0.9746658905139587,0.9202851786252638,0.9000866989799778,0.9533221926297283,0.0008832608626184735,0.0010430084265004025
S1_b0.1_s0_lik0,S1,0.1,0,seen_lead_scaling_s3,seen_lead_scaling,3,False,0.8460302391282241,0.9423531580342668,0.9679091423573597,0.9144762924199177,0.9953703703703703,0.8867749280920423,0.9938761055831952,0.9721524897523588,0.9126775889357853,0.8896304528712491,0.9483110519261231,0.004534246143885423,0.004484892340860913
S1_b0.1_s1_lik0,S1,0.1,1,clean,clean,0,False,0.841658162812317,0.9411882318571527,0.9685651077841231,0.9144961148112909,0.994066127694859,0.9033308793315984,0.9943079740187949,0.968259598826069,0.9186435408501659,0.8653353427325113,0.9436894006649608,,
S1_b0.1_s1_lik0,S1,0.1,1,lead_dropout_s1,lead_dropout,1,True,0.8377287508982455,0.9340031394154753,0.9652306168647425,0.9076920789724072,0.9864738805970148,0.90696907957814,0.9889787175234936,0.9586547090640083,0.9033176627977089,0.8518262063668471,0.9368853029749159,0.003929411914071479,0.007185092441677421
S1_b0.1_s1_lik0,S1,0.1,1,lead_dropout_s2,lead_dropout,2,True,0.8162259440810532,0.9209119172181546,0.9633205998868138,0.8860361163970821,0.9848500552791597,0.8754194630872484,0.990386608623549,0.9430740498193019,0.887732702743443,0.8296782051953442,0.9277094539314498,0.025432218731263778,0.02027631463899815
S1_b0.1_s1_lik0,S1,0.1,1,lead_dropout_s3,lead_dropout,3,True,0.8147489144314467,0.9129010545756375,0.957995704069558,0.8984251110053917,0.986517067440575,0.8718026640186276,0.9752366639027087,0.9317561667758132,0.8620294128730781,0.8121289351542059,0.9202177659407803,0.026909248380870276,0.028287177281515197
S1_b0.1_s1_lik0,S1,0.1,1,limb_reversal_s1,limb_reversal,1,True,0.800620738933253,0.9222522371761512,0.9579313937336008,0.8873443942277196,0.986491155334439,0.893041192987262,0.9833644278606966,0.9623747847388974,0.9083438536328008,0.8191560135537466,0.9022229185161975,0.04103742387906395,0.01893599468100149
S1_b0.1_s1_lik0,S1,0.1,1,limb_reversal_s2,limb_reversal,2,True,0.7820156300216086,0.9008452998973583,0.9433329474713176,0.8579923882017126,0.978432490326147,0.8670088001643611,0.9691386815920398,0.9627567973998884,0.8918167772083208,0.7711806383915496,0.8659481783208871,0.059642532790708414,0.04034293195979444
S1_b0.1_s1_lik0,S1,0.1,1,limb_reversal_s3,limb_reversal,3,True,0.7283765446751773,0.8361500042042381,0.8924281010443998,0.7591827228036789,0.9558457711442785,0.750950212299685,0.9341227888336097,0.9525606975672464,0.8540120025625565,0.6480021412902437,0.7782456002924434,0.11328161813713966,0.1050382276529146
S1_b0.1_s1_lik0,S1,0.1,1,baseline_step_s1,baseline_step,1,True,0.8422114220527688,0.9418009612002702,0.9675072027576272,0.9158539486203616,0.994247512437811,0.9052569853444733,0.9943425234936429,0.9696572800698537,0.9188131217968043,0.8661422057229085,0.94438787055895,-0.0005532592404517978,-0.0006127293431175129
S1_b0.1_s1_lik0,S1,0.1,1,baseline_step_s2,baseline_step,2,True,0.8415037462194077,0.9419000576389363,0.9673592889849256,0.9162553520456708,0.9938933803206191,0.9069433981646349,0.9940747650635711,0.968935700599093,0.9201603482062105,0.8659346712518208,0.9435436141138789,0.0001544165929092678,-0.0007118257817835261
S1_b0.1_s1_lik0,S1,0.1,1,baseline_step_s3,baseline_step,3,True,0.841472187429865,0.9414136506025778,0.9674686165560529,0.9142978908975579,0.9943597982310669,0.90743134502123,0.9936256218905473,0.9669043634335056,0.9167993480554718,0.8700329921621793,0.9418028791755879,0.0001859753824520194,-0.00022541874542503226
S1_b0.1_s1_lik0,S1,0.1,1,seen_baseline_wander_s1,seen_baseline_wander,1,False,0.8417530362790716,0.9413031748084464,0.9687355301744097,0.9147042499207104,0.994152501381979,0.9034978085193809,0.9943079740187949,0.9680898154211842,0.9188084112149533,0.8656514933753834,0.943780789249221,-9.487346675463026e-05,-0.00011494295129366172
S1_b0.1_s1_lik0,S1,0.1,1,seen_baseline_wander_s2,seen_baseline_wander,2,False,0.8418556972859161,0.9413414528473621,0.9684461336626022,0.9129846574690771,0.993962479270315,0.9062970825914257,0.9944288971807629,0.968047369569963,0.9189096887247512,0.8651006542184777,0.9438961129388828,-0.0001975344735991591,-0.00015322099020942392
S1_b0.1_s1_lik0,S1,0.1,1,seen_baseline_wander_s3,seen_baseline_wander,3,False,0.8411083548226934,0.9415498073588249,0.9681599526675927,0.9162553520456708,0.994109314538419,0.9022265785508835,0.994351160862355,0.9692843629484101,0.9201721246608381,0.8666639512623721,0.9427254686928821,0.000549807989623563,-0.00036157550167215113
S1_b0.1_s1_lik0,S1,0.1,1,seen_emg_bursts_s1,seen_emg_bursts,1,False,0.8415883746830606,0.9411942908755973,0.9685811853681124,0.9139559546463685,0.994022940851299,0.9039686344336393,0.9943425234936428,0.968350554221543,0.9184127223394634,0.8653877112439073,0.9437263912823994,6.978812925639843e-05,-6.059018444526387e-06
S1_b0.1_s1_lik0,S1,0.1,1,seen_emg_bursts_s2,seen_emg_bursts,2,False,0.8404732880695128,0.9412259338937832,0.9682403405875393,0.9117705359974627,0.9939624792703151,0.9059589439802767,0.9944288971807629,0.9683899682262485,0.9182242990654205,0.8665883078570223,0.9434696328790014,0.001184874742804154,-3.770203663044924e-05
S1_b0.1_s1_lik0,S1,0.1,1,seen_emg_bursts_s3,seen_emg_bursts,3,False,0.8409114665627913,0.9402714015770967,0.9680506250964656,0.9070428956549318,0.9936860834715313,0.9027958498835776,0.9945152708678828,0.9678927453976569,0.9176708056979198,0.867111992970982,0.9436763451529236,0.0007466962495257246,0.000916830280056069
S1_b0.1_s1_lik0,S1,0.1,1,seen_lead_scaling_s1,seen_lead_scaling,1,False,0.8406264871340707,0.940847866345304,0.968082780264444,0.9127814779575009,0.9941438640132669,0.9075169497329133,0.9942388750690989,0.9675349875087924,0.9162246570696413,0.8633220644055106,0.9437851410865669,0.0010316756782462466,0.0003403655118486837
S1_b0.1_s1_lik0,S1,0.1,1,seen_lead_scaling_s2,seen_lead_scaling,2,False,0.8415885528175404,0.9395169912404653,0.9680216854452848,0.9128161671424041,0.9936083471531233,0.9009724695247225,0.9943338861249309,0.9655764146595842,0.9189779921615918,0.8597280328641503,0.9416179260883946,6.960999477656493e-05,0.0016712406166874416
S1_b0.1_s1_lik0,S1,0.1,1,seen_lead_scaling_s3,seen_lead_scaling,3,False,0.8327759289910388,0.9363016769203506,0.9689959870350362,0.9025333016175071,0.994083402432283,0.8995728324887001,0.9924595771144278,0.9673652041039075,0.902257781881218,0.8587407894456114,0.9407062161644646,0.008882233821278174,0.004886554936802123
S1_b0.1_s2_lik0,S1,0.1,2,clean,clean,0,False,0.8615235514020619,0.9400849175444113,0.9733369347121469,0.9155615683476054,0.9964932283029299,0.9101749760306809,0.9965450525152018,0.9579907346770478,0.9242373567983118,0.8406852904609787,0.9457391160547983,,
S1_b0.1_s2_lik0,S1,0.1,2,lead_dropout_s1,lead_dropout,1,True,0.8589077980697387,0.9356565519655956,0.9770315635128878,0.9101698778940691,0.9945411829740188,0.9003817970141077,0.9961822830292979,0.9517754493196537,0.9108522384684956,0.8370815610471375,0.9428930144306925,0.002615753332323223,0.004428365578815652
S1_b0.1_s2_lik0,S1,0.1,2,lead_dropout_s2,lead_dropout,2,True,0.8463468798833433,0.9241033008882457,0.9700956937799042,0.9007443307960673,0.9935737976782753,0.8623005410217778,0.9944893587617468,0.9343059496956025,0.8965202931866144,0.8227073744561918,0.9421923686180306,0.015176671518718599,0.015981616656165598
S1_b0.1_s2_lik0,S1,0.1,2,lead_dropout_s3,lead_dropout,3,True,0.8359402695711314,0.9120809283540434,0.9642659618253846,0.8950404376784016,0.9936428966279712,0.8479531913436515,0.9880717938087341,0.9318168037061292,0.845214990955683,0.8104259887465888,0.9322962904938465,0.025583281830930504,0.02800398919036784
S1_b0.1_s2_lik0,S1,0.1,2,limb_reversal_s1,limb_reversal,1,True,0.8135615424645147,0.9088048669603336,0.9430371199259145,0.8995549873136696,0.9859297263681592,0.8422904396657991,0.9869834853510226,0.9396389677168983,0.8985811727464575,0.7954117425719145,0.8878161609831672,0.04796200893754721,0.03128005058407768
S1_b0.1_s2_lik0,S1,0.1,2,limb_reversal_s2,limb_reversal,2,True,0.7777022630989364,0.873061434631507,0.9103642537428615,0.8620708452267684,0.957072277501382,0.758196651143679,0.9800649530127142,0.9306040650998083,0.8657931677720833,0.7618920161295014,0.8314946820547636,0.08382128830312552,0.06702348291290428
S1_b0.1_s2_lik0,S1,0.1,2,limb_reversal_s3,limb_reversal,3,True,0.6841216733770665,0.7940434109138277,0.8243684725009003,0.8237640738978751,0.8337479270315092,0.652008286536091,0.9618660171365396,0.8918085570836063,0.7945126432016884,0.6916251112830867,0.6726896095531533,0.1774018780249954,0.14604150663058357
S1_b0.1_s2_lik0,S1,0.1,2,baseline_step_s1,baseline_step,1,True,0.8608965322108223,0.940520201443504,0.9729960899315739,0.9162603076435141,0.9964845909342178,0.90948585810163,0.9966487009397458,0.9601857915544884,0.923780430358758,0.840557278544233,0.9482827649833759,0.0006270191912396417,-0.0004352838990927532
S1_b0.1_s2_lik0,S1,0.1,2,baseline_step_s2,baseline_step,2,True,0.8605545980634471,0.939620691312165,0.9721021762617688,0.9128805899143673,0.9964759535655058,0.9093403300917682,0.9965450525152018,0.955152926338257,0.924595361018993,0.8418703704781246,0.9476234616254983,0.0009689533386147975,0.0004642262322462898
S1_b0.1_s2_lik0,S1,0.1,2,baseline_step_s3,baseline_step,3,True,0.8540599945573396,0.9372069398592462,0.9705780212995833,0.9095801617507135,0.9959490740740741,0.9033394398027668,0.9953703703703705,0.9549619200077615,0.9221317267108833,0.8391666036304954,0.9437851410865669,0.00746355684472233,0.0028779776851650674
S1_b0.1_s2_lik0,S1,0.1,2,seen_baseline_wander_s1,seen_baseline_wander,1,False,0.8613896999159703,0.9402055357241004,0.9734205381488913,0.9156507691087853,0.9964932283029299,0.9103504656896315,0.9965536898839138,0.9577906328070047,0.9245458999095569,0.841309833448738,0.9457347642174525,0.00013385148609168507,-0.0001206181796891137
S1_b0.1_s2_lik0,S1,0.1,2,seen_baseline_wander_s2,seen_baseline_wander,2,False,0.8620810676758326,0.9403481949907648,0.9729382106292124,0.9163841975895972,0.9964327667219458,0.91041038898781,0.9965882393587617,0.9582090276261854,0.9239453007235453,0.8415639177077333,0.9466617055720925,-0.0005575162737706529,-0.0002632774463535714
S1_b0.1_s2_lik0,S1,0.1,2,seen_baseline_wander_s3,seen_baseline_wander,3,False,0.8613980287394722,0.9408829738806427,0.9732018830066369,0.9155665239454488,0.9962600193477059,0.9107956101903848,0.9965364151464898,0.9582302505517961,0.9245105705456738,0.8466320258661655,0.9462134663254825,0.00012552266258969436,-0.000798056336231423
S1_b0.1_s2_lik0,S1,0.1,2,seen_emg_bursts_s1,seen_emg_bursts,1,False,0.8614895481615165,0.9402477800228398,0.9736263312239544,0.9155764351411353,0.9964586788280818,0.9106757635940282,0.9965191404090659,0.9580544034538795,0.9241101710883328,0.8410848428071851,0.9461242536598952,3.40032405454771e-05,-0.0001628624784285604
S1_b0.1_s2_lik0,S1,0.1,2,seen_emg_bursts_s2,seen_emg_bursts,2,False,0.8618353596273955,0.9404696592159032,0.9742501414827391,0.913044124643197,0.9965364151464898,0.9116045747157924,0.9965018656716418,0.957632976788183,0.9246589538739826,0.8434123322025613,0.9465855484185423,-0.00031180822533360963,-0.0003847416714919394
S1_b0.1_s2_lik0,S1,0.1,2,seen_emg_bursts_s3,seen_emg_bursts,3,False,0.8609147559353776,0.9403877528357381,0.9744205638730257,0.9143870916587378,0.9963982172470979,0.9097555129434324,0.9965536898839138,0.9589397026364936,0.9248779959300574,0.8422699228243308,0.945887078524553,0.0006087954666843531,-0.0003028352913267973
S1_b0.1_s2_lik0,S1,0.1,2,seen_lead_scaling_s1,seen_lead_scaling,1,False,0.8610762606449681,0.9400270233093541,0.9732372536914133,0.9157201474785918,0.9964241293532339,0.9119512737981098,0.9965450525152018,0.9564353974144413,0.9225015073861923,0.8411953985534653,0.9462330495935384,0.00044729075709382116,5.7894235057198706e-05
S1_b0.1_s2_lik0,S1,0.1,2,seen_lead_scaling_s2,seen_lead_scaling,2,False,0.8587750999010636,0.9389957833600364,0.9740990121932397,0.9115178005074531,0.9956726782752902,0.9104189494589782,0.9956294914317303,0.9602706832569309,0.9224402698221285,0.8383073721287024,0.9426057931658746,0.002748451500998339,0.0010891341843748403
S1_b0.1_s2_lik0,S1,0.1,2,seen_lead_scaling_s3,seen_lead_scaling,3,False,0.8547753496578481,0.9348717831478114,0.973980038071719,0.9048673882017126,0.9964845909342178,0.9036989795918368,0.9955344803758982,0.9484525455383347,0.9103199427193247,0.8352389652757978,0.9452691176214598,0.006748201744213866,0.005213134396599872
S1_b0.1_s3_lik0,S1,0.1,3,clean,clean,0,False,0.8554592001559873,0.9502074621393244,0.9717613314811958,0.9514301855375832,0.9962254698728579,0.9149859608272839,0.996199557766722,0.9613197021513982,0.9193195093457944,0.8889612996700785,0.9516641426010061,,
S1_b0.1_s3_lik0,S1,0.1,3,lead_dropout_s1,lead_dropout,1,True,0.8471658742517933,0.9446695453128948,0.9702243144518187,0.9547405248969235,0.9930469181868435,0.9129485686892207,0.9953876451077943,0.9460786097164616,0.9087795824540248,0.8752155352158844,0.9456042090970808,0.00829332590419396,0.0055379168264295675
S1_b0.1_s3_lik0,S1,0.1,3,lead_dropout_s2,lead_dropout,2,True,0.838771172444494,0.9332561547566603,0.9699349179400113,0.9397300190294957,0.9856360558319514,0.8831324476099165,0.9949989635157546,0.9413762157704528,0.8937198522761531,0.8555366123779764,0.935240308458231,0.01668802771149336,0.016951307382664038
S1_b0.1_s3_lik0,S1,0.1,3,lead_dropout_s3,lead_dropout,3,True,0.8395723184177024,0.9286678862241171,0.9629411689046663,0.9417172137646684,0.9870007600884466,0.8867620873852896,0.9909912244333886,0.935403478134323,0.8753344513114261,0.8410732053602081,0.9367873866346372,0.015886881738284897,0.021539575915207276
S1_b0.1_s3_lik0,S1,0.1,3,limb_reversal_s1,limb_reversal,1,True,0.819737102818247,0.9339103645898794,0.9176988475587796,0.943560696162385,0.9944634466556108,0.9123279345295165,0.9916303897180763,0.955613767008659,0.8992241671691289,0.8538453034173363,0.9368287290894216,0.035722097337740344,0.016297097549444972
S1_b0.1_s3_lik0,S1,0.1,3,limb_reversal_s2,limb_reversal,2,True,0.8043962972006151,0.917842535477208,0.8660930184699285,0.9331341183000317,0.9915872028745163,0.8914061429941104,0.988253178551686,0.9560351936743555,0.8869389697015375,0.8251046885334296,0.9220303061952757,0.05106290295537219,0.03236492666211643
S1_b0.1_s3_lik0,S1,0.1,3,limb_reversal_s3,limb_reversal,3,True,0.7579125390262471,0.8811281964366007,0.7450641817152852,0.8518573580716778,0.9825957020453289,0.8665379742501027,0.974562949143173,0.9593732566882534,0.8557384308109738,0.7922793297606372,0.9021445854439742,0.0975466611297402,0.06907926570272371
S1_b0.1_s3_lik0,S1,0.1,3,baseline_step_s1,baseline_step,1,True,0.8552892452689537,0.9503177512447653,0.9710699953696559,0.9507165794481446,0.99610454671089,0.9149260375291056,0.99610454671089,0.961568313565694,0.9204524042809767,0.8902162043690856,0.9517011332184449,0.00016995488703364092,-0.0001102891054408639
S1_b0.1_s3_lik0,S1,0.1,3,baseline_step_s2,baseline_step,2,True,0.8575071211883799,0.9504934599438841,0.9706712712867213,0.9512567396130669,0.996121821448314,0.9141470346527873,0.996182283029298,0.9620837274733804,0.9194867350015075,0.8911084086373132,0.9533831183525685,-0.0020479210323925967,-0.00028599780455973445
S1_b0.1_s3_lik0,S1,0.1,3,baseline_step_s3,baseline_step,3,True,0.8533905417776311,0.9496011565419129,0.9704847713124453,0.9496808594988898,0.99584542564953,0.908741097109985,0.9952580845771145,0.9607284920808169,0.9208363167018391,0.8931973303696634,0.9516380315769317,0.0020686583783562362,0.0006063055974114828
S1_b0.1_s3_lik0,S1,0.1,3,seen_baseline_wander_s1,seen_baseline_wander,1,False,0.8554608957947314,0.9501109614109144,0.9715265987549518,0.9510535601014907,0.996242744610282,0.9146820641008081,0.9961650082918739,0.9615319314075044,0.9193171540548688,0.8887654026459674,0.9517141887304821,-1.695638744081407e-06,9.650072840994284e-05
S1_b0.1_s3_lik0,S1,0.1,3,seen_baseline_wander_s2,seen_baseline_wander,2,False,0.8557431200721284,0.9503629980856891,0.9714269177342182,0.951241872819537,0.9962254698728579,0.9144851732639365,0.9961390961857379,0.9615925683378205,0.9202427833886041,0.8899116911731905,0.9520014099953,-0.00028391991614107326,-0.00015553594636474877
S1_b0.1_s3_lik0,S1,0.1,3,seen_baseline_wander_s3,seen_baseline_wander,3,False,0.8553049542702829,0.950413573929246,0.9704397540772752,0.9510832936885505,0.9962686567164178,0.9134878783728257,0.996139096185738,0.9628780712605205,0.9209799894482967,0.8902394792630393,0.9522059463505491,0.00015424588570445152,-0.0002061117899215814
S1_b0.1_s3_lik0,S1,0.1,3,seen_emg_bursts_s1,seen_emg_bursts,1,False,0.8560944628012438,0.9503055304138877,0.9717452538972063,0.9517671661909293,0.9962081951354339,0.9148190316395013,0.996242744610282,0.9615319314075044,0.9194773138378052,0.88914168009822,0.9518164569081066,-0.0006352626452564847,-9.806827456326772e-05
S1_b0.1_s3_lik0,S1,0.1,3,seen_emg_bursts_s2,seen_emg_bursts,2,False,0.8561576838831385,0.9505094528573051,0.9706809178371149,0.9505679115128449,0.996156370923162,0.9158120462950281,0.9962254698728579,0.9620170268500327,0.9211307280675309,0.8899213890456711,0.9520732153115044,-0.0006984837271512001,-0.00030199071798076016
S1_b0.1_s3_lik0,S1,0.1,3,seen_emg_bursts_s3,seen_emg_bursts,3,False,0.8564510133536885,0.9505431258198096,0.9697194783145547,0.9499583729781161,0.9962859314538419,0.9187012053143404,0.9961822830292979,0.9623020204225181,0.9206643804642749,0.8897584647879949,0.9513159956133479,-0.0009918131977011413,-0.0003356636804852098
S1_b0.1_s3_lik0,S1,0.1,3,seen_lead_scaling_s1,seen_lead_scaling,1,False,0.8536526846286475,0.9493723878486201,0.9710507022688687,0.9513508959720901,0.99614773355445,0.9131839816463498,0.996052722498618,0.9591731548182105,0.9185516845040699,0.8878053132703748,0.9510353021045486,0.0018065155273397915,0.0008350742907042852
S1_b0.1_s3_lik0,S1,0.1,3,seen_lead_scaling_s2,seen_lead_scaling,2,False,0.8536840788743496,0.9497081159256808,0.9726134434326286,0.951563986679353,0.9955344803758982,0.9136633680317765,0.9966487009397458,0.9633540711635014,0.9135490465782333,0.8897022171276064,0.9507437290023848,0.0017751212816377038,0.0004993462136435589
S1_b0.1_s3_lik0,S1,0.1,3,seen_lead_scaling_s3,seen_lead_scaling,3,False,0.852328032582155,0.9465526095706319,0.9702661161701909,0.9486352283539488,0.9964154919845218,0.9125847486645665,0.9958972498618021,0.956744645759053,0.9099077668073561,0.8820389582933297,0.9464832802409177,0.0031311675738323608,0.0036548525686924682
S1_b0.1_s4_lik0,S1,0.1,4,clean,clean,0,False,0.8482390821371808,0.9446065317338525,0.974803210371971,0.8997730336187758,0.9964154919845218,0.93847589371319,0.9928137092316196,0.9623323388876761,0.9047261267711787,0.8825393685133356,0.9495796125124027,,
S1_b0.1_s4_lik0,S1,0.1,4,lead_dropout_s1,lead_dropout,1,True,0.8441881387012962,0.935705250743526,0.9754720378659258,0.8970573660006342,0.9916131149806523,0.9231141282016162,0.9912589828634605,0.9462211065027044,0.8902269558335845,0.8627072192902321,0.9436763451529236,0.004050943435884635,0.008901280990326499
S1_b0.1_s4_lik0,S1,0.1,4,lead_dropout_s2,lead_dropout,2,True,0.8332429831834154,0.9244105184754672,0.9661309615681432,0.88889549635268,0.9812223604201216,0.9042168880975209,0.9930555555555555,0.9259683717771471,0.8814841159179981,0.8398163610867049,0.9389045555033334,0.014996098953765413,0.02019601325838527
S1_b0.1_s4_lik0,S1,0.1,4,lead_dropout_s3,lead_dropout,3,True,0.8267137230419015,0.9153705770434247,0.9645907290219684,0.892691484300666,0.9819133499170812,0.8685710861525818,0.9889700801547816,0.9163210361638652,0.8725457868555924,0.8223175199824663,0.9304141208418195,0.021525359095279306,0.029235954690427723
S1_b0.1_s4_lik0,S1,0.1,4,limb_reversal_s1,limb_reversal,1,True,0.8048020524394861,0.9140491990653801,0.958272238514174,0.8880084443387251,0.9908443891652847,0.9078550883440625,0.9110178275290215,0.9462150428096728,0.8810436765149232,0.8534224761771763,0.8897636081953801,0.043437029697694696,0.03055733266847238
S1_b0.1_s4_lik0,S1,0.1,4,limb_reversal_s2,limb_reversal,2,True,0.7655659828687489,0.8780215424097786,0.9381366723259762,0.8351669045353631,0.97641134604754,0.8762883509108341,0.8225970840243229,0.9418461519804022,0.8493438159481459,0.8176858160856671,0.8447177398297562,0.08267309926843192,0.06658498932407386
S1_b0.1_s4_lik0,S1,0.1,4,limb_reversal_s3,limb_reversal,3,True,0.6745055414470668,0.7833163503405021,0.8829905592426814,0.7300338962892483,0.9214949557766722,0.8040251335433501,0.43011504975124376,0.9548072958354555,0.7939803474525173,0.7646966408509301,0.7677032743224189,0.17373354069011404,0.16129018139335038
S1_b0.1_s4_lik0,S1,0.1,4,baseline_step_s1,baseline_step,1,True,0.8472618129072979,0.9449569579744757,0.9748417965735453,0.8984300666032349,0.996208195135434,0.9388910765648542,0.9925977750138197,0.9622807974969075,0.9049286817907748,0.8850181447194114,0.9514160878722996,0.0009772692298829488,-0.0003504262406232028
S1_b0.1_s4_lik0,S1,0.1,4,baseline_step_s2,baseline_step,2,True,0.8482246211705846,0.9439291421092812,0.9737067191439008,0.8969483428480812,0.9963118435599779,0.9382447609916449,0.9923300165837479,0.9620958548594436,0.9035060860717516,0.8831677906500872,0.9490508642748968,1.4460966596185898e-05,0.0006773896245712008
S1_b0.1_s4_lik0,S1,0.1,4,baseline_step_s3,baseline_step,3,True,0.843703253676935,0.9434433821960053,0.9732083140402326,0.8947331906121154,0.9958886124930901,0.9379579852075058,0.991975884466556,0.9617502243566421,0.9000909142297256,0.8857513038789551,0.9496340104792242,0.0045358284602458054,0.0011631495378471302
S1_b0.1_s4_lik0,S1,0.1,4,seen_baseline_wander_s1,seen_baseline_wander,1,False,0.848346925613002,0.9447407587859458,0.9747967793383753,0.8998176339993658,0.9964068546158098,0.9390152033967949,0.9927791597567717,0.9623565936598025,0.9051171050648177,0.8826499242596159,0.9497275749821574,-0.00010784347582115661,-0.00013422705209331642
S1_b0.1_s4_lik0,S1,0.1,4,seen_baseline_wander_s2,seen_baseline_wander,2,False,0.8472985849117712,0.9445339064335584,0.973613469156763,0.8984697113859818,0.9963463930348259,0.938171996986714,0.9929346323935877,0.9630023769676683,0.9046130728067531,0.8834102374621056,0.9502432677076261,0.0009404972254095645,7.262530029406022e-05
S1_b0.1_s4_lik0,S1,0.1,4,seen_baseline_wander_s3,seen_baseline_wander,3,False,0.8485868632864532,0.9443897417283122,0.97542058959716,0.8985341341579448,0.99610454671089,0.938296123818655,0.9926236871199557,0.9619897402313905,0.9040336712390715,0.8833520502272213,0.9491531324525214,-0.0003477811492723637,0.00021679000554020167
S1_b0.1_s4_lik0,S1,0.1,4,seen_emg_bursts_s1,seen_emg_bursts,1,False,0.8485823866853247,0.9446778840047081,0.9749318310438854,0.899104027909927,0.9963982172470979,0.93821907957814,0.9928568960751797,0.9624687719808871,0.9047473243895086,0.8835188536338898,0.9498559541838565,-0.00034330454814390787,-7.135227085564022e-05
S1_b0.1_s4_lik0,S1,0.1,4,seen_emg_bursts_s2,seen_emg_bursts,2,False,0.8484879272876805,0.9447006456627646,0.9751440551525441,0.8996491436726927,0.9964327667219458,0.936857964662375,0.9927014234383638,0.9628568483349098,0.9046625339161894,0.884932803441581,0.9490682716242799,-0.00024884515049972133,-9.411392891212067e-05
S1_b0.1_s4_lik0,S1,0.1,4,seen_emg_bursts_s3,seen_emg_bursts,3,False,0.8492007537391083,0.9451485755016201,0.9751537017029377,0.9000852362829052,0.9964414040906578,0.9375599232981784,0.9924423023770038,0.9634692813311019,0.9062523552909254,0.8859278051581043,0.9490051699827667,-0.0009616716019275051,-0.0005420437677676748
S1_b0.1_s4_lik0,S1,0.1,4,seen_lead_scaling_s1,seen_lead_scaling,1,False,0.8471877404330129,0.9443417478832176,0.9748514431239388,0.8988711148112908,0.9956726782752902,0.9380264689768524,0.9929346323935876,0.9615440587935676,0.9038593797105818,0.8828768544756652,0.9504391003881839,0.001051341704167874,0.0002647838506348865
S1_b0.1_s4_lik0,S1,0.1,4,seen_lead_scaling_s2,seen_lead_scaling,2,False,0.8465631764177177,0.9433228103744357,0.973449477800072,0.8985143117665715,0.9967523493642897,0.9346450828653609,0.9928137092316197,0.9633358800844066,0.9032022535423576,0.8787397420753834,0.9484524866398594,0.0016759057194630778,0.0012837213594167896
S1_b0.1_s4_lik0,S1,0.1,4,seen_lead_scaling_s3,seen_lead_scaling,3,False,0.8430783570507152,0.9379678033987668,0.9733819519473169,0.8911849825562955,0.994161138750691,0.9337205519791809,0.992088170259812,0.9544343787140119,0.8850029205607478,0.8746646960589786,0.9430714397618674,0.00516072508646559,0.0066387283350856086
S1_b0.25_s0_lik0,S1,0.25,0,clean,clean,0,False,0.8818209580567369,0.963806820188911,0.9756521068066061,0.9505034887408818,0.9967350746268657,0.9463429667168881,0.9963463930348259,0.9822151883383056,0.947780844889961,0.9127036310774143,0.9659816874684493,,
S1_b0.25_s0_lik0,S1,0.25,0,lead_dropout_s1,lead_dropout,1,True,0.8709978658932273,0.9572819271978695,0.9756295981890208,0.9477878211227402,0.9913021697070205,0.9385400972469525,0.9963032061912659,0.9737047951684494,0.9380181640036178,0.8908504452293255,0.9634010479224329,0.010823092163509629,0.00652489299104142
S1_b0.25_s0_lik0,S1,0.25,0,lead_dropout_s2,lead_dropout,2,True,0.8688353760566976,0.9476813332621821,0.9722983227864381,0.9363602124960356,0.9900756633499171,0.9135563621421723,0.9914058181315644,0.9593065560649058,0.9285922897196263,0.8786485820740646,0.9588881925949136,0.012985582000039297,0.016125486926728883
S1_b0.25_s0_lik0,S1,0.25,0,lead_dropout_s3,lead_dropout,3,True,0.8549054488293375,0.9386426264833931,0.9696551679785974,0.9345960196638122,0.9927964344941957,0.8933793315984112,0.9926755113322278,0.9615925683378205,0.896579175459753,0.8599064737177958,0.9466029557679252,0.02691550922739938,0.025164193705517812
S1_b0.25_s0_lik0,S1,0.25,0,limb_reversal_s1,limb_reversal,1,True,0.8341944512527065,0.9367351123499551,0.9502334465195246,0.9191593323818585,0.9925027639579879,0.9271803520065744,0.9641290077390824,0.974323291857673,0.9237003504672897,0.8807025914654844,0.8986848747541212,0.047626506804030355,0.02707170783895585
S1_b0.25_s0_lik0,S1,0.25,0,limb_reversal_s2,limb_reversal,2,True,0.809434907947889,0.90771032787799,0.9216507177033493,0.8725172454804948,0.9828634604754007,0.8984728119435694,0.9308578634604754,0.9651489243008563,0.9069966272233947,0.8542293391675735,0.8366559611467963,0.07238605010884791,0.05609649231092095
S1_b0.25_s0_lik0,S1,0.25,0,limb_reversal_s3,limb_reversal,3,True,0.7468928473414754,0.8436464462852484,0.8604851571744612,0.784847764034253,0.9599312465450526,0.8323003698123543,0.8389648977335544,0.9441048776346745,0.8604961184805547,0.7957298327892828,0.7159577523630476,0.13492811071526145,0.12016037390366252
S1_b0.25_s0_lik0,S1,0.25,0,baseline_step_s1,baseline_step,1,True,0.8816765981699116,0.9637527720113427,0.9753948654627772,0.9489821202029813,0.9967437119955777,0.9454869196000548,0.9965364151464897,0.9822000291057266,0.9475641581248117,0.9149263834499988,0.9659403450136648,0.00014435988682526268,5.404817756826663e-05
S1_b0.25_s0_lik0,S1,0.25,0,baseline_step_s2,baseline_step,2,True,0.8807457980484489,0.9636767717778327,0.9749318310438854,0.9499484617824293,0.9967264372581537,0.9466340227366115,0.9962945688225538,0.9819847680031046,0.9482095078384082,0.9133087783202121,0.9650525701951363,0.0010751600082880008,0.00013004841107822074
S1_b0.25_s0_lik0,S1,0.25,0,baseline_step_s3,baseline_step,3,True,0.8756452516034307,0.9629483534768306,0.9755267016514895,0.9472873057405644,0.9966055140961857,0.9435608135871799,0.9958886124930901,0.9821697106405685,0.9462734586976185,0.9144511876984427,0.9647718766863369,0.006175706453306229,0.0008584667120803413
S1_b0.25_s0_lik0,S1,0.25,0,seen_baseline_wander_s1,seen_baseline_wander,1,False,0.8818296043175318,0.9638271834706365,0.9756521068066059,0.9503399540120521,0.9967350746268657,0.9465912203807698,0.9963982172470978,0.9821636469475369,0.9479092082454024,0.9125756191606685,0.9660796038087281,-8.646260794886729e-06,-2.0363281725499505e-05
S1_b0.25_s0_lik0,S1,0.25,0,seen_baseline_wander_s2,seen_baseline_wander,2,False,0.881441248482674,0.9635914973255253,0.9755845809538509,0.9495966143355533,0.9967350746268657,0.9454013148883714,0.9963895798783858,0.9819392903053675,0.9477478708170033,0.9130954251256359,0.9658337249986946,0.00037970957406285866,0.00021532286338565854
S1_b0.25_s0_lik0,S1,0.25,0,seen_baseline_wander_s3,seen_baseline_wander,3,False,0.881568469908659,0.9637683478450738,0.9760058136543706,0.9495966143355533,0.9967609867330016,0.945542562662649,0.9966487009397457,0.9820757233985786,0.9478585694905035,0.9141951638649514,0.9652309955263112,0.00025248814807787845,3.8472343837137046e-05
S1_b0.25_s0_lik0,S1,0.25,0,seen_emg_bursts_s1,seen_emg_bursts,1,False,0.8820649361723036,0.9638249811736945,0.9756778309409888,0.9502755312400889,0.9967005251520177,0.946287323654294,0.9964241293532338,0.9822455068034636,0.947785555471812,0.9129771110813711,0.9660513168659808,-0.00024397811556675641,-1.8160984783577305e-05
S1_b0.25_s0_lik0,S1,0.25,0,seen_emg_bursts_s2,seen_emg_bursts,2,False,0.8818334537886833,0.9637565016676576,0.9757903740289139,0.9489672534094513,0.9966314262023217,0.946184598000274,0.9964673161967939,0.9823698125106115,0.9481388491106422,0.9135143732168036,0.9657445123331071,-1.249573194639364e-05,5.031852125336744e-05
S1_b0.25_s0_lik0,S1,0.25,0,seen_emg_bursts_s3,seen_emg_bursts,3,False,0.8813635293940546,0.9633876224851351,0.9759800895199876,0.9480009118300032,0.9966314262023217,0.9452472264073415,0.9964586788280818,0.9819756724635572,0.9484733004220682,0.9127579391633064,0.964963357529549,0.0004574286626822799,0.0004191977037758532
S1_b0.25_s0_lik0,S1,0.25,0,seen_lead_scaling_s1,seen_lead_scaling,1,False,0.8811858407784379,0.963680113683934,0.9753498482276071,0.9495966143355534,0.9965709646213378,0.9466126215586906,0.9963982172470978,0.9815390865652818,0.9459060333132349,0.9141389162045631,0.9670087210820407,0.0006351172782990133,0.0001267065049769256
S1_b0.25_s0_lik0,S1,0.25,0,seen_lead_scaling_s2,seen_lead_scaling,2,False,0.8801064373974067,0.9622284548022394,0.9759350722848176,0.9486005391690453,0.9963895798783858,0.9441172442131215,0.996121821448314,0.9811085643600379,0.9441984473922219,0.9094548437963679,0.9641299806778422,0.0017145206593301987,0.0015783653866715541
S1_b0.25_s0_lik0,S1,0.25,0,seen_lead_scaling_s3,seen_lead_scaling,3,False,0.8806382311612163,0.9597277214586991,0.9761987446622421,0.9459443387250238,0.9964845909342178,0.9405646486782633,0.996009535655058,0.980553736447646,0.9344334112149534,0.9047862879841421,0.9625741988267447,0.0011827268955205694,0.004079098730211839
S1_b0.25_s1_lik0,S1,0.25,1,clean,clean,0,False,0.8896875579872695,0.9638925667225651,0.9798162010598342,0.9494776799873137,0.996069997236042,0.9490266744281606,0.99610454671089,0.9827336340925077,0.9449709828157975,0.9144376106769697,0.9623957734955699,,
S1_b0.25_s1_lik0,S1,0.25,1,lead_dropout_s1,lead_dropout,1,True,0.8850254082741493,0.9596897616252019,0.9802310027267583,0.9488582302568982,0.9945757324488668,0.9472803383098206,0.9959490740740741,0.9762606417812705,0.9363082227916792,0.8975225814960713,0.960222030741379,0.004662149713120178,0.004202805097363149
S1_b0.25_s1_lik0,S1,0.25,1,lead_dropout_s2,lead_dropout,2,True,0.8774816736541352,0.9513379945448762,0.9796843648711221,0.9422623295274342,0.9933060392482034,0.9241413847418162,0.9925114013266998,0.9603010017220887,0.9291905336147122,0.8869266860236201,0.9537182098281894,0.012205884333134298,0.01255457217768885
S1_b0.25_s1_lik0,S1,0.25,1,lead_dropout_s3,lead_dropout,3,True,0.8655950795815509,0.9415996182921857,0.9775846324021197,0.9415735014272122,0.994014303482587,0.910701445007533,0.9839517689331122,0.9549406970821508,0.9004536290322581,0.8637293750497016,0.9474472122129962,0.024092478405718598,0.022292948430379322
S1_b0.25_s1_lik0,S1,0.25,1,limb_reversal_s1,limb_reversal,1,True,0.8473074528383364,0.9482418659802604,0.9679863147605082,0.9448689739930225,0.9938242813709232,0.9335065401999726,0.9856015063571033,0.9735441073031118,0.9336114146819416,0.8661674201913584,0.935066234964402,0.04238010514893309,0.01565070074230468
S1_b0.25_s1_lik0,S1,0.25,1,limb_reversal_s2,limb_reversal,2,True,0.8250597486204506,0.9304597292192383,0.9543460925039872,0.9237829051696796,0.9889528054173577,0.9067935899191891,0.9679726368159204,0.9654975866501734,0.9211283727766053,0.8351264699550214,0.9105371037652098,0.06462780936681889,0.03343283750332682
S1_b0.25_s1_lik0,S1,0.25,1,limb_reversal_s3,limb_reversal,3,True,0.7825976820313695,0.8885639300926003,0.9257215619694397,0.8678936726926736,0.9777587755666114,0.8239539104232297,0.9216072415699281,0.9429770307307963,0.9059037722339465,0.7835454258044869,0.8477139798422895,0.10708987595590003,0.0753286366299648
S1_b0.25_s1_lik0,S1,0.25,1,baseline_step_s1,baseline_step,1,True,0.8892574041122143,0.9641063301965114,0.9796747183207285,0.9510040041230574,0.9960268103924821,0.9474729489111081,0.9961995577667219,0.9830883601348566,0.9442785272836901,0.9166487256025773,0.9625633192333802,0.00043015387505518365,-0.00021376347394630457
S1_b0.25_s1_lik0,S1,0.25,1,baseline_step_s2,baseline_step,2,True,0.8895179903856755,0.9636793361424874,0.9793660287081339,0.9489821202029813,0.9957590519624101,0.9477126421038214,0.995957711442786,0.983770525600912,0.9439417206813385,0.9153938209035701,0.9622304036764322,0.00016956760159403395,0.00021323058007771678
S1_b0.25_s1_lik0,S1,0.25,1,baseline_step_s3,baseline_step,3,True,0.8867158848966757,0.9633669080073525,0.9798740803621958,0.9499137725975262,0.9954394693200663,0.947370223257088,0.9957417772249861,0.9825881054597492,0.9436025587880615,0.9132001621484278,0.9625720229080718,0.0029716730905937627,0.0005256587152125958
S1_b0.25_s1_lik0,S1,0.25,1,seen_baseline_wander_s1,seen_baseline_wander,1,False,0.8900333899663224,0.9639823719655521,0.979870864845398,0.9495173247700602,0.996095909342178,0.949296329269963,0.996052722498618,0.9827093793203813,0.9448885476334037,0.9147925528097647,0.9626177172002018,-0.00034583197905291296,-8.980524298707326e-05
S1_b0.25_s1_lik0,S1,0.25,1,seen_baseline_wander_s2,seen_baseline_wander,2,False,0.8895354376051875,0.9639627287519925,0.9794721407624633,0.9498741278147795,0.9960872719734659,0.9490266744281607,0.996199557766722,0.9829943728928667,0.9448296653602654,0.9146761783399957,0.962504569429213,0.0001521203820820105,-7.01620294274452e-05
S1_b0.25_s1_lik0,S1,0.25,1,seen_baseline_wander_s3,seen_baseline_wander,3,False,0.8890790527408611,0.9644460726836057,0.9799544682821423,0.9524857278782113,0.996044085129906,0.948525886864813,0.995966348811498,0.9833187804700574,0.9457882687669581,0.9149826311103869,0.9629484568384773,0.0006085052464084306,-0.0005535059610406456
S1_b0.25_s1_lik0,S1,0.25,1,seen_emg_bursts_s1,seen_emg_bursts,1,False,0.8898194399897033,0.9639851923242654,0.9800798734372588,0.9491406993339677,0.9960440851299059,0.9495060608135872,0.996087271973466,0.9828882582648135,0.9450746156165208,0.9144259732299929,0.9626198931188747,-0.00013188200243374748,-9.262560170031353e-05
S1_b0.25_s1_lik0,S1,0.25,1,seen_emg_bursts_s2,seen_emg_bursts,2,False,0.8898511961876282,0.964061511418849,0.9802245716931625,0.9474756184586107,0.9960268103924821,0.950374948637173,0.9961909203980099,0.982867035339203,0.9453030788362978,0.9158341043141955,0.9622565147005067,-0.00016363820035869558,-0.0001689446962839236
S1_b0.25_s1_lik0,S1,0.25,1,seen_emg_bursts_s3,seen_emg_bursts,3,False,0.8895990516259501,0.9637644142913874,0.9799737613829295,0.9476887091658738,0.9959577114427861,0.9496259074099438,0.9961909203980099,0.9832945256979311,0.9452559730177872,0.9129829298048594,0.9629092903023657,8.850636131940703e-05,0.00012815243117769715
S1_b0.25_s1_lik0,S1,0.25,1,seen_lead_scaling_s1,seen_lead_scaling,1,False,0.889136033602014,0.9632504017111653,0.9796522097031434,0.9487838962892484,0.995992260917634,0.9471134091220381,0.995983623548922,0.9811873923694486,0.9433269897497739,0.9149225043010064,0.9622913293992723,0.0005515243852555196,0.0006421650113997979
S1_b0.25_s1_lik0,S1,0.25,1,seen_lead_scaling_s2,seen_lead_scaling,2,False,0.8888919099602819,0.9633296203416682,0.9807487009312137,0.9491208769425943,0.9962772940851299,0.948936789480893,0.9965018656716418,0.9816452011933348,0.9439322995176364,0.9114021765904995,0.9614013786620711,0.0007956480269876165,0.0005629463808968227
S1_b0.25_s1_lik0,S1,0.25,1,seen_lead_scaling_s3,seen_lead_scaling,3,False,0.8847263609887666,0.9600059524491087,0.9810509595102125,0.9443288138281002,0.9952494472084025,0.9476484385700589,0.9967437119955777,0.9794167940042203,0.9306908539342781,0.9059558514053186,0.9589687015858095,0.004961196998502948,0.003886614273456379
S1_b0.25_s2_lik0,S1,0.25,2,clean,clean,0,False,0.8850330398026478,0.9658955173296564,0.9813532180892114,0.9620401205201394,0.9973828772802654,0.9598899123407751,0.9970805693753455,0.97896201702685,0.9408374472414833,0.9078411178155735,0.9676723762772643,,
S1_b0.25_s2_lik0,S1,0.25,2,lead_dropout_s1,lead_dropout,1,True,0.878766388696872,0.9612588775662468,0.9844883469671246,0.9634871550903901,0.9968905472636815,0.9506959663059854,0.9970114704256495,0.9714309102815979,0.9220893314742237,0.8992914734365576,0.9659446968510105,0.0062666511057758445,0.004636639763409556
S1_b0.25_s2_lik0,S1,0.25,2,lead_dropout_s2,lead_dropout,2,True,0.8662082601377429,0.9522321196260594,0.9814914853115192,0.9583779337139232,0.9954481066887784,0.9278395082865362,0.9968732725262577,0.9569386839360643,0.9133747550497437,0.8770057624758281,0.9627395686458824,0.018824779664904923,0.013663397703597036
S1_b0.25_s2_lik0,S1,0.25,2,lead_dropout_s3,lead_dropout,3,True,0.8541579605564698,0.9425083468211832,0.9790894942635182,0.9421582619727243,0.9945498203427308,0.9161373441994247,0.9949125898286346,0.9563565694050304,0.878987507536931,0.8639563052657507,0.9564272285759047,0.03087507924617805,0.023387170508473165
S1_b0.25_s2_lik0,S1,0.25,2,limb_reversal_s1,limb_reversal,1,True,0.835560659787525,0.9454029901473054,0.9528058599578124,0.9457461148112908,0.9938156440022112,0.9410611560060266,0.9891601022664456,0.9716461713842198,0.9245482552004823,0.8627673460996126,0.9270762615976466,0.049472380015122774,0.02049252718235095
S1_b0.25_s2_lik0,S1,0.25,2,limb_reversal_s2,limb_reversal,2,True,0.8069225618152747,0.9221167167546805,0.9217664763080723,0.9203734538534729,0.988503662244334,0.9114119641145049,0.9725245301271421,0.9624323898226976,0.9000791377750981,0.8281110290024574,0.8938478075443452,0.07811047798737314,0.04377880057497585
S1_b0.25_s2_lik0,S1,0.25,2,limb_reversal_s3,limb_reversal,3,True,0.7196988397509348,0.8708223293487536,0.8574432782836858,0.8667588407865525,0.9670743504698729,0.8202600671140939,0.927541113875069,0.9374317834533945,0.8625499321676214,0.7602821692976994,0.8380594286907934,0.16533420005171295,0.0950731879809028
S1_b0.25_s2_lik0,S1,0.25,2,baseline_step_s1,baseline_step,1,True,0.8841234921914288,0.9661069487500126,0.9818741318104646,0.9627339042182048,0.9973137783305694,0.9592692781810711,0.9969596462133776,0.9795168449392418,0.9406042734398553,0.9080195586692191,0.9686711229481088,0.0009095476112189749,-0.00021143142035617846
S1_b0.25_s2_lik0,S1,0.25,2,baseline_step_s2,baseline_step,2,True,0.8850883412433699,0.9658345149628403,0.9811152698461696,0.9615197827465904,0.9972187672747375,0.9598642309272702,0.9968559977888336,0.977937252904509,0.9401614787458547,0.9100871450821117,0.9677507093494873,-5.5301440722077544e-05,6.10023668160542e-05
S1_b0.25_s2_lik0,S1,0.25,2,baseline_step_s3,baseline_step,3,True,0.8808965806380448,0.9651133605134407,0.9802792354787262,0.9590568506184585,0.9971669430624654,0.9591793932338036,0.9967350746268657,0.9785436222076693,0.9395279054868857,0.9076956497283627,0.967835570177729,0.004136459164603035,0.00078215681621574
S1_b0.25_s2_lik0,S1,0.25,2,seen_baseline_wander_s1,seen_baseline_wander,1,False,0.8847074607835342,0.9658475158345331,0.9814303904923599,0.9617229622581668,0.9973310530679934,0.9598513902205178,0.9970892067440575,0.9788346794731863,0.940919882423877,0.9078779697310005,0.9675701080996395,0.00032557901911356435,4.8001495123295435e-05
S1_b0.25_s2_lik0,S1,0.25,2,seen_baseline_wander_s2,seen_baseline_wander,2,False,0.8845190211280181,0.9659890593674293,0.9813885887739878,0.9615693387250239,0.9973137783305694,0.9606047116833311,0.9971064814814815,0.9791348322782507,0.9413273477539946,0.9079342173913886,0.9675222378888367,0.0005140186746297459,-9.354203777289793e-05
S1_b0.25_s2_lik0,S1,0.25,2,seen_baseline_wander_s3,seen_baseline_wander,3,False,0.8853825531617768,0.9661109462514337,0.9813564336060092,0.9624910799238819,0.9972274046434494,0.9608187234625394,0.9970546572692095,0.9794319532367992,0.9418290247211336,0.9077848701551854,0.9670043692446952,-0.0003495133591290278,-0.00021542892177728312
S1_b0.25_s2_lik0,S1,0.25,2,seen_emg_bursts_s1,seen_emg_bursts,1,False,0.8851516303382542,0.9660154680295258,0.9814239594587644,0.9617824294322868,0.9973828772802654,0.9602922544856869,0.9970632946379215,0.9792166921341774,0.9407267485679832,0.9085568208046517,0.9676941354639929,-0.00011859053560636656,-0.00011995069986936446
S1_b0.25_s2_lik0,S1,0.25,2,seen_emg_bursts_s2,seen_emg_bursts,2,False,0.8852884034990521,0.9660035008280121,0.9816104594330402,0.9604592848081193,0.9972965035931454,0.9610241747705793,0.9970460199004976,0.9793682844599675,0.9410541340066325,0.9088244820851201,0.9673481643950076,-0.00025536369640433154,-0.00010798349835572374
S1_b0.25_s2_lik0,S1,0.25,2,seen_emg_bursts_s3,seen_emg_bursts,3,False,0.8850107704205294,0.9658290034490145,0.9816426146010186,0.9596465667618141,0.9971842177998894,0.9604163813176277,0.9970892067440575,0.978946857794271,0.9418478670485378,0.9087895697441895,0.9668977492297248,2.2269382118356162e-05,6.651388064193853e-05
S1_b0.25_s2_lik0,S1,0.25,2,seen_lead_scaling_s1,seen_lead_scaling,1,False,0.8847389785109072,0.965025275640477,0.9811731491485312,0.9615544719314938,0.9969941956882254,0.9562046295028079,0.9969596462133775,0.9788407431662179,0.9385363280072354,0.9073659220640176,0.9675983950423869,0.00029406129174058826,0.0008702416891793741
S1_b0.25_s2_lik0,S1,0.25,2,seen_lead_scaling_s2,seen_lead_scaling,2,False,0.8843918446617642,0.9650135287391168,0.9812085198333076,0.9643097843323818,0.9972187672747375,0.9578696411450486,0.9968646351575456,0.9771823231220743,0.934115446940006,0.9078294803685968,0.968523160478354,0.0006411951408835659,0.0008819885905395619
S1_b0.25_s2_lik0,S1,0.25,2,seen_lead_scaling_s3,seen_lead_scaling,3,False,0.8850611971647092,0.9617747483988635,0.9827616144466739,0.9609647557881382,0.9976765478164732,0.9516418983700862,0.9972619541182974,0.9746325402022848,0.9260862601748567,0.9010739423985165,0.9638732222744442,-2.8157362061409508e-05,0.00412076893079294
S1_b0.25_s3_lik0,S1,0.25,3,clean,clean,0,False,0.8877976360968576,0.9633104656070418,0.9801152441220352,0.9502457976530287,0.9965191404090658,0.9424907546911382,0.9966659756771696,0.9795077493996943,0.9445470304492011,0.9092667050702418,0.9704357929918012,,
S1_b0.25_s3_lik0,S1,0.25,3,lead_dropout_s1,lead_dropout,1,True,0.8846821774379797,0.9588621986509884,0.9811056232957761,0.9486500951474787,0.9953444582642343,0.9362030886179975,0.9958022388059701,0.9720008974265687,0.9364990013566477,0.8963122870104757,0.9678420979337478,0.0031154586588778566,0.004448266956053382
S1_b0.25_s3_lik0,S1,0.25,3,lead_dropout_s2,lead_dropout,2,True,0.8733894414440766,0.9486470587627,0.9798290631270257,0.9409689184903267,0.9922954671088999,0.9140357485275991,0.996268656716418,0.9504747871643745,0.9220445809466385,0.8781462322795625,0.9637600745034554,0.014408194652780981,0.014663406844341864
S1_b0.25_s3_lik0,S1,0.25,3,lead_dropout_s3,lead_dropout,3,True,0.8643246964244681,0.9428260872291094,0.976176236044657,0.9408648509356169,0.9927618850193477,0.8989735995069168,0.9905852681039248,0.956747677605569,0.8980347452517335,0.8721956177253835,0.9590949048688356,0.023472939672389503,0.020484378377932377
S1_b0.25_s3_lik0,S1,0.25,3,limb_reversal_s1,limb_reversal,1,True,0.8528558060286501,0.9499672512581537,0.9520920152286875,0.9308049873136695,0.9948175787728026,0.9334466169017943,0.986301133222775,0.969423827888137,0.9368287420862226,0.891147200127236,0.9548431597820599,0.0349418300682075,0.013343214348888077
S1_b0.25_s3_lik0,S1,0.25,3,limb_reversal_s2,limb_reversal,2,True,0.8294465786009555,0.9328243043276275,0.9174673303493337,0.9099518315889628,0.9911812465450526,0.9067422270921793,0.961010917634052,0.9644000582114531,0.9240088935785348,0.8786466424995685,0.9420095914495099,0.05835105749590208,0.03048616127941428
S1_b0.25_s3_lik0,S1,0.25,3,limb_reversal_s3,limb_reversal,3,True,0.7866600462892887,0.893735311860271,0.829580825230231,0.8714220583571203,0.9700196932006634,0.8231834680180797,0.935366569928137,0.945860316767324,0.8873464350316551,0.8612952090570372,0.9195432311521924,0.10113758980756893,0.06957515374677081
S1_b0.25_s3_lik0,S1,0.25,3,baseline_step_s1,baseline_step,1,True,0.8866253569068816,0.9633049844492773,0.980600787158512,0.9481148905803995,0.9964327667219458,0.9417887960553348,0.9967091625207296,0.9794016347716414,0.9444645952668075,0.9112916208442192,0.9709406061239054,0.0011722791899759777,5.481157764553046e-06
S1_b0.25_s3_lik0,S1,0.25,3,baseline_step_s2,baseline_step,2,True,0.8868300158703468,0.9627927002931569,0.9795686062663992,0.9496759039010466,0.9964068546158098,0.9394218257772907,0.9966573383084577,0.9786163865240486,0.9452465518540851,0.9094684208178409,0.9700724145734329,0.000967620226510757,0.0005177653138849214
S1_b0.25_s3_lik0,S1,0.25,3,baseline_step_s3,baseline_step,3,True,0.881537640821031,0.9627913318103882,0.9808901836703197,0.9493290120520139,0.996225469872858,0.9382233598137242,0.9955431177446104,0.9783738388027845,0.9453360529092554,0.9103800208310301,0.9708209305968981,0.0062599952758265465,0.0005191337966535814
S1_b0.25_s3_lik0,S1,0.25,3,seen_baseline_wander_s1,seen_baseline_wander,1,False,0.887599448629162,0.963312197545302,0.9802149251427689,0.950171463685379,0.9964932283029299,0.9426534036433365,0.9966141514648977,0.9795441315578839,0.944471661139584,0.909152270174969,0.9704945427959685,0.0001981874676956208,-1.7319382601410638e-06
S1_b0.25_s3_lik0,S1,0.25,3,seen_baseline_wander_s2,seen_baseline_wander,2,False,0.8871192898478173,0.9632973471674343,0.9800477182692803,0.9506273786869648,0.9965105030403538,0.9416518285166415,0.9967264372581537,0.9797078512697373,0.9446883479047331,0.9091018412380693,0.9706142183229759,0.0006783462490402847,1.3118439607495702e-05
S1_b0.25_s3_lik0,S1,0.25,3,seen_baseline_wander_s3,seen_baseline_wander,3,False,0.8862487940352378,0.9633886840027667,0.9798129855430365,0.9508404693942277,0.9966314262023217,0.9418915217093549,0.9966659756771697,0.9800534817725387,0.9445682280675309,0.9095634599681522,0.970470607690567,0.0015488420616197596,-7.821839572486056e-05
S1_b0.25_s3_lik0,S1,0.25,3,seen_emg_bursts_s1,seen_emg_bursts,1,False,0.8880447705831952,0.9635274254217318,0.9804239337346298,0.9501119965112591,0.9964845909342178,0.9434923298178333,0.9966314262023217,0.9798351888234009,0.9445399645764245,0.9096197076285405,0.9706076905669573,-0.00024713448633761903,-0.0002169598146899432
S1_b0.25_s3_lik0,S1,0.25,3,seen_emg_bursts_s2,seen_emg_bursts,2,False,0.8883306769506466,0.9638929051869811,0.9809094767711066,0.9500822629241993,0.9964327667219458,0.9432226749760306,0.9967868988391377,0.9798746028281065,0.9447142561049141,0.9120073238332974,0.9710058836840915,-0.0005330408537890241,-0.000582439579939309
S1_b0.25_s3_lik0,S1,0.25,3,seen_emg_bursts_s3,seen_emg_bursts,3,False,0.8868815460152357,0.9638315923796991,0.9814336060091577,0.9490514985727879,0.9964673161967939,0.9423880290371182,0.9968646351575456,0.9800261951538966,0.9454891468194151,0.9123389910721388,0.9704249133984368,0.0009160900816218565,-0.0005211267726572544
S1_b0.25_s3_lik0,S1,0.25,3,seen_lead_scaling_s1,seen_lead_scaling,1,False,0.8864734381363235,0.9626519598579034,0.9797390286566855,0.9485311607992388,0.9964414040906578,0.9419814066566224,0.9968559977888336,0.9784314438865847,0.9428229574917093,0.908665436976436,0.9703988023743623,0.0013241979605340681,0.0006585057491383939
S1_b0.25_s3_lik0,S1,0.25,3,seen_lead_scaling_s2,seen_lead_scaling,2,False,0.8880865207571407,0.9621990476107416,0.9815686577146678,0.9483973596574691,0.9962168325041459,0.9386727845500615,0.9966141514648977,0.9804749084382353,0.940590141694302,0.9078217220706122,0.9694348704022839,-0.00028888466028309523,0.0011114179963002124
S1_b0.25_s3_lik0,S1,0.25,3,seen_lead_scaling_s3,seen_lead_scaling,3,False,0.8842780958480952,0.9604102268724789,0.9820091835159745,0.9499038614018395,0.9966746130458817,0.9404362416107384,0.9964414040906578,0.9756512406315941,0.9317837089237263,0.9028408947645066,0.9679508938673909,0.0035195402487623317,0.00290023873456291
S1_b0.25_s4_lik0,S1,0.25,4,clean,clean,0,False,0.8864289346291515,0.9668346800481084,0.9847423727941556,0.9563263162067872,0.9973137783305694,0.9690453362553075,0.9974174267551132,0.9816239782677241,0.9340989599035273,0.9152211987734131,0.9657227531463785,,
S1_b0.25_s4_lik0,S1,0.25,4,lead_dropout_s1,lead_dropout,1,True,0.8772511435123386,0.961714312383941,0.9859739157277357,0.9558109340310815,0.996121821448314,0.9584346322421586,0.9965018656716418,0.9736532537776807,0.9250805509496534,0.9012058334642546,0.9626460041429492,0.009177791116812939,0.005120367664167347
S1_b0.25_s4_lik0,S1,0.25,4,lead_dropout_s2,lead_dropout,2,True,0.8743209553978754,0.9535265119131056,0.9849063641508463,0.9525055502695846,0.9942302377003869,0.9435779345295164,0.9977456467661692,0.9608770525600911,0.9106520387398253,0.8770173999228049,0.9602263825787248,0.012107979231276156,0.013308168135002796
S1_b0.25_s4_lik0,S1,0.25,4,lead_dropout_s3,lead_dropout,3,True,0.8601864675500721,0.9450523905678758,0.9792792097545917,0.9533331351094196,0.994014303482587,0.9261274140528695,0.9953012714206744,0.9551407989521937,0.8817667508290624,0.8708223989821113,0.949686232527373,0.0262424670790794,0.02178228948023253
S1_b0.25_s4_lik0,S1,0.25,4,limb_reversal_s1,limb_reversal,1,True,0.8431555623227663,0.9499270968400952,0.9643656428461181,0.937866714240406,0.9958022388059702,0.9687671209423366,0.9887109590934218,0.9598068107400132,0.9062853293638831,0.8799306408160178,0.9478084147126917,0.04327337230638517,0.01690758320801311
S1_b0.25_s4_lik0,S1,0.25,4,limb_reversal_s2,limb_reversal,2,True,0.8200251728750273,0.9329882153121903,0.9443394042290477,0.9121075166508087,0.9949644140409066,0.9532255855362279,0.9740274322830293,0.9477855393048582,0.8798401228519747,0.8499564565525615,0.9406474663602974,0.06640376175412421,0.033846464735918014
S1_b0.25_s4_lik0,S1,0.25,4,limb_reversal_s3,limb_reversal,3,True,0.7732776376038323,0.8969648202632902,0.9068979266347689,0.848571796701554,0.9924077529021559,0.9226133406382687,0.9349433388612494,0.9385293118921149,0.8125730140186918,0.7850408377410165,0.9311060629797902,0.11315129702531923,0.06986985978481819
S1_b0.25_s4_lik0,S1,0.25,4,baseline_step_s1,baseline_step,1,True,0.8860244974099286,0.9667015228035607,0.9846330452230282,0.9549684823977165,0.9973742399115533,0.9687628407067526,0.9973828772802653,0.9815330228722501,0.9336467440458245,0.9155683826082233,0.9664440701864326,0.0004044372192228973,0.00013315724454765476
S1_b0.25_s4_lik0,S1,0.25,4,baseline_step_s2,baseline_step,2,True,0.8831512312195712,0.966575768410498,0.9846459072902196,0.9558505788138282,0.9971842177998894,0.9685745103410491,0.9974347014925373,0.9815875961095346,0.9331756858607175,0.9145947162111575,0.9661340017755498,0.003277703409580335,0.0002589116376103817
S1_b0.25_s4_lik0,S1,0.25,4,baseline_step_s3,baseline_step,3,True,0.8830824610959322,0.9654469444881999,0.982321088645367,0.9527087297811608,0.9969510088446656,0.9678554307629093,0.9974692509673854,0.9812359019137016,0.9297887775097979,0.9169648762454492,0.9637274357233624,0.003346473533219263,0.001387735559908454
S1_b0.25_s4_lik0,S1,0.25,4,seen_baseline_wander_s1,seen_baseline_wander,1,False,0.8859817257144269,0.9667853185435215,0.9846169676390389,0.9563064938154139,0.9972792288557214,0.9690881386111492,0.9974087893864013,0.9815724368769555,0.9341036704853783,0.9150020268553486,0.9656901143662853,0.0004472089147246061,4.936150458689781e-05
S1_b0.25_s4_lik0,S1,0.25,4,seen_baseline_wander_s2,seen_baseline_wander,2,False,0.8860909229368035,0.9668217571471366,0.9845012090343159,0.9561280922930542,0.9973224156992814,0.9690624571976442,0.9973224156992814,0.9819241310727886,0.9335478218269521,0.9158166481437301,0.9657706233571814,0.0003380116923480392,1.2922900971767959e-05
S1_b0.25_s4_lik0,S1,0.25,4,seen_baseline_wander_s3,seen_baseline_wander,3,False,0.8859333069152492,0.9667373151845021,0.9847198641765704,0.9555235093561687,0.9972360420121614,0.9687714011779209,0.9974606135986733,0.9819817361565888,0.9340212353029846,0.9152095613264364,0.965711873553014,0.0004956277139023246,9.736486360623076e-05
S1_b0.25_s4_lik0,S1,0.25,4,seen_emg_bursts_s1,seen_emg_bursts,1,False,0.8860337338723824,0.9668995516818981,0.9849256572516335,0.9559496907706946,0.9972274046434495,0.9689896931927133,0.9974951630735213,0.9817876979795774,0.9343627524871871,0.9153239962217089,0.966033909516598,0.0003952007567691318,-6.487163378976479e-05
S1_b0.25_s4_lik0,S1,0.25,4,seen_emg_bursts_s2,seen_emg_bursts,2,False,0.8861230127135756,0.9670022550674978,0.9848581313988785,0.9551667063114494,0.9972533167495854,0.9690410560197233,0.9974606135986733,0.9819241310727885,0.9353920146216461,0.9160862489986945,0.9658380768360404,0.00030592191557587967,-0.0001675750193894654
S1_b0.25_s4_lik0,S1,0.25,4,seen_emg_bursts_s3,seen_emg_bursts,3,False,0.885844233369121,0.9668338959749909,0.9848163296805061,0.9531993339676498,0.9971237562189055,0.9690025338994659,0.9974519762299613,0.9819210992262728,0.9362304981911366,0.9156886362269845,0.9660709001340366,0.0005847012600305179,7.840731174324489e-07
S1_b0.25_s4_lik0,S1,0.25,4,seen_lead_scaling_s1,seen_lead_scaling,1,False,0.8854878951354582,0.9667021710823344,0.9844851314503267,0.9571588566444656,0.9971496683250415,0.9700083892617449,0.9975038004422333,0.980065609158602,0.9321417131444076,0.9157507026108611,0.9660556687033266,0.0009410394936932853,0.00013250896577399196
S1_b0.25_s4_lik0,S1,0.25,4,seen_lead_scaling_s2,seen_lead_scaling,2,False,0.8858729330080226,0.9655088892234875,0.9847037865925812,0.9554541309863622,0.9971410309563294,0.9662332214765101,0.9977370093974572,0.9810115452715322,0.9331474223696111,0.9101763655089347,0.963975490452069,0.0005560016211288987,0.0013257908246208094
S1_b0.25_s4_lik0,S1,0.25,4,seen_lead_scaling_s3,seen_lead_scaling,3,False,0.8822929435235303,0.963966699774774,0.9841475021865516,0.9539178956549319,0.9974519762299613,0.9674659293247501,0.9970028330569375,0.9789832399524606,0.9244375565269822,0.9110355970107278,0.9612577680296621,0.0041359911056212395,0.0028679802733343474
S1_b0.5_s0_lik0,S1,0.5,0,clean,clean,0,False,0.9046166663297461,0.9720600182632452,0.9816940628697843,0.9737501982239137,0.997944306246545,0.9656083070812218,0.9968473604201217,0.9823789080501589,0.9525338219776907,0.9244904252904999,0.9732927742092711,,
S1_b0.5_s0_lik0,S1,0.5,0,lead_dropout_s1,lead_dropout,1,True,0.8969323231522042,0.9678569115704045,0.9826394248083552,0.9729077465905487,0.9954221945826424,0.959419086426517,0.9968732725262576,0.9764092022605447,0.9402297821826953,0.9145501059977461,0.9722613887583338,0.0076843431775419635,0.00420310669284063
S1_b0.5_s0_lik0,S1,0.5,0,lead_dropout_s2,lead_dropout,2,True,0.8930103025238836,0.959347459486055,0.9803081751299069,0.9650283460196638,0.994161138750691,0.9358264278865909,0.9965709646213378,0.958597103980208,0.9334394784443774,0.9002166504712195,0.9699788500704998,0.011606363805862552,0.01271255877719013
S1_b0.5_s0_lik0,S1,0.5,0,lead_dropout_s3,lead_dropout,3,True,0.8845058277293993,0.952594544471612,0.9784753305551268,0.964726054551221,0.9936169845218352,0.9261102931105328,0.9947916666666666,0.9591943777438211,0.9074488430810973,0.8910696171473902,0.9579177328668164,0.020110838600346792,0.019465473791633214
S1_b0.5_s0_lik0,S1,0.5,0,limb_reversal_s1,limb_reversal,1,True,0.8696939872570737,0.958082128226526,0.9657852935123733,0.9567029416428797,0.9973569651741294,0.9522668127653747,0.9875449143173023,0.9745476484998423,0.9339176025022611,0.9036186641374615,0.9509983114871099,0.034922679072672436,0.01397789003671912
S1_b0.5_s0_lik0,S1,0.5,0,limb_reversal_s2,limb_reversal,2,True,0.8518228867502157,0.9425472303011158,0.948804149302876,0.9398043529971456,0.9956208540630183,0.9227374674702095,0.9678517136539524,0.9645334594581484,0.9177579514621647,0.8919695797136025,0.9338455445889254,0.052793779579530464,0.029512787962129416
S1_b0.5_s0_lik0,S1,0.5,0,limb_reversal_s3,limb_reversal,3,True,0.8092242295657402,0.9066295587414912,0.919457735247209,0.9084849746273391,0.9924423023770039,0.8466734009039858,0.9429933665008291,0.93866271313881,0.8620835845643655,0.8596679060547697,0.8892000452591085,0.09539243676400588,0.06543045952175397
S1_b0.5_s0_lik0,S1,0.5,0,baseline_step_s1,baseline_step,1,True,0.9041583379852668,0.9722481259114226,0.9817776663065287,0.9729127021883921,0.997978855721393,0.9658137583892618,0.9969250967385296,0.9823546532780324,0.9523642410310522,0.9264086644671891,0.9736974950824238,0.0004583283444793418,-0.00018810764817744907
S1_b0.5_s0_lik0,S1,0.5,0,baseline_step_s2,baseline_step,2,True,0.9045022595783268,0.9718047307776073,0.9816008128826466,0.973219949254678,0.997987493090105,0.9644291021777839,0.9967264372581537,0.9823910354362221,0.9517236018993066,0.9252391010460124,0.9729250439535571,0.0001144067514193825,0.0002552874856378562
S1_b0.5_s0_lik0,S1,0.5,0,baseline_step_s3,baseline_step,3,True,0.9026832851051714,0.971473348810628,0.9806329423264907,0.9708858626704725,0.9977197346600332,0.9652915696479935,0.9966487009397458,0.982545659608528,0.9505836410913476,0.9259160125451678,0.9730360158058733,0.0019333812245747595,0.0005866694526172056
S1_b0.5_s0_lik0,S1,0.5,0,seen_baseline_wander_s1,seen_baseline_wander,1,False,0.9045567870072443,0.9720381422021168,0.9814786232443278,0.9738542657786234,0.997935668877833,0.9657281536775784,0.9968559977888336,0.9823334303524218,0.952394859813084,0.9243585342247618,0.9734037460615873,5.987932250184347e-05,2.1876061128356383e-05
S1_b0.5_s0_lik0,S1,0.5,0,seen_baseline_wander_s2,seen_baseline_wander,2,False,0.90460129201216,0.972154578698802,0.981819468024901,0.9733537503964478,0.997883844665561,0.9665199972606492,0.9969164593698175,0.9823182711198428,0.9525149796502864,0.9247716635924411,0.9732927742092712,1.53743175861365e-05,-9.456043555677862e-05
S1_b0.5_s0_lik0,S1,0.5,0,seen_baseline_wander_s3,seen_baseline_wander,3,False,0.9046959169479007,0.9722345909056567,0.9816715542521994,0.9739632889311767,0.997944306246545,0.9660406108752225,0.9970892067440575,0.9824698634456329,0.9528023251432016,0.9250179895534517,0.9731121729594235,-7.925061815461376e-05,-0.00017457264241149684
S1_b0.5_s0_lik0,S1,0.5,0,seen_emg_bursts_s1,seen_emg_bursts,1,False,0.9049130239800944,0.9720637080248173,0.9815204249627001,0.9732843720266413,0.997961580983969,0.9657752362690043,0.9968387230514096,0.9823273666593902,0.9527104687971059,0.9246339538032147,0.9735212456699219,-0.0002963576503483001,-3.6897615721676047e-06
S1_b0.5_s0_lik0,S1,0.5,0,seen_emg_bursts_s2,seen_emg_bursts,2,False,0.9050375811776008,0.9723957726776155,0.9827262437618973,0.9729027909927054,0.9979702183526811,0.9669437405834818,0.9968646351575456,0.9828609716461714,0.9530025248718722,0.925324442323843,0.9729663864083414,-0.0004209148478546698,-0.00033575441437028175
S1_b0.5_s0_lik0,S1,0.5,0,seen_emg_bursts_s3,seen_emg_bursts,3,False,0.9044507195305358,0.9719000074244821,0.9814078818747749,0.9725658103393593,0.997944306246545,0.9659293247500343,0.9968991846323936,0.9827336340925078,0.9526727841422973,0.9246552891226723,0.972291851619754,0.00016594679921033695,0.00016001083876304723
S1_b0.5_s0_lik0,S1,0.5,0,seen_lead_scaling_s1,seen_lead_scaling,1,False,0.9045876786111369,0.9717074695415712,0.9821088645367084,0.973051458928005,0.9978061083471531,0.9656553896726475,0.9968041735765616,0.9817300928957772,0.950171465179379,0.9244749086945306,0.9735647640433792,2.8987718609263524e-05,0.0003525487216740064
S1_b0.5_s0_lik0,S1,0.5,0,seen_lead_scaling_s2,seen_lead_scaling,2,False,0.9037513697474183,0.9716505323440379,0.9824336317332921,0.972972169362512,0.9975469872857933,0.9642899945212985,0.9970373825317855,0.9818149845982197,0.9500843194151343,0.9255261580714423,0.9731491635768621,0.0008652965823278125,0.0004094859192073086
S1_b0.5_s0_lik0,S1,0.5,0,seen_lead_scaling_s3,seen_lead_scaling,3,False,0.9046925436467413,0.9697838862897634,0.9826587179091424,0.9701772121788772,0.998151603095633,0.9632070949185044,0.9965796019900497,0.9800534817725388,0.9418737752487186,0.9243410780542963,0.9710124114401099,-7.587731699520983e-05,0.0022761319734817542
S1_b0.5_s1_lik0,S1,0.5,1,clean,clean,0,False,0.9062931699611968,0.9725180707962539,0.980629726809693,0.9783390818268316,0.9973656025428413,0.9683348171483359,0.9976333609729132,0.9865325377768075,0.9508992500753692,0.9245835248663149,0.968344735147179,,
S1_b0.5_s1_lik0,S1,0.5,1,lead_dropout_s1,lead_dropout,1,True,0.8993400724350493,0.9674330398155231,0.9800734424036632,0.9767582461148113,0.9946189192924269,0.9579210039720586,0.9972101299060254,0.9796623735720004,0.9384892221887248,0.9156905758014808,0.9664734450885163,0.006953097526147478,0.005085030980730765
S1_b0.5_s1_lik0,S1,0.5,1,lead_dropout_s2,lead_dropout,2,True,0.8915475308274315,0.9609626142654919,0.9804882440705871,0.9740078893117666,0.9936256218905473,0.9352357553759759,0.9969337341072415,0.9713278275000606,0.9329213144407597,0.9014793134682114,0.9626438282242764,0.014745639133765254,0.011555456530761954
S1_b0.5_s1_lik0,S1,0.5,1,lead_dropout_s3,lead_dropout,3,True,0.8859530687471238,0.955983215177078,0.9786843391469877,0.9736312638756739,0.9954308319513543,0.925729352143542,0.9955863045881703,0.9705334837129205,0.9082943925233645,0.8967661474425741,0.9591928212091145,0.020340101214073036,0.016534855619175892
S1_b0.5_s1_lik0,S1,0.5,1,limb_reversal_s1,limb_reversal,1,True,0.8736561695813345,0.9613036521128188,0.9754398826979471,0.9676250792895655,0.9969337341072415,0.9614350773866593,0.9952062603648424,0.9819271629193043,0.9360868254446789,0.8896207549987684,0.9474580918063606,0.03263700037986228,0.01121441868343509
S1_b0.5_s1_lik0,S1,0.5,1,limb_reversal_s2,limb_reversal,2,True,0.8543406118177697,0.9468684516172181,0.9673399958841384,0.9516829210275928,0.996044085129906,0.925857759211067,0.980531370923162,0.97382000533605,0.9206949992463069,0.8746453003140171,0.9311996274827233,0.05195255814342714,0.025649619179035743
S1_b0.5_s1_lik0,S1,0.5,1,limb_reversal_s3,limb_reversal,3,True,0.8108373927135981,0.921614919154317,0.9589860832432989,0.9217312876625436,0.9921399944720841,0.8757062388713875,0.964949557766722,0.9559290790463024,0.8646108117274646,0.8467542190594226,0.913727000539628,0.09545577724759868,0.05090315164193682
S1_b0.5_s1_lik0,S1,0.5,1,baseline_step_s1,baseline_step,1,True,0.9059832655795743,0.9725078932011857,0.9802149251427689,0.9782647478591817,0.9973396904367053,0.9675558142720175,0.9975815367606412,0.9863445632928278,0.9506990503466988,0.9257918797774144,0.9687788309224155,0.00030990438162248335,1.0177595068161516e-05
S1_b0.5_s1_lik0,S1,0.5,1,baseline_step_s2,baseline_step,2,True,0.9048884650301173,0.9725089253151322,0.9803435458146833,0.9790130431335236,0.9973828772802653,0.9673674839063142,0.9974951630735213,0.9870934293822309,0.9508992500753694,0.9244884857160036,0.9684970494542796,0.0014047049310794701,9.145481121630716e-06
S1_b0.5_s1_lik0,S1,0.5,1,baseline_step_s3,baseline_step,3,True,0.9037387117287168,0.9722014423784052,0.9784528219375418,0.9779525451950524,0.9973569651741293,0.9686173126968908,0.9974606135986733,0.986556792548934,0.9499453572505276,0.9255436142419076,0.9679269587619894,0.002554458232480017,0.00031662841784863005
S1_b0.5_s1_lik0,S1,0.5,1,seen_baseline_wander_s1,seen_baseline_wander,1,False,0.9061832662403535,0.9725142208091627,0.9806940371456501,0.9782300586742785,0.9973483278054174,0.9682706136145733,0.9976247236042013,0.9865264740837759,0.9510594098583057,0.9246688661441453,0.9682054763521158,0.00010990372084329625,3.849987091131268e-06
S1_b0.5_s1_lik0,S1,0.5,1,seen_baseline_wander_s2,seen_baseline_wander,2,False,0.9062906514865744,0.9725555802485881,0.9803435458146834,0.9783440374246749,0.9973828772802653,0.9688741268319409,0.9975901741293532,0.9867144485677557,0.9509204476936991,0.9244031444381732,0.9684274200567479,2.5184746224038435e-06,-3.7509452334272275e-05
S1_b0.5_s1_lik0,S1,0.5,1,seen_baseline_wander_s3,seen_baseline_wander,3,False,0.906279509195765,0.972605574773744,0.9802985285795134,0.9784629717729146,0.9974174267551134,0.9684289823311875,0.9975642620232172,0.9868448179679352,0.9512054378956889,0.9247328721025182,0.9684948735356067,1.3660765431744437e-05,-8.750397749013317e-05
S1_b0.5_s1_lik0,S1,0.5,1,seen_emg_bursts_s1,seen_emg_bursts,1,False,0.9063922599634777,0.9725321978334335,0.9807583474816072,0.9780467015540755,0.9973656025428413,0.96844182303794,0.9976333609729132,0.9865719517815129,0.9509180924027736,0.9246417121011993,0.9684121886260378,-9.909000228092157e-05,-1.4127037179623159e-05
S1_b0.5_s1_lik0,S1,0.5,1,seen_emg_bursts_s2,seen_emg_bursts,2,False,0.9064803790732294,0.9727289746516633,0.9811988732829139,0.9779079448144624,0.9974174267551134,0.9686857964662374,0.9975728993919293,0.9865022193116495,0.9512431225504975,0.9256464116902033,0.9683860776019635,-0.0001872091120326269,-0.00021090385540945
S1_b0.5_s1_lik0,S1,0.5,1,seen_emg_bursts_s3,seen_emg_bursts,3,False,0.9050260626208614,0.972444922564824,0.9803982096002469,0.9762676419283223,0.9973569651741293,0.9685231475140392,0.9976333609729131,0.9867690218050401,0.9519614862827858,0.9244516338005769,0.9686428360053615,0.001267107340335416,7.314823142989813e-05
S1_b0.5_s1_lik0,S1,0.5,1,seen_lead_scaling_s1,seen_lead_scaling,1,False,0.9057733381615628,0.9720614347555553,0.980626511292895,0.9778137884554393,0.9972446793808734,0.9677869469935625,0.9975124378109453,0.9854683596497611,0.9488477916792282,0.9248162738058525,0.9684361237314394,0.0005198317996339963,0.0004566360406985659
S1_b0.5_s1_lik0,S1,0.5,1,seen_lead_scaling_s2,seen_lead_scaling,2,False,0.9067156218791775,0.9717554903629101,0.9809480629726809,0.9780318347605456,0.9973310530679933,0.9669223394055609,0.9975038004422332,0.9857806398408886,0.9489749773892071,0.9218836371676781,0.9684230682194022,-0.00042245191798073733,0.0007625804333437625
S1_b0.5_s1_lik0,S1,0.5,1,seen_lead_scaling_s3,seen_lead_scaling,3,False,0.9010257405704597,0.9701940450900772,0.980398209600247,0.9781606803044719,0.9976765478164732,0.9684332625667718,0.9974347014925373,0.9850711877561911,0.9408869083509195,0.9191197435106687,0.9645651644124149,0.0052674293907370995,0.0023240257061766245
S1_b0.5_s2_lik0,S1,0.5,2,clean,clean,0,False,0.8983816114899833,0.9698942823200117,0.9824111231157071,0.9667528940691406,0.9976333609729132,0.9653429324750034,0.9959749861802101,0.981993863542652,0.9480093081097377,0.9193214592582679,0.9716086131564747,,
S1_b0.5_s2_lik0,S1,0.5,2,lead_dropout_s1,lead_dropout,1,True,0.8914140863917187,0.9656978770410615,0.9841249935689664,0.9674912781477958,0.9967696241017137,0.9537349335707437,0.99614773355445,0.9748356739188435,0.9356722942417847,0.9097011697573787,0.9728031925078768,0.006967525098264593,0.004196405278950266
S1_b0.5_s2_lik0,S1,0.5,2,lead_dropout_s2,lead_dropout,2,True,0.881559430529214,0.9550359884408611,0.9812406750012862,0.9556622660957818,0.9948780403537866,0.9220483495411588,0.9944116224433388,0.9649700453564238,0.9204665360265301,0.8898593226617945,0.9717870384876495,0.016822180960769262,0.014858293879150608
S1_b0.5_s2_lik0,S1,0.5,2,lead_dropout_s3,lead_dropout,3,True,0.8722052914896535,0.9499552633832393,0.9809898646910531,0.9622185220424992,0.9929000829187395,0.9128116011505274,0.9926150497512438,0.9680352421838997,0.8958820093457944,0.8825238519173664,0.9616211464480303,0.026176320000329767,0.019939018936772412
S1_b0.5_s2_lik0,S1,0.5,2,limb_reversal_s1,limb_reversal,1,True,0.867412321893438,0.9564735465692937,0.9745202448937593,0.9645922534094513,0.9974260641238253,0.9411895630735516,0.9936342592592593,0.9741413810667249,0.9373209978896593,0.8645362380400987,0.9609009173673125,0.030969289596545324,0.013420735750718005
S1_b0.5_s2_lik0,S1,0.5,2,limb_reversal_s2,limb_reversal,2,True,0.855051507513515,0.9426206864237309,0.9671856510778413,0.9468313907389788,0.9969337341072415,0.9028857348308451,0.9923127418463239,0.9658765674646486,0.9274476183298161,0.8299245311563549,0.954188208261528,0.043330103976468304,0.027273595896280867
S1_b0.5_s2_lik0,S1,0.5,2,limb_reversal_s3,limb_reversal,3,True,0.8140382448154349,0.9138663694188751,0.9534971960693522,0.9227372740247384,0.9820256357103372,0.858474010409533,0.9698210337202875,0.937913847049407,0.8881378127826349,0.7801705661811912,0.9320199488223927,0.08434336667454845,0.05602791290113662
S1_b0.5_s2_lik0,S1,0.5,2,baseline_step_s1,baseline_step,1,True,0.898590196932803,0.9698712490461051,0.9823982610485158,0.9665051141769743,0.9976074488667772,0.9649491508012601,0.996113184079602,0.9820302457008416,0.9477408049442267,0.9197578635199011,0.9717391682768465,-0.0002085854428196532,2.303327390662524e-05
S1_b0.5_s2_lik0,S1,0.5,2,baseline_step_s2,baseline_step,2,True,0.8987516042831813,0.9698711636045823,0.9821570972886762,0.9674912781477958,0.9974865257048093,0.9641701479249418,0.9960268103924821,0.9823789080501588,0.9470601258667471,0.9208091128968127,0.9712604661688166,-0.00036999279319804845,2.3118715429482073e-05
S1_b0.5_s2_lik0,S1,0.5,2,baseline_step_s3,baseline_step,3,True,0.8987252961150336,0.9692759013985399,0.9807294078304265,0.9654198382492863,0.9973396904367053,0.9642343514587044,0.9959490740740741,0.9818362075238303,0.9460002449502563,0.9201089265037036,0.9718653715598726,-0.00034368462505030006,0.0006183809214718172
S1_b0.5_s2_lik0,S1,0.5,2,seen_baseline_wander_s1,seen_baseline_wander,1,False,0.8981494735047092,0.9698903521932558,0.9823564593301436,0.9665596257532508,0.9976506357103373,0.96556550472538,0.996009535655058,0.9819120036867253,0.9480399268917697,0.919336975854237,0.9715825021324004,0.00023213798527410567,3.930126755924412e-06
S1_b0.5_s2_lik0,S1,0.5,2,seen_baseline_wander_s2,seen_baseline_wander,2,False,0.8977762403638715,0.9698636067647892,0.9824239851828986,0.9663663574373613,0.9975901741293532,0.9652487672921517,0.9960008982863461,0.9818907807611147,0.9480093081097377,0.9194921418139289,0.9717500478702107,0.0006053711261118089,3.067555522251464e-05
S1_b0.5_s2_lik0,S1,0.5,2,seen_baseline_wander_s3,seen_baseline_wander,3,False,0.8983268242530101,0.9699934628943505,0.9818612697432731,0.96700562955915,0.9976074488667772,0.9656939117929051,0.9963291182974019,0.9823576851245481,0.9478232401266203,0.9200546184178116,0.9712082441206678,5.47872369731639e-05,-9.918057433877525e-05
S1_b0.5_s2_lik0,S1,0.5,2,seen_emg_bursts_s1,seen_emg_bursts,1,False,0.8984572473709079,0.9699482348209527,0.9826940885939188,0.9666389153187441,0.9976074488667773,0.965231646349815,0.9959231619679382,0.9819392903053675,0.9478279507084715,0.9195929996877285,0.9720786115898131,-7.563588092462936e-05,-5.395250094097914e-05
S1_b0.5_s2_lik0,S1,0.5,2,seen_emg_bursts_s2,seen_emg_bursts,2,False,0.8985430853075839,0.9701427472859758,0.9831571230128106,0.9661136219473518,0.9975556246545053,0.9664515134913026,0.995983623548922,0.9825426277620122,0.9481152962013868,0.9197675613923818,0.9715977335631103,-0.0001614738176005659,-0.0002484649659640903
S1_b0.5_s2_lik0,S1,0.5,2,seen_emg_bursts_s3,seen_emg_bursts,3,False,0.8985035347428375,0.9700886755536785,0.9834175798734373,0.9656180621630194,0.9976247236042012,0.9652872894124093,0.9959317993366501,0.9826335831574862,0.948296653602653,0.9200468601198268,0.9719415287134229,-0.0001219232528542058,-0.00019439323366676753
S1_b0.5_s2_lik0,S1,0.5,2,seen_lead_scaling_s1,seen_lead_scaling,1,False,0.897192655239188,0.9692840870453919,0.9820059679991768,0.96529099270536,0.9974519762299613,0.9647779413778935,0.9959231619679381,0.981748283974872,0.9450840367802231,0.9191740515965607,0.9721003707765419,0.0011889562507952922,0.0006101952746198069
S1_b0.5_s2_lik0,S1,0.5,2,seen_lead_scaling_s2,seen_lead_scaling,2,False,0.8983114846817024,0.9693558600350443,0.9828002006482481,0.9675854345068189,0.9975038004422333,0.963891932611971,0.9953617330016584,0.9811419146717116,0.9441183675007537,0.9191071362764436,0.9726922206555608,7.012680828089035e-05,0.0005384222849674769
S1_b0.5_s2_lik0,S1,0.5,2,seen_lead_scaling_s3,seen_lead_scaling,3,False,0.8962819952706181,0.9673043768597105,0.9821249421206977,0.9659005312400888,0.997892482034273,0.9633355019860292,0.9954653814262022,0.9793470615343568,0.9355851484775399,0.9157526421853573,0.9703357007328492,0.0020996162193651635,0.002589905460301245
S1_b0.5_s3_lik0,S1,0.5,3,clean,clean,0,False,0.9088601955165936,0.9711866295941287,0.9818741318104646,0.9710989533777354,0.9970287451630735,0.9658394398027668,0.9963118435599778,0.9827245385529603,0.9493588898100694,0.9251130287037629,0.9713300955663481,,
S1_b0.5_s3_lik0,S1,0.5,3,lead_dropout_s1,lead_dropout,1,True,0.9005642502139489,0.965667016672708,0.9839127694603077,0.9700929670155407,0.9959749861802101,0.9478324887001781,0.994161138750691,0.9749478522399282,0.9416665096472717,0.9140283604582826,0.9683860776019636,0.008295945302644658,0.005519612921420669
S1_b0.5_s3_lik0,S1,0.5,3,lead_dropout_s2,lead_dropout,2,True,0.8929456986997774,0.9559349013964226,0.9813178474044348,0.9639728036790358,0.9935133360972913,0.920079441172442,0.9951285240464345,0.9527941497489631,0.9282625489900513,0.9008993806938633,0.9674460807352865,0.015914496816816226,0.01525172819770615
S1_b0.5_s3_lik0,S1,0.5,3,lead_dropout_s3,lead_dropout,3,True,0.8905311408604946,0.9495253735428307,0.9789994597931779,0.9680017047256582,0.9948003040353787,0.9017086700451993,0.982414317302377,0.9638209755269349,0.9023779017184202,0.893798598463469,0.959806430274862,0.01832905465609902,0.021661256051297983
S1_b0.5_s3_lik0,S1,0.5,3,limb_reversal_s1,limb_reversal,1,True,0.873580648510153,0.9579127388670545,0.969484745588311,0.9584720900729463,0.9966832504145936,0.9634938707026435,0.9888750690989497,0.9744657886439158,0.9393771668676514,0.866596066155007,0.963766602259474,0.03527954700644054,0.013273890727074189
S1_b0.5_s3_lik0,S1,0.5,3,limb_reversal_s2,limb_reversal,2,True,0.8521976221679486,0.9423755254779655,0.9573493851931884,0.9382185616872819,0.9949644140409066,0.9472846185454047,0.970866155334439,0.9658007713017536,0.9219574351823938,0.8286308349674248,0.9563075530488971,0.056662573348644996,0.028811104116163166
S1_b0.5_s3_lik0,S1,0.5,3,limb_reversal_s3,limb_reversal,3,True,0.8084317669620646,0.9112488604030049,0.9223195451973041,0.885267998731367,0.9869143864013268,0.9240557800301328,0.9195947346600332,0.9354277329064494,0.8995845266807356,0.7914356148548131,0.9366394241648824,0.10042842855452894,0.05993776919112381
S1_b0.5_s3_lik0,S1,0.5,3,baseline_step_s1,baseline_step,1,True,0.9085788250030196,0.9711717308752408,0.981247106034882,0.9706529495718363,0.9969855583195135,0.9652102451718944,0.9963291182974019,0.9826729971621917,0.9494884308109738,0.92620694871959,0.9717522237888836,0.00028137051357401965,1.4898718887934592e-05
S1_b0.5_s3_lik0,S1,0.5,3,baseline_step_s2,baseline_step,2,True,0.90832552905949,0.9707679002611678,0.9805975716417142,0.9713269108785284,0.9969250967385296,0.9646794959594576,0.9959749861802101,0.9826275194644546,0.9486994083509195,0.9249850167870173,0.9710950963496789,0.0005346664571035387,0.00041872933296094317
S1_b0.5_s3_lik0,S1,0.5,3,baseline_step_s3,baseline_step,3,True,0.9067233972841847,0.9704806921404963,0.9804046406338427,0.9695379400570885,0.9969510088446656,0.9650604369264484,0.9948607656163626,0.9825577869945912,0.9480446374736208,0.9257181759465609,0.9711908367712849,0.0021367982324088652,0.0007059374536324547
S1_b0.5_s3_lik0,S1,0.5,3,seen_baseline_wander_s1,seen_baseline_wander,1,False,0.9087941217014258,0.9711970375464176,0.9820316921335598,0.971044441801459,0.9969855583195135,0.9656896315573209,0.996294568822554,0.9827518251716025,0.9494907861018993,0.9249850167870173,0.9714998172228315,6.607381516776645e-05,-1.0407952288904454e-05
S1_b0.5_s3_lik0,S1,0.5,3,seen_baseline_wander_s2,seen_baseline_wander,2,False,0.9088374647705165,0.9713059717937179,0.9817937438905181,0.9714557564224547,0.9970028330569375,0.9666056019723326,0.996251381978994,0.9827609207111498,0.9495520236659633,0.9250470831708939,0.9712844012742179,2.2730746077059827e-05,-0.00011934219958920078
S1_b0.5_s3_lik0,S1,0.5,3,seen_baseline_wander_s3,seen_baseline_wander,3,False,0.908511222537062,0.9712532179807112,0.9817230025209653,0.972516254360926,0.9970287451630735,0.9651289206957951,0.996156370923162,0.9829943728928667,0.9500890299969853,0.9248104550823641,0.9708318101902623,0.0003489729795316254,-6.65883865824668e-05
S1_b0.5_s3_lik0,S1,0.5,3,seen_emg_bursts_s1,seen_emg_bursts,1,False,0.9089427743442554,0.9711255481026403,0.9819384421464218,0.970677727561053,0.9969855583195135,0.9655184221339543,0.9962945688225538,0.9828882582648135,0.9494813649381972,0.9251634576406629,0.9711821330965934,-8.257882766182778e-05,6.10814914884239e-05
S1_b0.5_s3_lik0,S1,0.5,3,seen_emg_bursts_s2,seen_emg_bursts,2,False,0.9088346803825899,0.97123173733964,0.9825783299891958,0.9697113859816048,0.9970373825317855,0.9654071360087659,0.9963204809286899,0.982942831502098,0.9503598884534218,0.925469910411054,0.9712582902501435,2.5515134003728512e-05,-4.510774551125252e-05
S1_b0.5_s3_lik0,S1,0.5,3,seen_emg_bursts_s3,seen_emg_bursts,3,False,0.9075549790761954,0.9710018009638574,0.9827873385810567,0.9696667856010148,0.9970114704256495,0.9648036227913985,0.9964414040906578,0.9831399015256251,0.9500584112149532,0.9248259716783332,0.9702813027660278,0.0013052164403981603,0.00018482863027136087
S1_b0.5_s3_lik0,S1,0.5,3,seen_lead_scaling_s1,seen_lead_scaling,1,False,0.9082084069735405,0.9709244758403739,0.9815943818490508,0.9704249920710435,0.9968646351575456,0.9659421654567867,0.9964673161967937,0.9820757233985787,0.9480022422369612,0.9249985938084901,0.9719502323881143,0.0006517885430530335,0.0002621537537548235
S1_b0.5_s3_lik0,S1,0.5,3,seen_lead_scaling_s2,seen_lead_scaling,2,False,0.9101086321539714,0.9704652787171888,0.9825172351700365,0.9703060577228036,0.9969337341072415,0.9650732776332008,0.9959317993366501,0.9824637997526013,0.9453336976183297,0.9245175793334458,0.971110327780389,-0.0012484366373778366,0.0007213508769399191
S1_b0.5_s3_lik0,S1,0.5,3,seen_lead_scaling_s3,seen_lead_scaling,3,False,0.9063253100237871,0.9683301234226543,0.9829256058033647,0.9709354186489059,0.9973051409618574,0.9637464046021093,0.9965796019900497,0.9791863736690194,0.9375518164003618,0.9202020260795186,0.9665387226487023,0.002534885492806449,0.002856506171474371
S1_b0.5_s4_lik0,S1,0.5,4,clean,clean,0,False,0.9038424973318081,0.9736917955001808,0.9842246745897001,0.974166468442753,0.9971755804311775,0.9736765511573757,0.9978838446655611,0.9833824492468894,0.9499170937594211,0.9304837104835941,0.9723157867251555,,
S1_b0.5_s4_lik0,S1,0.5,4,lead_dropout_s1,lead_dropout,1,True,0.8928389607345036,0.9693287422761974,0.9854755106240675,0.9726401443070092,0.9968646351575456,0.9631899739761676,0.9973915146489774,0.9775491765504863,0.9384303399155864,0.922329739301792,0.970087646004143,0.011003536597304464,0.0043630532239834485
S1_b0.5_s4_lik0,S1,0.5,4,lead_dropout_s2,lead_dropout,2,True,0.8865659835748603,0.9616798021847577,0.9841667952873386,0.9657270853155725,0.9947571171918187,0.9452429461717574,0.9970114704256495,0.9673924907225496,0.9308816324992464,0.9027885262531107,0.967150155795777,0.01727651375694783,0.01201199331542313
S1_b0.5_s4_lik0,S1,0.5,4,lead_dropout_s3,lead_dropout,3,True,0.8670780253645043,0.9537845209792972,0.9788644080876678,0.9613711148112909,0.9957676893311221,0.9331769620599918,0.9965882393587617,0.9614015620073249,0.9033694791980706,0.8978969193738278,0.955624314585618,0.03676447196730381,0.01990727452088359
S1_b0.5_s4_lik0,S1,0.5,4,limb_reversal_s1,limb_reversal,1,True,0.8581673446745641,0.9565187615533343,0.9715748315069198,0.9614950047573739,0.9967782614704257,0.9678939528831666,0.982405679933665,0.9772672148245167,0.9179628617726862,0.8967060206331934,0.9365850261980608,0.04567515265724398,0.01717303394684655
S1_b0.5_s4_lik0,S1,0.5,4,limb_reversal_s2,limb_reversal,2,True,0.8327408628987926,0.9413249221894466,0.9560760405412357,0.9452257770377419,0.9964241293532339,0.9505504382961237,0.9637403261470425,0.9696481845303063,0.8914587729876395,0.8822949821268211,0.9165056486848747,0.07110163443301554,0.03236687331073418
S1_b0.5_s4_lik0,S1,0.5,4,limb_reversal_s3,limb_reversal,3,True,0.7825478300125593,0.9061847604554178,0.9254707516592067,0.894634078655249,0.9956122166943062,0.9138859402821531,0.8860385572139303,0.9488466855853889,0.8113835921012964,0.8656767078438333,0.9141143140633975,0.12129466731924876,0.06750703504476296
S1_b0.5_s4_lik0,S1,0.5,4,baseline_step_s1,baseline_step,1,True,0.9027728528787898,0.9736924088313486,0.9838195194731698,0.9733091500158579,0.9972014925373135,0.9731500821805232,0.997866569928137,0.9831702199907832,0.9496250376846549,0.9321536841247766,0.9729359235469215,0.0010696444530182703,-6.133311677425368e-07
S1_b0.5_s4_lik0,S1,0.5,4,baseline_step_s2,baseline_step,2,True,0.903671343709401,0.9734239802577958,0.9840831918505942,0.9743547811607992,0.9971410309563294,0.9724566840158883,0.9977801962410171,0.9833005893909625,0.9486782107325896,0.9308076194244507,0.9722135185475308,0.0001711536224070498,0.00026781524238506105
S1_b0.5_s4_lik0,S1,0.5,4,baseline_step_s3,baseline_step,3,True,0.9008935540727879,0.9734478652124243,0.9828098471986417,0.9731456152870283,0.9970978441127695,0.9737535953978906,0.9977542841348811,0.9834430861772053,0.9477973319264397,0.932526082428037,0.9727031002489251,0.002948943259020176,0.00024393028775648862
S1_b0.5_s4_lik0,S1,0.5,4,seen_baseline_wander_s1,seen_baseline_wander,1,False,0.9037608271644533,0.9736986976493635,0.9842407521736893,0.9741615128449097,0.9971755804311775,0.9737578756334749,0.9978838446655611,0.9833854810934052,0.9498558561953573,0.9306834866566973,0.9721438891499992,8.167016735483035e-05,-6.902149182641537e-06
S1_b0.5_s4_lik0,S1,0.5,4,seen_baseline_wander_s2,seen_baseline_wander,2,False,0.9038898859783452,0.9738619486239064,0.9841507177033493,0.9744984934982557,0.9972014925373135,0.9748536159430214,0.9978665699281372,0.9833794174003736,0.9497663551401869,0.9309492083626695,0.9720916671018505,-4.738864653708319e-05,-0.00017015312372559155
S1_b0.5_s4_lik0,S1,0.5,4,seen_baseline_wander_s3,seen_baseline_wander,3,False,0.9027687077901173,0.9736626185222129,0.9838934763595205,0.9741317792578497,0.9971842177998895,0.9737065128064648,0.997892482034273,0.9835279778796479,0.9500419241784747,0.9307959819774738,0.9717892144063225,0.001073789541690795,2.917697796789298e-05
S1_b0.5_s4_lik0,S1,0.5,4,seen_emg_bursts_s1,seen_emg_bursts,1,False,0.9036836082056899,0.9736642792819593,0.9842278901064978,0.9738889549635268,0.9971583056937535,0.9739205245856732,0.9978233830845771,0.9833400033956682,0.9497781315948146,0.9305690517614247,0.9722722683516981,0.00015888912611816686,2.751621822150163e-05
S1_b0.5_s4_lik0,S1,0.5,4,seen_emg_bursts_s2,seen_emg_bursts,2,False,0.9034228274658068,0.9737661751431776,0.984591243504656,0.9729275689819219,0.9971151188501935,0.9731886043007807,0.9978492951907132,0.9836431880472483,0.9500136606873681,0.9324969888105947,0.9720699079151218,0.0004196698660012821,-7.437964299683575e-05
S1_b0.5_s4_lik0,S1,0.5,4,seen_emg_bursts_s3,seen_emg_bursts,3,False,0.9012923947196528,0.9737211844313379,0.9845526573030817,0.9730068585474152,0.9972360420121614,0.9738734419942473,0.9979529436152571,0.9835492008052584,0.9502115051251132,0.9310946764498802,0.9720133340296273,0.0025501026121552695,-2.938893115711494e-05
S1_b0.5_s4_lik0,S1,0.5,4,seen_lead_scaling_s1,seen_lead_scaling,1,False,0.9037323367258294,0.9733819005484293,0.9838452436075525,0.9738740881699968,0.9971237562189055,0.9741174154225448,0.997987493090105,0.9827821436367605,0.9480681903828762,0.9300705811159149,0.9725681932912076,0.00011016060597868194,0.0003098949517514882
S1_b0.5_s4_lik0,S1,0.5,4,seen_lead_scaling_s2,seen_lead_scaling,2,False,0.9045881513114892,0.9727599235851377,0.9841024849513813,0.9736411750713606,0.9972619541182974,0.9708515956718258,0.998047954671089,0.9832429843071625,0.9484803662948447,0.9283637555593054,0.9708470416209725,-0.0007456539796810713,0.0009318719150430699
S1_b0.5_s4_lik0,S1,0.5,4,seen_lead_scaling_s3,seen_lead_scaling,3,False,0.900424003995281,0.9706737052644994,0.984752019344549,0.9721743181097368,0.9972878662244334,0.9715877961923024,0.9976938225538972,0.9827336340925077,0.9342897384684956,0.9269013163892106,0.9686428360053616,0.0034184933365271064,0.0030180902356814476
S1_b1_s0_lik0,S1,1.0,0,clean,clean,0,False,0.9264528209744711,0.9774745784890145,0.9844047435303802,0.9812133285759593,0.9979183941404091,0.9776528900150664,0.9978320204532891,0.9881151616580562,0.9515728632800724,0.9413589046834906,0.9772029000644072,,
S1_b1_s0_lik0,S1,1.0,0,lead_dropout_s1,lead_dropout,1,True,0.9196212180004135,0.9722204341584502,0.9845494417862839,0.9809705042816366,0.9954221945826423,0.9598813518696069,0.9977197346600332,0.9832793664653521,0.9412825972264094,0.9325066866830756,0.9743720298710117,0.0068316029740576045,0.00525414433056437
S1_b1_s0_lik0,S1,1.0,0,lead_dropout_s2,lead_dropout,2,True,0.9118288055969935,0.9649856910256323,0.9847520193445491,0.9777840548683793,0.9930641929242675,0.9388097520887551,0.9975901741293532,0.9710549613136384,0.9292070206511909,0.9189354839335346,0.9736735599770223,0.014624015377477595,0.012488887463382281
S1_b1_s0_lik0,S1,1.0,0,lead_dropout_s3,lead_dropout,3,True,0.9029363085290142,0.9600942738223325,0.9813757267067963,0.9750138756739614,0.9916649391929243,0.9285500273935078,0.9958972498618021,0.9750994445657183,0.9125668902622852,0.9144026983360392,0.9662776124079587,0.02351651244545694,0.017380304666682056
S1_b1_s0_lik0,S1,1.0,0,limb_reversal_s1,limb_reversal,1,True,0.8891015216188022,0.9646267745865984,0.9782470288624788,0.973755153821757,0.9976938225538972,0.966665525270511,0.9966314262023217,0.9858564360037837,0.9414451123002714,0.8823298944677517,0.9590165717966126,0.03735129935566894,0.012847803902416133
S1_b1_s0_lik0,S1,1.0,0,limb_reversal_s2,limb_reversal,2,True,0.8683370077681014,0.9521873126249631,0.9740732880588568,0.9637696241674596,0.9975728993919293,0.9493434118613888,0.9880199695964622,0.9823061437337796,0.9284745251733493,0.8415096096218411,0.9446163420196008,0.058115813206369715,0.02528726586405139
S1_b1_s0_lik0,S1,1.0,0,limb_reversal_s3,limb_reversal,3,True,0.8189393067567888,0.9294060190724941,0.9721439779801411,0.9430155803996194,0.9968041735765617,0.916347075743049,0.9791666666666667,0.9755178393848989,0.8869860755200483,0.7722551626624151,0.9224176197190456,0.1075135142176823,0.04806855941652044
S1_b1_s0_lik0,S1,1.0,0,baseline_step_s1,baseline_step,1,True,0.9266587271036723,0.9773936543349381,0.9838163039563718,0.98087139232477,0.9978752072968491,0.9771007396247089,0.9978492951907131,0.9881424482766984,0.9514032823334339,0.9420746076725688,0.9774096123383291,-0.00020590612920112772,8.092415407645603e-05
S1_b1_s0_lik0,S1,1.0,0,baseline_step_s2,baseline_step,2,True,0.9251589669520708,0.9772382586720809,0.9839674332458712,0.9816692435775451,0.9978233830845771,0.976843925489659,0.9977542841348812,0.9882515947512672,0.9510617651492312,0.9407634553131734,0.9770092433025224,0.0012938540224003425,0.0002363198169336167
S1_b1_s0_lik0,S1,1.0,0,baseline_step_s3,baseline_step,3,True,0.9232630446722282,0.9770262100518945,0.9824497093172815,0.9809556374881065,0.9977801962410171,0.9779225448568689,0.9976247236042012,0.9880060151834874,0.9505388905637624,0.9407770323346463,0.9771811408776785,0.0031897763022429304,0.00044836843712003915
S1_b1_s0_lik0,S1,1.0,0,seen_baseline_wander_s1,seen_baseline_wander,1,False,0.9262922073350873,0.9774359175920024,0.984433683181561,0.981069616238503,0.997909756771697,0.9776999726064923,0.9978320204532891,0.9881363845836668,0.9515657974072957,0.9410970621265108,0.9771789649590057,0.0001606136393837998,3.8660897012099404e-05
S1_b1_s0_lik0,S1,1.0,0,seen_baseline_wander_s2,seen_baseline_wander,2,False,0.9260477806469017,0.977391084419113,0.9842632607912744,0.9811489058039962,0.997892482034273,0.9777299342555814,0.9978147457158651,0.9880939387324456,0.9515304680434128,0.9408953463789114,0.9771506780162585,0.0004050403275693837,8.349406990149078e-05
S1_b1_s0_lik0,S1,1.0,0,seen_baseline_wander_s3,seen_baseline_wander,3,False,0.9257363025930598,0.9775001483799196,0.9840864073673921,0.9813273073263559,0.9979443062465451,0.9782778044103546,0.9977715588723052,0.9882667539838463,0.9518154582454024,0.9409981438272071,0.977013595139868,0.0007165183814112908,-2.5569890905075e-05
S1_b1_s0_lik0,S1,1.0,0,seen_emg_bursts_s1,seen_emg_bursts,1,False,0.9264179591645696,0.9774240428310077,0.984362941812008,0.9812678401522359,0.9978838446655611,0.9773575537597589,0.997840657822001,0.9880969705789614,0.9516246796804341,0.9411746451063565,0.977207251901753,3.486180990153187e-05,5.0535658006833906e-05
S1_b1_s0_lik0,S1,1.0,0,seen_emg_bursts_s2,seen_emg_bursts,2,False,0.9256763710575764,0.9773838752914575,0.9843886659463909,0.9804055661274976,0.997866569928137,0.9770108546774414,0.9978320204532891,0.9884516966213103,0.9517542206813386,0.9412638655331793,0.9774814176545337,0.0007764499168947392,9.070319755699607e-05
S1_b1_s0_lik0,S1,1.0,0,seen_emg_bursts_s3,seen_emg_bursts,3,False,0.9246956438132148,0.9775081344247045,0.985073571024335,0.9809110371075166,0.9979702183526811,0.9782521229968497,0.9979529436152571,0.9882303718256567,0.9522158577027434,0.9407498782917003,0.9762172089056,0.0017571771612563403,-3.355593568998838e-05
S1_b1_s0_lik0,S1,1.0,0,seen_lead_scaling_s1,seen_lead_scaling,1,False,0.9257621003061655,0.9770119184582661,0.9842439676904873,0.9803609657469078,0.9978233830845771,0.9773618339953432,0.9979097567716971,0.9877483082296441,0.9490103067530902,0.9413239923425599,0.9773247515100875,0.0006907206683056666,0.00046266003074846296
S1_b1_s0_lik0,S1,1.0,0,seen_lead_scaling_s2,seen_lead_scaling,2,False,0.9253213194424648,0.9769752912485503,0.9845687348870711,0.9821648033618776,0.997935668877833,0.9761633680317765,0.9976074488667773,0.9880333018021297,0.9492364146819415,0.940654839141389,0.9764130415861577,0.0011315015320063626,0.000499287240464219
S1_b1_s0_lik0,S1,1.0,0,seen_lead_scaling_s3,seen_lead_scaling,3,False,0.9228217265690722,0.9748957516203534,0.9854272778720996,0.9786413732952743,0.998073866777225,0.9781194356937405,0.9976679104477612,0.9860383467947318,0.9394713785046729,0.9366244033383957,0.973997771859279,0.0036310944053988825,0.002578826868661177
S1_b1_s1_lik0,S1,1.0,1,clean,clean,0,False,0.9260878306308046,0.9766161000260625,0.9837552091372126,0.9784282825880114,0.9975642620232172,0.9752174359676756,0.9985230099502487,0.9863566906788911,0.9555886343081099,0.9374002331368544,0.9767111424443401,,
S1_b1_s1_lik0,S1,1.0,1,lead_dropout_s1,lead_dropout,1,True,0.9175076862503572,0.9723707881835971,0.9833693471214694,0.9795086029178559,0.9973310530679934,0.9628518353650185,0.9984539110005528,0.9807022969269203,0.9436755728067531,0.9310985555988727,0.9743459188469371,0.008580144380447408,0.004245311842465349
S1_b1_s1_lik0,S1,1.0,1,lead_dropout_s2,lead_dropout,2,True,0.911119899065559,0.963628869131202,0.9821088645367083,0.9762825087218523,0.9947916666666667,0.93462368168744,0.9985661967938086,0.9669831914429163,0.93083217138981,0.9146587221695304,0.9738128187720856,0.014967931565245562,0.012987230894860424
S1_b1_s1_lik0,S1,1.0,1,lead_dropout_s3,lead_dropout,3,True,0.9050935880463167,0.9573359089243034,0.979751890723877,0.9730217253409452,0.9938933803206191,0.9174128544035064,0.9976074488667772,0.9705547066385312,0.9091705607476637,0.9071079586560301,0.9675026546207809,0.0209942425844879,0.019280191101759048
S1_b1_s1_lik0,S1,1.0,1,limb_reversal_s1,limb_reversal,1,True,0.8843462061943568,0.9633916723067492,0.9788065287853064,0.965598239771646,0.9973137783305693,0.9519500753321463,0.9923472913211719,0.9806719784617624,0.9396032747965029,0.8999276538712937,0.9643062300903442,0.0417416244364478,0.013224427719313314
S1_b1_s1_lik0,S1,1.0,1,limb_reversal_s2,limb_reversal,2,True,0.8603284546997759,0.949738156182818,0.9759382878016155,0.9484221376466857,0.9972274046434494,0.9180163676208739,0.980669568822554,0.9751055082587501,0.9183255765752185,0.8769281794959821,0.9570103747802322,0.06575937593102865,0.02687794384324449
S1_b1_s1_lik0,S1,1.0,1,limb_reversal_s3,limb_reversal,3,True,0.8074030894371388,0.9154866271256642,0.9728353140916808,0.9072956311449414,0.994204325594251,0.8592102109300095,0.9289662797125484,0.959897766135487,0.8457849713596624,0.8273390783529909,0.943846066809407,0.11868474119366579,0.061129472900398274
S1_b1_s1_lik0,S1,1.0,1,baseline_step_s1,baseline_step,1,True,0.9252092873444537,0.9766554621728178,0.9837584246540103,0.9786711068823343,0.9975815367606413,0.9746182029858923,0.9985143725815367,0.9864203594557229,0.9555815684353332,0.9377726314401146,0.9769809563597751,0.0008785432863508413,-3.936214675537286e-05
S1_b1_s1_lik0,S1,1.0,1,baseline_step_s2,baseline_step,2,True,0.9267316201861758,0.976459600665128,0.9844754848999331,0.9788148192197907,0.9975642620232172,0.9737835570469798,0.9983502625760089,0.9861232384971743,0.9548702705758214,0.9373498041999546,0.9768047069472732,-0.0006437895553712547,0.00015649936093442562
S1_b1_s1_lik0,S1,1.0,1,baseline_step_s3,baseline_step,3,True,0.9235355147851374,0.9760765399601196,0.9816490456346143,0.978299437044085,0.9974865257048093,0.9748493357074374,0.9984366362631287,0.9862748308229644,0.9533393314742237,0.9375185471811194,0.9768351698086932,0.0025523158456671746,0.0005395600659429123
S1_b1_s1_lik0,S1,1.0,1,seen_baseline_wander_s1,seen_baseline_wander,1,False,0.9260598405080408,0.9766008110551431,0.9837359160364253,0.9782895258483983,0.9975642620232172,0.9752816395014381,0.9985143725815367,0.9863324359067647,0.9556051213445885,0.9373032544120471,0.9767807718418717,2.799012276377688e-05,1.5288970919402622e-05
S1_b1_s1_lik0,S1,1.0,1,seen_baseline_wander_s2,seen_baseline_wander,2,False,0.9257669064174784,0.976576989516244,0.983536553994958,0.9781904138915318,0.9975815367606413,0.9750291056019723,0.9985057352128247,0.9862596715903855,0.9555556602351524,0.9375728552670116,0.9769613730917193,0.00032092421332619026,3.911050981841857e-05
S1_b1_s1_lik0,S1,1.0,1,seen_baseline_wander_s3,seen_baseline_wander,3,False,0.9253290851767069,0.9766465915085278,0.9831506919792149,0.9788247304154772,0.9976160862354893,0.9749135392411998,0.9985230099502488,0.9866447160978923,0.9557158200180885,0.937565096969027,0.9768656326701134,0.000758745454097709,-3.0491482465366815e-05
S1_b1_s1_lik0,S1,1.0,1,seen_emg_bursts_s1,seen_emg_bursts,1,False,0.9263876392960178,0.976682873104801,0.9841507177033493,0.9786066841103711,0.9975469872857933,0.9748022531160115,0.9985230099502488,0.9864355186883018,0.9553413287609285,0.9378715497394181,0.9768678085887863,-0.00029980866521317484,-6.677307873848015e-05
S1_b1_s1_lik0,S1,1.0,1,seen_emg_bursts_s2,seen_emg_bursts,2,False,0.9261943838637811,0.9764987580961316,0.9837423470700211,0.9771794719314939,0.9975556246545053,0.9744555540336941,0.9985316473189607,0.9868902956656722,0.9554237639433222,0.93779008761058,0.976920030636935,-0.00010655323297648067,0.00011734192993084758
S1_b1_s1_lik0,S1,1.0,1,seen_emg_bursts_s3,seen_emg_bursts,3,False,0.925368876834191,0.9763170053556729,0.9833757781550652,0.9775015857913099,0.9975297125483693,0.9736679906862074,0.9985402846876728,0.9867781173445875,0.9554873567983116,0.937524365904608,0.9764478562849236,0.0007189537966135751,0.00029909467038957693
S1_b1_s1_lik0,S1,1.0,1,seen_lead_scaling_s1,seen_lead_scaling,1,False,0.9263022008047941,0.9760679391826333,0.9835043988269795,0.9776651205201397,0.9974778883360973,0.9739162443500889,0.9985489220563847,0.9854046908729293,0.9541519068435332,0.937537942926081,0.9764043379114662,-0.00021437017398950875,0.0005481608434291241
S1_b1_s1_lik0,S1,1.0,1,seen_lead_scaling_s2,seen_lead_scaling,2,False,0.9268378283870123,0.9760052741385911,0.9838066574059783,0.9787702188392009,0.9974606135986733,0.9733041706615533,0.9985057352128247,0.986250576050838,0.9513891505878806,0.9381799420843056,0.9763804028060649,-0.0007499977562077653,0.0006108258874714112
S1_b1_s1_lik0,S1,1.0,1,seen_lead_scaling_s3,seen_lead_scaling,3,False,0.9234075553344194,0.9741023591494735,0.9854658640736739,0.9779277672058357,0.9977024599226091,0.9751318312559925,0.9986352957435047,0.9839827548570181,0.9406584451311426,0.9339477905337127,0.9734690236217731,0.0026802752963851484,0.0025137408765889546
S1_b1_s2_lik0,S1,1.0,2,clean,clean,0,False,0.9226768254409158,0.9756916475096735,0.9856652261151412,0.9791220662860768,0.9974519762299613,0.9750590672510615,0.9985057352128247,0.9881394164301827,0.9507697090744649,0.9323049709354762,0.9742066600518738,,
S1_b1_s2_lik0,S1,1.0,2,lead_dropout_s1,lead_dropout,1,True,0.9160338956777757,0.971025716062144,0.9861250450172352,0.9789287979701871,0.9966055140961857,0.9582719832899603,0.9981688778330569,0.9827821436367605,0.9390332943925233,0.9281271274707755,0.9711886608526121,0.006642929763140071,0.00466593144752947
S1_b1_s2_lik0,S1,1.0,2,lead_dropout_s2,lead_dropout,2,True,0.9116315422616362,0.9623004790694828,0.9837873643051911,0.9759058832857596,0.9953099087893864,0.927783865223942,0.998004767827529,0.9710276746949962,0.9266185559240278,0.9113692038240652,0.9708970877504483,0.011045283179279552,0.013391168440190726
S1_b1_s2_lik0,S1,1.0,2,lead_dropout_s3,lead_dropout,3,True,0.903515323342298,0.9579266905183393,0.9816458301178165,0.9743052251823661,0.9954221945826424,0.9225405766333379,0.9966918877833056,0.9690448470736618,0.9039959865842631,0.9116097110615874,0.9660839556460739,0.019161502098617778,0.01776495699133418
S1_b1_s2_lik0,S1,1.0,2,limb_reversal_s1,limb_reversal,1,True,0.8910927178818743,0.9631344964071469,0.9802310027267582,0.9720702505550269,0.9967437119955777,0.9544968155047253,0.9932542150359314,0.9838493536103228,0.9375683034368406,0.8832317966084599,0.9667650181906802,0.03158410755904151,0.012557151102526642
S1_b1_s2_lik0,S1,1.0,2,limb_reversal_s2,limb_reversal,2,True,0.8717147342432858,0.949998748276053,0.9756681843905953,0.9613166032350142,0.9958627003869541,0.9248390631420352,0.9810582504145937,0.9772035460476849,0.9172280110039193,0.8552282200330892,0.9615841558305916,0.050962091197629955,0.025692899233620503
S1_b1_s2_lik0,S1,1.0,2,limb_reversal_s3,limb_reversal,3,True,0.8274071981392626,0.9225383893328676,0.967786952719041,0.9341847050428164,0.9931764787175236,0.8574681550472538,0.9486508430071863,0.9629387081908365,0.8492331172746457,0.8340868580250864,0.9553196859714171,0.09526962730165323,0.05315325817680594
S1_b1_s2_lik0,S1,1.0,2,baseline_step_s1,baseline_step,1,True,0.9226679684868164,0.9756153701071728,0.985462648556876,0.979384712971773,0.9974260641238254,0.9741944596630598,0.9984798231066887,0.9882303718256567,0.950096095869762,0.9327006441326903,0.9745635107142235,8.856954099356606e-06,7.627740250071291e-05
S1_b1_s2_lik0,S1,1.0,2,baseline_step_s2,baseline_step,2,True,0.9223554286983222,0.9753876805458135,0.9849578124196121,0.9795680700919759,0.9974865257048093,0.9740874537734557,0.9984452736318408,0.9882728176768779,0.9500984511606874,0.9317424943315935,0.9738302261214685,0.00032139674259357154,0.0003039669638600362
S1_b1_s2_lik0,S1,1.0,2,baseline_step_s3,baseline_step,3,True,0.9192362971899806,0.9755653747876936,0.9843050625096466,0.9788891531874406,0.9974778883360973,0.9770793384467881,0.9984452736318409,0.9877543719226758,0.94916340066325,0.9329935198816083,0.9739803645098961,0.0034405282509352153,0.00012627272197995865
S1_b1_s2_lik0,S1,1.0,2,seen_baseline_wander_s1,seen_baseline_wander,1,False,0.9226550012846645,0.975650924328098,0.9855655450944075,0.9791964002537267,0.9974606135986733,0.9749820230105465,0.9985489220563847,0.9881576075092775,0.9506731421465179,0.9321653215717535,0.9741087437115951,2.1824156251293303e-05,4.072318157555266e-05
S1_b1_s2_lik0,S1,1.0,2,seen_baseline_wander_s2,seen_baseline_wander,2,False,0.9224312373323467,0.9756569576592019,0.9853822606369296,0.9789188867745005,0.9974433388612494,0.9755726955211614,0.9985316473189607,0.9882515947512672,0.950673142146518,0.9320411888040002,0.9740978641182306,0.00024558810856911695,3.4689850471614214e-05
S1_b1_s2_lik0,S1,1.0,2,seen_baseline_wander_s3,seen_baseline_wander,3,False,0.9225653210936127,0.9758690066080384,0.9855173123424397,0.980504678084364,0.9974260641238253,0.9754143268045474,0.9985489220563847,0.9883001042955202,0.9507108268013266,0.9324271641287335,0.9739716608352047,0.0001115043473031152,-0.00017735909836491537
S1_b1_s2_lik0,S1,1.0,2,seen_emg_bursts_s1,seen_emg_bursts,1,False,0.923034871473785,0.9757454852221552,0.98592246745897,0.979017998731367,0.9974260641238254,0.9750333858375564,0.9985057352128247,0.9881606393557932,0.9509063159481458,0.9324931096616024,0.9742436506693126,-0.0003580460328692636,-5.3837712481685784e-05
S1_b1_s2_lik0,S1,1.0,2,seen_emg_bursts_s2,seen_emg_bursts,2,False,0.9225694357154116,0.9756955957985739,0.9852182692802387,0.9784580161750713,0.9974433388612494,0.9756197781125873,0.9985316473189607,0.98839409153751,0.9506849186011457,0.932908178603778,0.9740021236966248,0.00010738972550417003,-3.94828890037946e-06
S1_b1_s2_lik0,S1,1.0,2,seen_emg_bursts_s3,seen_emg_bursts,3,False,0.9224489768879235,0.9756262597461242,0.9855816226783969,0.9791666666666667,0.9974174267551134,0.9754100465689632,0.9984539110005528,0.9882940406024885,0.9512007273138379,0.9322564815730726,0.9728554145560255,0.00022784855299229356,6.538776354936271e-05
S1_b1_s2_lik0,S1,1.0,2,seen_lead_scaling_s1,seen_lead_scaling,1,False,0.922847820965652,0.9750336141942729,0.9854465709728868,0.9777543212813193,0.9974260641238253,0.974173058485139,0.9985575594250967,0.9872904994057581,0.9480469927645464,0.9322506628495841,0.9743567984403015,-0.00017099552473620605,0.0006580333154005968
S1_b1_s2_lik0,S1,1.0,2,seen_lead_scaling_s2,seen_lead_scaling,2,False,0.9231715604525134,0.9752174141578573,0.9856137778463755,0.9801726530288615,0.9972705914870094,0.9740275304752773,0.9985575594250967,0.9884789832399525,0.9465254748266506,0.9327084024306749,0.9736017546608179,-0.0004947350115975802,0.00047423335181617787
S1_b1_s2_lik0,S1,1.0,2,seen_lead_scaling_s3,seen_lead_scaling,3,False,0.9209022684772094,0.9727854463827552,0.9859835622781294,0.9773876070409133,0.9976765478164732,0.9738991234077523,0.9986093836373687,0.9856442067476776,0.9376389621646066,0.9275588321434043,0.9706707922084705,0.0017745569637064307,0.0029062011269183063
S1_b1_s3_lik0,S1,1.0,3,clean,clean,0,False,0.925828832648626,0.9758409585975019,0.9852472089314194,0.9816741991753886,0.9975728993919292,0.9794719901383372,0.9982379767827528,0.9852682577797182,0.9485557356044618,0.9319442100791927,0.9745961494943164,,
S1_b1_s3_lik0,S1,1.0,3,lead_dropout_s1,lead_dropout,1,True,0.9169239775486546,0.9709293679987488,0.9851378813602922,0.9825612511893435,0.9973483278054174,0.9611525818381044,0.998168877833057,0.9804536855126246,0.9377543714199579,0.9247270533790297,0.9710602816509131,0.00890485509997141,0.004911590598753013
S1_b1_s3_lik0,S1,1.0,3,lead_dropout_s2,lead_dropout,2,True,0.9103732990887727,0.9635762231823952,0.9847745279621339,0.9806781240088804,0.9955603924820343,0.9373116696342967,0.998022042564953,0.9662858667442819,0.9306366822429907,0.9081262352665072,0.970790467735478,0.015455533559853296,0.012264735415106642
S1_b1_s3_lik0,S1,1.0,3,lead_dropout_s3,lead_dropout,3,True,0.9034668679323332,0.957252775315173,0.9828130627154397,0.9751080320329845,0.9946102819237147,0.9189109368579647,0.9965191404090658,0.9700878022750976,0.9090951914380464,0.9037524947776957,0.9643780354065487,0.022361964716292815,0.018588183282328807
S1_b1_s3_lik0,S1,1.0,3,limb_reversal_s1,limb_reversal,1,True,0.8847086737983926,0.9593553945352034,0.980993080207851,0.975008920076118,0.9967350746268657,0.9656468292014792,0.9837358347153123,0.9791105775061243,0.9317789983418753,0.8655583937995682,0.9556308423416366,0.04112015885023346,0.016485564062298508
S1_b1_s3_lik0,S1,1.0,3,limb_reversal_s2,limb_reversal,2,True,0.8569853883895427,0.942759381318927,0.9721632710809281,0.9627438154138916,0.9948175787728026,0.9424179906862074,0.9670052515201768,0.9742353683087148,0.9181347980102502,0.8077513155164021,0.9455650425609693,0.06884344425908329,0.03308157727857486
S1_b1_s3_lik0,S1,1.0,3,limb_reversal_s3,limb_reversal,3,True,0.7899394571252406,0.9042172016069707,0.9556001440551525,0.9396655962575325,0.9880890685461581,0.8989393576222434,0.8777121337755666,0.9560503529069345,0.8679788777509798,0.7237619211097469,0.9301573624384216,0.13588937552338543,0.07162375699053114
S1_b1_s3_lik0,S1,1.0,3,baseline_step_s1,baseline_step,1,True,0.9257050411972058,0.9758749589689223,0.9850156917219736,0.9813570409134158,0.9975556246545052,0.9790782084645938,0.998177515201769,0.9854713914962768,0.9487229612601749,0.932421345405245,0.9750748516023465,0.00012379145142027426,-3.4000371420428444e-05
S1_b1_s3_lik0,S1,1.0,3,baseline_step_s2,baseline_step,2,True,0.9252720199338295,0.9757225441845223,0.9848709934660698,0.9814313748810657,0.9975901741293531,0.9787785919737022,0.9981688778330569,0.9854350093380873,0.9491115842628881,0.9319422705046966,0.9741740212717811,0.0005568127147965729,0.00011841441297955058
S1_b1_s3_lik0,S1,1.0,3,baseline_step_s3,baseline_step,3,True,0.9235450833734292,0.9755657184827125,0.9840735453002006,0.9811142166190929,0.9975728993919293,0.9807731817559238,0.9979529436152571,0.9840706784059763,0.9471001658124812,0.9327724083890476,0.9746614270545024,0.0022837492751968114,0.00027524011478941013
S1_b1_s3_lik0,S1,1.0,3,seen_baseline_wander_s1,seen_baseline_wander,1,False,0.9257790658177456,0.9758156104203439,0.9850832175747287,0.9816196875991119,0.9975901741293531,0.9797116833310506,0.9982120646766168,0.9852258119284969,0.9486523025324088,0.9317386151826011,0.974506936828729,4.976683088042666e-05,2.534817715793558e-05
S1_b1_s3_lik0,S1,1.0,3,seen_baseline_wander_s2,seen_baseline_wander,2,False,0.925829382942368,0.9759578862165519,0.9851571744610794,0.9817138439581352,0.9976333609729132,0.9805035269141213,0.9982120646766168,0.9854622959567295,0.9486782107325897,0.931723098586632,0.9745373996901492,-5.502937420187592e-07,-0.00011692761905002236
S1_b1_s3_lik0,S1,1.0,3,seen_baseline_wander_s3,seen_baseline_wander,3,False,0.925685150098806,0.9758685785109092,0.9849803210371971,0.981312440532826,0.9976765478164732,0.9803494384330914,0.9981947899391929,0.9854289456450557,0.9485745779318662,0.9318084398644625,0.9744917053980189,0.00014368254982000117,-2.761991340738401e-05
S1_b1_s3_lik0,S1,1.0,3,seen_emg_bursts_s1,seen_emg_bursts,1,False,0.9259259913730155,0.9757639945823517,0.9853886916705252,0.981604820805582,0.9975556246545052,0.9791252910560198,0.9981947899391929,0.9852045890028864,0.9485769332227917,0.9317269777356243,0.9744982331540376,-9.715872438942341e-05,7.696401515011608e-05
S1_b1_s3_lik0,S1,1.0,3,seen_emg_bursts_s2,seen_emg_bursts,2,False,0.9253633559370638,0.9756589220181652,0.9850574934403458,0.9810349270535997,0.9975383499170812,0.9790182851664155,0.9982207020453289,0.9856047927429721,0.9491257160084414,0.9308949002767773,0.9744351315125247,0.00046547671156227377,0.00018203657933668627
S1_b1_s3_lik0,S1,1.0,3,seen_emg_bursts_s3,seen_emg_bursts,3,False,0.9247940787821395,0.9758073585488094,0.9844658383495395,0.9818625118934349,0.9975556246545053,0.9796731612107931,0.9982207020453289,0.9857897353804361,0.9495049178474526,0.9317812858215164,0.9734124497362786,0.0010347538664865485,3.360004869246147e-05
S1_b1_s3_lik0,S1,1.0,3,seen_lead_scaling_s1,seen_lead_scaling,1,False,0.9252963982837431,0.9753213921174176,0.9851153727427072,0.9805443228671107,0.9975210751796574,0.9790867689357623,0.9982466141514649,0.9847892260302213,0.9463912232438951,0.9318258960349278,0.9743720298710115,0.0005324343648829277,0.0005195664800842215
S1_b1_s3_lik0,S1,1.0,3,seen_lead_scaling_s2,seen_lead_scaling,2,False,0.9256548967455166,0.9754005964570955,0.9850639244739414,0.981743577545195,0.9974606135986733,0.9794762703739214,0.9981947899391929,0.9856472385941933,0.9463441174253844,0.9308076194244507,0.9738672167389072,0.00017393590310943452,0.00044036214040632515
S1_b1_s3_lik0,S1,1.0,3,seen_lead_scaling_s3,seen_lead_scaling,3,False,0.9233852698433305,0.9735789439897814,0.984681277974996,0.9819071122740248,0.9978406578220012,0.9779653472127106,0.9983588999447208,0.984076742099008,0.9360302984624662,0.9295565938744359,0.9717935662436681,0.0024435628052955627,0.002262014607720464
S1_b1_s4_lik0,S1,1.0,4,clean,clean,0,False,0.9233665227250764,0.9763390271742226,0.985395122704121,0.9812678401522359,0.9979443062465451,0.9755427338720724,0.998004767827529,0.9862172257391641,0.9505106270726561,0.9358796067318751,0.9762890142218044,,
S1_b1_s4_lik0,S1,1.0,4,lead_dropout_s1,lead_dropout,1,True,0.9165376857516395,0.9721648909742151,0.9850928641251222,0.9811736837932128,0.9979183941404091,0.9602323311875086,0.9978579325594251,0.9822242838778529,0.9399989636719929,0.929704001536143,0.9752815638762685,0.006828836973436836,0.0041741362000075055
S1_b1_s4_lik0,S1,1.0,4,lead_dropout_s2,lead_dropout,2,True,0.9088584780980098,0.9640906488869394,0.983469028142203,0.9807425467808436,0.9952062603648425,0.9339174428160526,0.9983502625760088,0.967662325062456,0.9279516505878806,0.9147809153627877,0.9747354082893797,0.014508044627066563,0.012248378287283201
S1_b1_s4_lik0,S1,1.0,4,lead_dropout_s3,lead_dropout,3,True,0.9004998252026276,0.9570942979111314,0.9821796059062613,0.970647993973993,0.9958713377556662,0.928661313518696,0.9965277777777778,0.968320235756385,0.8986800949653302,0.9071157169540146,0.9658446045920587,0.022866697522448742,0.019244729263091176
S1_b1_s4_lik0,S1,1.0,4,limb_reversal_s1,limb_reversal,1,True,0.8847038870393134,0.960573739427567,0.9747614086535987,0.9722635188709166,0.9974001520176893,0.9610798178331734,0.9973483278054174,0.9800474180795071,0.931060634609587,0.8779367582339788,0.9532656187442338,0.038662635685763,0.015765287746655643
S1_b1_s4_lik0,S1,1.0,4,limb_reversal_s2,limb_reversal,2,True,0.8597667018075745,0.9467032302035885,0.9654975047589648,0.9652216143355534,0.996113184079602,0.9319784960964251,0.9963636677722499,0.9738927696524291,0.9098700821525475,0.840254704922834,0.9411370480616917,0.06359982091750183,0.02963579697063412
S1_b1_s4_lik0,S1,1.0,4,limb_reversal_s3,limb_reversal,3,True,0.8123242360188508,0.9218824390442223,0.9589024798065545,0.9516184982556296,0.9916735765616362,0.8780090056156691,0.9953790077390824,0.9563747604841253,0.8400592591196865,0.7943197621305839,0.9306056016850316,0.11104228670622551,0.054456588130000316
S1_b1_s4_lik0,S1,1.0,4,baseline_step_s1,baseline_step,1,True,0.9229260557765154,0.9761829108583259,0.9849867520707928,0.9810597050428164,0.9979183941404091,0.9749563415970415,0.9982120646766169,0.9860504741807952,0.9501220040699427,0.9357729301345871,0.9765675318119311,0.0004404669485609247,0.00015611631589673713
S1_b1_s4_lik0,S1,1.0,4,baseline_step_s2,baseline_step,2,True,0.9223749959411277,0.9758542769769394,0.9845301486854967,0.9808317475420235,0.9979011194029851,0.9738862827009999,0.9982034273079049,0.9862899900555434,0.9495308260476334,0.9353869548098538,0.9761279962400125,0.0009915267839486486,0.00048475019728322355
S1_b1_s4_lik0,S1,1.0,4,baseline_step_s3,baseline_step,3,True,0.920714563021147,0.9762472724165957,0.9832696661007357,0.9806384792261339,0.9977456467661692,0.978127996164909,0.9977110972913211,0.9860807926459532,0.9491963747362074,0.9370336535570827,0.976421745260849,0.0026519597039293963,9.17547576269051e-05
S1_b1_s4_lik0,S1,1.0,4,seen_baseline_wander_s1,seen_baseline_wander,1,False,0.9232896749233355,0.9763441393834871,0.9854497864896846,0.9812430621630193,0.9979183941404091,0.9757139432954389,0.998004767827529,0.9861171748041427,0.9504069942719325,0.935982404180171,0.9762607272790571,7.68478017408869e-05,-5.112209264468426e-06
S1_b1_s4_lik0,S1,1.0,4,seen_baseline_wander_s2,seen_baseline_wander,2,False,0.9232891156165834,0.9763312848759205,0.9854980192416525,0.9813322629241992,0.9980047678275291,0.9760606423777564,0.9980306799336649,0.9861202066506585,0.9501973733795599,0.9354703565131881,0.9762672550350757,7.740710849291066e-05,7.742298302138018e-06
S1_b1_s4_lik0,S1,1.0,4,seen_baseline_wander_s3,seen_baseline_wander,3,False,0.9228231378642477,0.9763773044706588,0.9850542779235479,0.9811439502061529,0.9979788557213931,0.9763260169839747,0.998099778883361,0.9861990346600693,0.9503457567078686,0.9361918782257548,0.976056190923808,0.0005433848608286107,-3.8277296436239894e-05
S1_b1_s4_lik0,S1,1.0,4,seen_emg_bursts_s1,seen_emg_bursts,1,False,0.9234026982731589,0.9762866027748438,0.985440139939291,0.981084483032033,0.9979183941404091,0.9756454595260923,0.998004767827529,0.9862414805112907,0.9504635212541453,0.9354878126836534,0.9762933660591502,-3.617554808255097e-05,5.2424399378803166e-05
S1_b1_s4_lik0,S1,1.0,4,seen_emg_bursts_s2,seen_emg_bursts,2,False,0.9230707987412374,0.9763428513209704,0.9860639501980758,0.9804154773231842,0.9979097567716971,0.9752944802081907,0.997961580983969,0.9865386014698392,0.9508615654205607,0.9359688271586979,0.976071422354518,0.00029572398383892473,-3.824146747821722e-06
S1_b1_s4_lik0,S1,1.0,4,seen_emg_bursts_s3,seen_emg_bursts,3,False,0.9226614046746113,0.9762428447193194,0.9852504244482173,0.9806731684110371,0.997961580983969,0.9757096630598548,0.9981343283582089,0.9864991874651337,0.9508898289116673,0.9353811360863653,0.9756862847494212,0.0007051180504650256,9.61824549031709e-05
S1_b1_s4_lik0,S1,1.0,4,seen_lead_scaling_s1,seen_lead_scaling,1,False,0.9235590711991064,0.9760149362572034,0.9850189072387714,0.9809705042816366,0.9977370093974572,0.9752388371455966,0.9982725262576009,0.9857109073710253,0.9488831210431113,0.9362442467371508,0.9760583668424808,-0.00019254847403005204,0.0003240909170192374
S1_b1_s4_lik0,S1,1.0,4,seen_lead_scaling_s2,seen_lead_scaling,2,False,0.9234435599178553,0.9760796567504529,0.9856137778463755,0.9809506818902632,0.998039317302377,0.975945076016984,0.9978492951907132,0.985898881855005,0.9480729009647272,0.9362015760982356,0.9761454035893954,-7.703719277896148e-05,0.000259370423769667
S1_b1_s4_lik0,S1,1.0,4,seen_lead_scaling_s3,seen_lead_scaling,3,False,0.9205100846436821,0.9745385535874552,0.986038226063693,0.9808069695528068,0.9981256909894969,0.9751532324339132,0.9984884604754009,0.9839039268476073,0.9404087842930359,0.9341436875578235,0.9737780040733197,0.0028564380813942414,0.0018004735867673816
